icd_code,disease_name,stat_code,pinyin_code,chapter
A00.101,2号病(爱尔托霍乱弧菌),007,HBAETHLHJ,第1章 某些传染病和寄生虫病 (A00-B99)
A00.901,霍乱,004,HL,第1章 某些传染病和寄生虫病 (A00-B99)
A01.001,伤寒,005,SH,第1章 某些传染病和寄生虫病 (A00-B99)
A01.002,伤寒杆菌性败血症,005,SHGJXBXZ,第1章 某些传染病和寄生虫病 (A00-B99)
A01.003+ G01.01*,伤寒性脑膜炎,005,SHXNMY,第1章 某些传染病和寄生虫病 (A00-B99)
A01.004,伤寒性肝炎,007,SHXGY,第1章 某些传染病和寄生虫病 (A00-B99)
A01.005,肠伤寒,007,CSH,第1章 某些传染病和寄生虫病 (A00-B99)
A01.006,鼠伤寒沙门氏感染(肠炎),007,SSHSMSGRCY,第1章 某些传染病和寄生虫病 (A00-B99)
A01.007,鼠伤寒,007,SSH,第1章 某些传染病和寄生虫病 (A00-B99)
A01.101,甲型副伤寒,005,JXFSH,第1章 某些传染病和寄生虫病 (A00-B99)
A01.201,乙型副伤寒,005,YXFSH,第1章 某些传染病和寄生虫病 (A00-B99)
A01.301,丙型副伤寒,005,BXFSH,第1章 某些传染病和寄生虫病 (A00-B99)
A01.401,副伤寒,005,FSH,第1章 某些传染病和寄生虫病 (A00-B99)
A01.402,伤寒性肝炎,005,SHXGY,第1章 某些传染病和寄生虫病 (A00-B99)
A02.001,B群沙门氏菌肠炎,003,QSMSJCY,第1章 某些传染病和寄生虫病 (A00-B99)
A02.002,C群沙门氏菌肠炎,003,QSMSJCY,第1章 某些传染病和寄生虫病 (A00-B99)
A02.003,阿哥拉沙门氏菌肠炎,003,AGLSMSJCY,第1章 某些传染病和寄生虫病 (A00-B99)
A02.004,沙门氏菌性肠炎,003,SMSJXCY,第1章 某些传染病和寄生虫病 (A00-B99)
A02.005,沙门氏菌伦敦血清型肠炎,003,SMSJLDXQXCY,第1章 某些传染病和寄生虫病 (A00-B99)
A02.006,沙门氏菌胃肠炎,003,SMSJWCY,第1章 某些传染病和寄生虫病 (A00-B99)
A02.008,婴儿沙门氏菌肠炎,003,YESMSJCY,第1章 某些传染病和寄生虫病 (A00-B99)
A02.101,沙门氏菌败血症,003,SMSJBXZ,第1章 某些传染病和寄生虫病 (A00-B99)
A02.102,沙门氏菌鼠伤寒伴有败血症,003,SMSJSSHBYBXZ,第1章 某些传染病和寄生虫病 (A00-B99)
A02.201+ J17.004*,沙门氏菌性肺炎,003,SMSJXFY,第1章 某些传染病和寄生虫病 (A00-B99)
A02.202+ M01.301*,沙门氏菌性关节炎,003,SMSJXGJY,第1章 某些传染病和寄生虫病 (A00-B99)
A02.203+ G01.03*,沙门氏菌性脑膜炎,003,SMSJXNMY,第1章 某些传染病和寄生虫病 (A00-B99)
A02.901,沙门氏菌感染,003,SMSJGR,第1章 某些传染病和寄生虫病 (A00-B99)
A02.902,鼠伤寒沙门氏菌感染,003,SSHSMSJGR,第1章 某些传染病和寄生虫病 (A00-B99)
A02.903,沙门氏菌属食物中毒,003,SMSJSSWZD,第1章 某些传染病和寄生虫病 (A00-B99)
A02.904,猪霍乱沙门氏菌感染,007,ZHLSMSJGR,第1章 某些传染病和寄生虫病 (A00-B99)
A03.001,什密氏志贺菌痢疾,006,SMSZHJLJ,第1章 某些传染病和寄生虫病 (A00-B99)
A03.101,弗氏志贺菌痢疾,006,FSZHJLJ,第1章 某些传染病和寄生虫病 (A00-B99)
A03.201,鲍氏志贺菌痢疾,006,BSZHJLJ,第1章 某些传染病和寄生虫病 (A00-B99)
A03.301,宋内氏志贺菌痢疾,006,SNSZHJLJ,第1章 某些传染病和寄生虫病 (A00-B99)
A03.801,不定型志贺菌痢疾,006,BDXZHJLJ,第1章 某些传染病和寄生虫病 (A00-B99)
A03.802,菌痢混合感染,006,JLHHGR,第1章 某些传染病和寄生虫病 (A00-B99)
A03.901,细菌性痢疾,006,XJXLJ,第1章 某些传染病和寄生虫病 (A00-B99)
A03.902,慢性细菌性痢疾急性发作,006,MXXJXLJJXFZ,第1章 某些传染病和寄生虫病 (A00-B99)
A03.903,慢性迁延型细菌性痢疾,006,MXQYXXJXLJ,第1章 某些传染病和寄生虫病 (A00-B99)
A03.904,慢性隐伏型菌痢,006,MXYFXJL,第1章 某些传染病和寄生虫病 (A00-B99)
A03.905,中毒性痢疾,006,ZDXLJ,第1章 某些传染病和寄生虫病 (A00-B99)
A03.906,慢性细菌性痢疾,006,MXXJXLJ,第1章 某些传染病和寄生虫病 (A00-B99)
A04.001,新生儿肠病原性大肠埃希氏菌肠炎,003,XSECBYXDCAXSJCY,第1章 某些传染病和寄生虫病 (A00-B99)
A04.002,肠病原性大肠埃希氏菌肠炎,003,CBYXDCAXSJCY,第1章 某些传染病和寄生虫病 (A00-B99)
A04.101,肠毒性大肠埃希氏菌肠炎,003,CDXDCAXSJCY,第1章 某些传染病和寄生虫病 (A00-B99)
A04.102,新生儿肠毒性大肠埃希氏菌肠炎,003,XSECDXDCAXSJCY,第1章 某些传染病和寄生虫病 (A00-B99)
A04.201,侵袭性大肠埃希氏菌肠炎,003,QXXDCAXSJCY,第1章 某些传染病和寄生虫病 (A00-B99)
A04.202,新生儿侵袭性大肠杆菌肠炎,003,XSEQXXDCGJCY,第1章 某些传染病和寄生虫病 (A00-B99)
A04.301,出血性大肠埃希氏菌肠炎,003,CXXDCAXSJCY,第1章 某些传染病和寄生虫病 (A00-B99)
A04.302,新生儿出血性大肠杆菌肠炎,003,XSECXXDCGJCY,第1章 某些传染病和寄生虫病 (A00-B99)
A04.401,大肠埃希氏杆菌性肠道感染,003,DCAXSGJXCDGR,第1章 某些传染病和寄生虫病 (A00-B99)
A04.402,新生儿大肠杆菌肠炎,003,XSEDCGJCY,第1章 某些传染病和寄生虫病 (A00-B99)
A04.403,新生儿粘附性大肠杆菌肠炎,003,XSENFXDCGJCY,第1章 某些传染病和寄生虫病 (A00-B99)
A04.404,粘附性大肠杆菌肠炎,003,NFXDCGJCY,第1章 某些传染病和寄生虫病 (A00-B99)
A04.501,弯曲菌肠炎,003,WQJCY,第1章 某些传染病和寄生虫病 (A00-B99)
A04.601,耶尔森氏菌肠炎,003,YESSJCY,第1章 某些传染病和寄生虫病 (A00-B99)
A04.701,难辨梭状芽胞杆菌肠炎,003,NBSZYBGJCY,第1章 某些传染病和寄生虫病 (A00-B99)
A04.801,吡邻单胞菌肠炎,003,BLDBJCY,第1章 某些传染病和寄生虫病 (A00-B99)
A04.802,变形杆菌性肠炎,003,BXGJXCY,第1章 某些传染病和寄生虫病 (A00-B99)
A04.803,产气杆菌肠炎,003,CQGJCY,第1章 某些传染病和寄生虫病 (A00-B99)
A04.804,肠道厌氧菌感染,003,CDYYJGR,第1章 某些传染病和寄生虫病 (A00-B99)
A04.805,付霍乱,003,FHL,第1章 某些传染病和寄生虫病 (A00-B99)
A04.806,副溶血弧菌肠炎,003,FRXHJCY,第1章 某些传染病和寄生虫病 (A00-B99)
A04.807,金黄色葡萄球菌性肠炎,003,JHSPTQJXCY,第1章 某些传染病和寄生虫病 (A00-B99)
A04.808,绿脓杆菌性肠炎,003,LNGJXCY,第1章 某些传染病和寄生虫病 (A00-B99)
A04.809,难辨芽胞杆菌肠炎,003,NBYBGJCY,第1章 某些传染病和寄生虫病 (A00-B99)
A04.810,嗜水气单胞菌肠炎,003,SSQDBJCY,第1章 某些传染病和寄生虫病 (A00-B99)
A04.811,弧菌性肠炎,007,HJXCY,第1章 某些传染病和寄生虫病 (A00-B99)
A04.901,肠道感染,003,CDGR,第1章 某些传染病和寄生虫病 (A00-B99)
A04.902,细菌性肠炎,003,XJXCY,第1章 某些传染病和寄生虫病 (A00-B99)
A04.903,感染性腹泻,003,GRXFX,第1章 某些传染病和寄生虫病 (A00-B99)
A04.904,细菌性结肠炎,003,XJXJCY,第1章 某些传染病和寄生虫病 (A00-B99)
A05.001,葡萄球菌性食物中毒,003,PTQJXSWZD,第1章 某些传染病和寄生虫病 (A00-B99)
A05.101,肉毒中毒,003,RDZD,第1章 某些传染病和寄生虫病 (A00-B99)
A05.201,出血性坏死性肠炎,003,CXXHSXCY,第1章 某些传染病和寄生虫病 (A00-B99)
A05.202,急性出血性坏死性肠炎,003,JXCXXHSXCY,第1章 某些传染病和寄生虫病 (A00-B99)
A05.203,急性坏死性肠炎,003,JXHSXCY,第1章 某些传染病和寄生虫病 (A00-B99)
A05.301,副溶血弧菌性食物中毒,003,FRXHJXSWZD,第1章 某些传染病和寄生虫病 (A00-B99)
A05.901,细菌性食物中毒,003,XJXSWZD,第1章 某些传染病和寄生虫病 (A00-B99)
A06.001,阿米巴性肠炎,003,AMBXCY,第1章 某些传染病和寄生虫病 (A00-B99)
A06.002,阿米巴性结肠炎,003,AMBXJCY,第1章 某些传染病和寄生虫病 (A00-B99)
A06.003,阿米巴性痢疾,003,AMBXLJ,第1章 某些传染病和寄生虫病 (A00-B99)
A06.004,肠道阿米巴病,003,CDAMBB,第1章 某些传染病和寄生虫病 (A00-B99)
A06.005,急性阿米巴痢疾,003,JXAMBLJ,第1章 某些传染病和寄生虫病 (A00-B99)
A06.101,慢性肠道阿米巴病,003,MXCDAMBB,第1章 某些传染病和寄生虫病 (A00-B99)
A06.201,非痢疾性阿米巴结肠炎,003,FLJXAMBJCY,第1章 某些传染病和寄生虫病 (A00-B99)
A06.301,阿米巴性肉芽肿(阿米巴瘤),003,AMBXRYZAMBL,第1章 某些传染病和寄生虫病 (A00-B99)
A06.401,阿米巴性肝脓肿,003,AMBXGNZ,第1章 某些传染病和寄生虫病 (A00-B99)
A06.402,肝阿米巴病,003,GAMBB,第1章 某些传染病和寄生虫病 (A00-B99)
A06.501+ J99.817*,阿米巴性肺脓肿,003,AMBXFNZ,第1章 某些传染病和寄生虫病 (A00-B99)
A06.502+ J99.818*,肺阿米巴病,003,FAMBB,第1章 某些传染病和寄生虫病 (A00-B99)
A06.503+ J99.819*,肝肺阿米巴脓肿,003,GFAMBNZ,第1章 某些传染病和寄生虫病 (A00-B99)
A06.701,阿米巴性皮肤溃疡,003,AMBXPFKY,第1章 某些传染病和寄生虫病 (A00-B99)
A06.801,阿米巴性阑尾炎,003,AMBXLWY,第1章 某些传染病和寄生虫病 (A00-B99)
A06.801+ G07  01*,阿米巴脾脓疡,007,AMBPNY,第1章 某些传染病和寄生虫病 (A00-B99)
A06.802,泌尿系阿米巴感染,007,MNXAMBGR,第1章 某些传染病和寄生虫病 (A00-B99)
A06.803,阿米巴性心包炎,007,AMBXXBY,第1章 某些传染病和寄生虫病 (A00-B99)
A06.901,阿米巴病,003,AMBB,第1章 某些传染病和寄生虫病 (A00-B99)
A07.001,小袋虫病,003,XDCB,第1章 某些传染病和寄生虫病 (A00-B99)
A07.101,贾第虫病( 肠贾第虫),003,JDCBCJDC,第1章 某些传染病和寄生虫病 (A00-B99)
A07.301,等孢子球虫病(球虫病),003,DBZQCBQCB,第1章 某些传染病和寄生虫病 (A00-B99)
A07.801,肠道滴虫病,003,CDDCB,第1章 某些传染病和寄生虫病 (A00-B99)
A07.802,肉孢子虫病,003,RBZCB,第1章 某些传染病和寄生虫病 (A00-B99)
A08.001,轮状病毒肠炎,003,LZBDCY,第1章 某些传染病和寄生虫病 (A00-B99)
A08.101,诺瓦克病毒肠炎,003,NWKBDCY,第1章 某些传染病和寄生虫病 (A00-B99)
A08.201,腺病毒肠炎,003,XBDCY,第1章 某些传染病和寄生虫病 (A00-B99)
A08.401,病毒性肠炎,003,BDXCY,第1章 某些传染病和寄生虫病 (A00-B99)
A08.402,病毒性胃肠炎,003,BDXWCY,第1章 某些传染病和寄生虫病 (A00-B99)
A09.001,痢疾,003,LJ,第1章 某些传染病和寄生虫病 (A00-B99)
A15.001,"肺结核,显微镜检证实",008,FJHXWJJZS,第1章 某些传染病和寄生虫病 (A00-B99)
A15.015+ M01.194*,结核性风湿病（蓬塞氏病）,007,JHXFSBPSSB,第1章 某些传染病和寄生虫病 (A00-B99)
A15.101,"肺结核,痰培养证实",008,FJHTPYZS,第1章 某些传染病和寄生虫病 (A00-B99)
A15.201,"肺结核,组织学证实",008,FJHZZXZS,第1章 某些传染病和寄生虫病 (A00-B99)
A15.501,"肺门淋巴结结核,已证实",007,FMLBJJHYZS,第1章 某些传染病和寄生虫病 (A00-B99)
A15.601,"结核性胸膜炎,已证实",007,JHXXMYYZS,第1章 某些传染病和寄生虫病 (A00-B99)
A16.201,肺干酪性结核,008,FGLXJH,第1章 某些传染病和寄生虫病 (A00-B99)
A16.202,肺结核,008,FJH,第1章 某些传染病和寄生虫病 (A00-B99)
A16.203,肺结核瘤,008,FJHL,第1章 某些传染病和寄生虫病 (A00-B99)
A16.204,结核性肺炎(干酪性肺炎),008,JHXFYGLXFY,第1章 某些传染病和寄生虫病 (A00-B99)
A16.205,结核性肺纤维变性(增殖性),008,JHXFXWBXZZX,第1章 某些传染病和寄生虫病 (A00-B99)
A16.206,结核性支气管扩张,008,JHXZQGKZ,第1章 某些传染病和寄生虫病 (A00-B99)
A16.207,结节性肺结核,008,JJXFJH,第1章 某些传染病和寄生虫病 (A00-B99)
A16.208,浸润型肺结核,008,JRXFJH,第1章 某些传染病和寄生虫病 (A00-B99)
A16.209,空洞型肺结核,008,KDXFJH,第1章 某些传染病和寄生虫病 (A00-B99)
A16.210,增殖型肺结核,008,ZZXFJH,第1章 某些传染病和寄生虫病 (A00-B99)
A16.301,肺门淋巴结核,007,FMLBJH,第1章 某些传染病和寄生虫病 (A00-B99)
A16.302,结核性支气管淋巴瘘,007,JHXZQGLBL,第1章 某些传染病和寄生虫病 (A00-B99)
A16.303,胸壁淋巴结结核,007,XBLBJJH,第1章 某些传染病和寄生虫病 (A00-B99)
A16.304,胸内淋巴结核,007,XNLBJH,第1章 某些传染病和寄生虫病 (A00-B99)
A16.305,支气管淋巴结结核,007,ZQGLBJJH,第1章 某些传染病和寄生虫病 (A00-B99)
A16.306,纵隔淋巴结核,007,ZGLBJH,第1章 某些传染病和寄生虫病 (A00-B99)
A16.401,喉结核,007,HJH,第1章 某些传染病和寄生虫病 (A00-B99)
A16.402,会厌结核,007,HYJH,第1章 某些传染病和寄生虫病 (A00-B99)
A16.403,气管结核,007,QGJH,第1章 某些传染病和寄生虫病 (A00-B99)
A16.404,孤立性气管结核,007,GLXQGJH,第1章 某些传染病和寄生虫病 (A00-B99)
A16.405,孤立性气管支气管结核,007,GLXQGZQGJH,第1章 某些传染病和寄生虫病 (A00-B99)
A16.406,支气管结核,007,ZQGJH,第1章 某些传染病和寄生虫病 (A00-B99)
A16.407,支气管内膜结核,007,ZQGNMJH,第1章 某些传染病和寄生虫病 (A00-B99)
A16.408,声带结核,007,SDJH,第1章 某些传染病和寄生虫病 (A00-B99)
A16.501,结核性干性胸膜炎,007,JHXGXXMY,第1章 某些传染病和寄生虫病 (A00-B99)
A16.502,结核性脓胸,007,JHXNX,第1章 某些传染病和寄生虫病 (A00-B99)
A16.503,结核性渗出性胸膜炎,007,JHXSCXXMY,第1章 某些传染病和寄生虫病 (A00-B99)
A16.504,结核性胸膜炎,007,JHXXMY,第1章 某些传染病和寄生虫病 (A00-B99)
A16.505,结核性胸腔积液,007,JHXXQJY,第1章 某些传染病和寄生虫病 (A00-B99)
A16.506,胸膜结核,007,XMJH,第1章 某些传染病和寄生虫病 (A00-B99)
A16.507,胸膜结核瘤,007,XMJHL,第1章 某些传染病和寄生虫病 (A00-B99)
A16.508,结核性胸膜增厚,007,JHXXMZH,第1章 某些传染病和寄生虫病 (A00-B99)
A16.509,结核性支气管胸膜瘘,007,JHXZQGXML,第1章 某些传染病和寄生虫病 (A00-B99)
A16.701,肺原发性结核性复征(原发综合征),007,FYFXJHXFZYFZHZ,第1章 某些传染病和寄生虫病 (A00-B99)
A16.702,原发性肺结核,007,YFXFJH,第1章 某些传染病和寄生虫病 (A00-B99)
A16.801,鼻结核,007,BJH,第1章 某些传染病和寄生虫病 (A00-B99)
A16.802,干酪性鼻窦炎,007,GLXBDY,第1章 某些传染病和寄生虫病 (A00-B99)
A16.803,干酪性鼻炎(结核性鼻炎),007,GLXBYJHXBY,第1章 某些传染病和寄生虫病 (A00-B99)
A16.804,膈结核,007,GJH,第1章 某些传染病和寄生虫病 (A00-B99)
A16.805,胸壁结核,007,XBJH,第1章 某些传染病和寄生虫病 (A00-B99)
A16.806,咽部结核,007,YBJH,第1章 某些传染病和寄生虫病 (A00-B99)
A16.807,纵膈结核瘤,007,ZGJHL,第1章 某些传染病和寄生虫病 (A00-B99)
A16.808,鼻咽结核,007,BYJH,第1章 某些传染病和寄生虫病 (A00-B99)
A16.809,扁桃体结核,007,BTTJH,第1章 某些传染病和寄生虫病 (A00-B99)
A16.901,结核病,007,JHB,第1章 某些传染病和寄生虫病 (A00-B99)
A16.902,结核感染,007,JHGR,第1章 某些传染病和寄生虫病 (A00-B99)
A17.001+ G01  02*,结核性脊膜炎,007,JHXJMY,第1章 某些传染病和寄生虫病 (A00-B99)
A17.002+ G01  04*,结核性脑脊髓膜炎,007,JHXNJSMY,第1章 某些传染病和寄生虫病 (A00-B99)
A17.003+ G01  05*,结核性脑膜炎,007,JHXNMY,第1章 某些传染病和寄生虫病 (A00-B99)
A17.004+ G01  06*,脑膜结核瘤,007,NMJHL,第1章 某些传染病和寄生虫病 (A00-B99)
A17.005+ G01.05*,葡萄球性脑膜炎,007,PTQXNMY,第1章 某些传染病和寄生虫病 (A00-B99)
A17.801+ G05.003*,结核性脑膜脑炎,007,JHXNMNY,第1章 某些传染病和寄生虫病 (A00-B99)
A17.803+ G07.02*,结核性脑肉芽肿,007,JHXNRYZ,第1章 某些传染病和寄生虫病 (A00-B99)
A17.804+ G05.004*,结核性脑炎,007,JHXNY,第1章 某些传染病和寄生虫病 (A00-B99)
A17.805+ G07  03*,结核性脑脊髓膜炎(硬脊膜外),007,JHXNJSMYYJMW,第1章 某些传染病和寄生虫病 (A00-B99)
A17.806+ G07  04*,脑结核瘤,007,NJHL,第1章 某些传染病和寄生虫病 (A00-B99)
A17.807+ G07.05*,中枢神经系统结核,007,ZSSJXTJH,第1章 某些传染病和寄生虫病 (A00-B99)
A17.809+ G05.001*,结核性脊髓炎,007,JHXJSY,第1章 某些传染病和寄生虫病 (A00-B99)
A18.001+ M90.081*,鼻骨结核,007,BGJH,第1章 某些传染病和寄生虫病 (A00-B99)
A18.004+ H75.001*,乳突结核,007,RTJH,第1章 某些传染病和寄生虫病 (A00-B99)
A18.005+ M90.087*,下颌结核,007,XHJH,第1章 某些传染病和寄生虫病 (A00-B99)
A18.006+ M90.086*,颧骨结核,007,QGJH,第1章 某些传染病和寄生虫病 (A00-B99)
A18.007+ M49.021*,颈椎结核,007,JZJH,第1章 某些传染病和寄生虫病 (A00-B99)
A18.008+ M01.112*,肩关节结核,007,JGJJH,第1章 某些传染病和寄生虫病 (A00-B99)
A18.009+ M01.141*,腕关节结核,007,WGJJH,第1章 某些传染病和寄生虫病 (A00-B99)
A18.010+ M49.041*,胸椎结核,007,XZJH,第1章 某些传染病和寄生虫病 (A00-B99)
A18.011+ M49.061*,腰椎结核,007,YZJH,第1章 某些传染病和寄生虫病 (A00-B99)
A18.012+ M01.172*,跖趾关节结核,007,ZZGJJH,第1章 某些传染病和寄生虫病 (A00-B99)
A18.013+ M49.091*,脊柱结核性截瘫(波特氏截瘫),007,JZJHXJTBTSJT,第1章 某些传染病和寄生虫病 (A00-B99)
A18.014+ M49.051*,骶髂关节结核,007,DQGJJH,第1章 某些传染病和寄生虫病 (A00-B99)
A18.014+ M49.092*,脊柱结核(结核性脊柱炎),007,JZJHJHXJZY,第1章 某些传染病和寄生虫病 (A00-B99)
A18.014+ M49.094*,脊椎结核并椎旁脓肿,007,JZJHBZPNZ,第1章 某些传染病和寄生虫病 (A00-B99)
A18.015+ M01.194*,结核性风湿病(蓬塞氏病）,007,JHXFSBPSSB,第1章 某些传染病和寄生虫病 (A00-B99)
A18.016+ M49.093*,脊柱结核性脓肿,007,JZJHXNZ,第1章 某些传染病和寄生虫病 (A00-B99)
A18.017+ M01.192*,滑膜结核,007,HMJH,第1章 某些传染病和寄生虫病 (A00-B99)
A18.018+ M49.094*,胸椎结核伴椎盘脓肿,007,XZJHBZPNZ,第1章 某些传染病和寄生虫病 (A00-B99)
A18.019+ M01.191*,关节结核性脓肿(关节寒性脓肿),007,GJJHXNZGJHXNZ,第1章 某些传染病和寄生虫病 (A00-B99)
A18.020+ M49.095*,结核性脊柱后凸,007,JHXJZHT,第1章 某些传染病和寄生虫病 (A00-B99)
A18.021+ M01.193*,关节结核,007,GJJH,第1章 某些传染病和寄生虫病 (A00-B99)
A18.022+ M01.121*,肘关节结核,007,ZGJJH,第1章 某些传染病和寄生虫病 (A00-B99)
A18.023+ M01.151*,髋关节结核,007,KGJJH,第1章 某些传染病和寄生虫病 (A00-B99)
A18.024+ M01.152*,髋结核性滑膜炎,007,KJHXHMY,第1章 某些传染病和寄生虫病 (A00-B99)
A18.025+ M01.171*,踝关节结核,007,HGJJH,第1章 某些传染病和寄生虫病 (A00-B99)
A18.026+ M90.051*,耻骨结核,007,CGJH,第1章 某些传染病和寄生虫病 (A00-B99)
A18.027+ M01.162*,结核性滑膜炎,007,JHXHMY,第1章 某些传染病和寄生虫病 (A00-B99)
A18.027+ M90.085*,肋骨结核,007,LGJH,第1章 某些传染病和寄生虫病 (A00-B99)
A18.028+ M01.161*,膝关节结核,007,XGJJH,第1章 某些传染病和寄生虫病 (A00-B99)
A18.029+ M01.162*,膝结核性滑膜炎,007,XJHXHMY,第1章 某些传染病和寄生虫病 (A00-B99)
A18.030+ M01.111*,肩部结核,007,JBJH,第1章 某些传染病和寄生虫病 (A00-B99)
A18.031+ M90.021*,肱骨结核,007,GGJH,第1章 某些传染病和寄生虫病 (A00-B99)
A18.032+ M90.052*,股骨结核,007,GGJH,第1章 某些传染病和寄生虫病 (A00-B99)
A18.034+ M90.082*,肢体骨结核,007,ZTGJH,第1章 某些传染病和寄生虫病 (A00-B99)
A18.035+ M90.091*,骨结核,007,GJH,第1章 某些传染病和寄生虫病 (A00-B99)
A18.036+ M90.031*,尺骨结核,007,CGJH,第1章 某些传染病和寄生虫病 (A00-B99)
A18.037+ M90.061*,腓骨结核,007,FGJH,第1章 某些传染病和寄生虫病 (A00-B99)
A18.038+ M90.062*,胫骨结核,007,JGJH,第1章 某些传染病和寄生虫病 (A00-B99)
A18.039+ M90.071*,跟骨结核,007,GGJH,第1章 某些传染病和寄生虫病 (A00-B99)
A18.040+ M63.001*,腰部结核性窦道,007,YBJHXDD,第1章 某些传染病和寄生虫病 (A00-B99)
A18.041+ M01.195*,结核性关节炎,007,JHXGJY,第1章 某些传染病和寄生虫病 (A00-B99)
A18.042+ M90.001*,第三楔骨结核,007,DSXGJH,第1章 某些传染病和寄生虫病 (A00-B99)
A18.044+ M90.041*,掌骨结核,007,ZGJH,第1章 某些传染病和寄生虫病 (A00-B99)
A18.045+ M90.092*,其他骨结核,007,QTGJH,第1章 某些传染病和寄生虫病 (A00-B99)
A18.050+ M68.002*,结核性腱鞘炎,007,JHXJQY,第1章 某些传染病和寄生虫病 (A00-B99)
A18.101,泌尿生殖系结核,007,MNSZXJH,第1章 某些传染病和寄生虫病 (A00-B99)
A18.102+ N33.001*,膀胱结核,007,PGJH,第1章 某些传染病和寄生虫病 (A00-B99)
A18.103,泌尿系结核,007,MNXJH,第1章 某些传染病和寄生虫病 (A00-B99)
A18.104+ N74.104*,子宫内膜结核,007,ZGNMJH,第1章 某些传染病和寄生虫病 (A00-B99)
A18.105+ N51.101*,附睾结核,007,FGJH,第1章 某些传染病和寄生虫病 (A00-B99)
A18.106+ N51.102*,睾丸结核,007,GWJH,第1章 某些传染病和寄生虫病 (A00-B99)
A18.107+ N74.101*,盆腔结核(结核性盆腔炎),007,PQJHJHXPQY,第1章 某些传染病和寄生虫病 (A00-B99)
A18.108+ N74.001*,子宫颈结核,007,ZGJJH,第1章 某些传染病和寄生虫病 (A00-B99)
A18.109+ N51.804*,阴茎结核,007,YJJH,第1章 某些传染病和寄生虫病 (A00-B99)
A18.110+ N74.102*,卵巢结核,007,LCJH,第1章 某些传染病和寄生虫病 (A00-B99)
A18.111+ N51.002*,前列腺结核,007,QLXJH,第1章 某些传染病和寄生虫病 (A00-B99)
A18.112+ N29.103*,肾结核,007,SJH,第1章 某些传染病和寄生虫病 (A00-B99)
A18.113+ N29.101*,结核性肾脓肿,007,JHXSNZ,第1章 某些传染病和寄生虫病 (A00-B99)
A18.114+ N51.802*,输精管结核,007,SJGJH,第1章 某些传染病和寄生虫病 (A00-B99)
A18.115+ N74.103*,输卵管结核,007,SLGJH,第1章 某些传染病和寄生虫病 (A00-B99)
A18.116+ N29.102*,结核性输尿管狭窄,007,JHXSNGXZ,第1章 某些传染病和寄生虫病 (A00-B99)
A18.117+ N29.104*,输尿管结核,007,SNGJH,第1章 某些传染病和寄生虫病 (A00-B99)
A18.118+ N51.803*,精囊结核,007,JNJH,第1章 某些传染病和寄生虫病 (A00-B99)
A18.119+ N29.101*,肾盂积水(由于结核),007,SYJSYYJH,第1章 某些传染病和寄生虫病 (A00-B99)
A18.120+ N74.101*,结核性子宫内膜炎,007,JHXZGNMY,第1章 某些传染病和寄生虫病 (A00-B99)
A18.121+ N74.101*,结核性盆腔腹膜炎,007,JHXPQFMY,第1章 某些传染病和寄生虫病 (A00-B99)
A18.122+ N74.101*,结核性卵巢炎,007,JHXLCY,第1章 某些传染病和寄生虫病 (A00-B99)
A18.123+ N74.101*,结核性输卵管炎,007,JHXSLGY,第1章 某些传染病和寄生虫病 (A00-B99)
A18.201,腹股沟淋巴结核,007,FGGLBJH,第1章 某些传染病和寄生虫病 (A00-B99)
A18.202,颌下淋巴结结核,007,HXLBJJH,第1章 某些传染病和寄生虫病 (A00-B99)
A18.203,结核性淋巴管炎,007,JHXLBGY,第1章 某些传染病和寄生虫病 (A00-B99)
A18.204,颈部淋巴结结核,007,JBLBJJH,第1章 某些传染病和寄生虫病 (A00-B99)
A18.205,颏下淋巴结结核,007,KXLBJJH,第1章 某些传染病和寄生虫病 (A00-B99)
A18.206,淋巴结核,007,LBJH,第1章 某些传染病和寄生虫病 (A00-B99)
A18.207,腮腺淋巴结核,007,SXLBJH,第1章 某些传染病和寄生虫病 (A00-B99)
A18.208,锁骨上淋巴结核,007,SGSLBJH,第1章 某些传染病和寄生虫病 (A00-B99)
A18.209,腋下淋巴结结核,007,YXLBJJH,第1章 某些传染病和寄生虫病 (A00-B99)
A18.210,周围淋巴结结核,007,ZWLBJJH,第1章 某些传染病和寄生虫病 (A00-B99)
A18.301,大网膜结核,007,DWMJH,第1章 某些传染病和寄生虫病 (A00-B99)
A18.301+ K93.001*,肠结核,007,CJH,第1章 某些传染病和寄生虫病 (A00-B99)
A18.302+ K93.002*,肠系膜结核,007,CXMJH,第1章 某些传染病和寄生虫病 (A00-B99)
A18.303+ K93.003*,肠系膜淋巴结核,007,CXMLBJH,第1章 某些传染病和寄生虫病 (A00-B99)
A18.304+ K93.004*,腹膜结核,007,FMJH,第1章 某些传染病和寄生虫病 (A00-B99)
A18.305+ K93.005*,结核性肛瘘,007,JHXGL,第1章 某些传染病和寄生虫病 (A00-B99)
A18.306+ K93.006*,髂窝结核,007,QWJH,第1章 某些传染病和寄生虫病 (A00-B99)
A18.307+ K67.301*,结核性腹膜炎,007,JHXFMY,第1章 某些传染病和寄生虫病 (A00-B99)
A18.308,腹膜后淋巴结结核,007,FMHLBJJH,第1章 某些传染病和寄生虫病 (A00-B99)
A18.309,腹腔结核,007,FQJH,第1章 某些传染病和寄生虫病 (A00-B99)
A18.310,腹腔淋巴结核,007,FQLBJH,第1章 某些传染病和寄生虫病 (A00-B99)
A18.311,肝门淋巴结核,007,GMLBJH,第1章 某些传染病和寄生虫病 (A00-B99)
A18.312,结核性腹水,007,JHXFS,第1章 某些传染病和寄生虫病 (A00-B99)
A18.313,阑尾结核,007,LWJH,第1章 某些传染病和寄生虫病 (A00-B99)
A18.314,结肠结核瘤,007,JCJHL,第1章 某些传染病和寄生虫病 (A00-B99)
A18.315,肛周结核,007,GZJH,第1章 某些传染病和寄生虫病 (A00-B99)
A18.316,腹壁结核瘤,007,FBJHL,第1章 某些传染病和寄生虫病 (A00-B99)
A18.317,腹膜后结核,007,FMHJH,第1章 某些传染病和寄生虫病 (A00-B99)
A18.401,播散性粟粒性狼疮,007,BSXSLXLC,第1章 某些传染病和寄生虫病 (A00-B99)
A18.402,腹壁结核,007,FBJH,第1章 某些传染病和寄生虫病 (A00-B99)
A18.403,腹部结核性窦道,007,FBJHXDD,第1章 某些传染病和寄生虫病 (A00-B99)
A18.404,结核性结节性红斑,007,JHXJJXHB,第1章 某些传染病和寄生虫病 (A00-B99)
A18.405,结核性皮肤脓肿,007,JHXPFNZ,第1章 某些传染病和寄生虫病 (A00-B99)
A18.406,酒渣样结核疹,007,JZYJHZ,第1章 某些传染病和寄生虫病 (A00-B99)
A18.407,皮肤和皮下组织结核,007,PFHPXZZJH,第1章 某些传染病和寄生虫病 (A00-B99)
A18.408,皮肤结核,007,PFJH,第1章 某些传染病和寄生虫病 (A00-B99)
A18.409,皮下组织结核性窦道,007,PXZZJHXDD,第1章 某些传染病和寄生虫病 (A00-B99)
A18.410,臀部结核,007,TBJH,第1章 某些传染病和寄生虫病 (A00-B99)
A18.411,寻常性狼疮,007,XCXLC,第1章 某些传染病和寄生虫病 (A00-B99)
A18.412,结核性肉芽肿,007,JHXRYZ,第1章 某些传染病和寄生虫病 (A00-B99)
A18.413,颈部间隙结核,007,JBJXJH,第1章 某些传染病和寄生虫病 (A00-B99)
A18.501,眼结核,007,YJH,第1章 某些传染病和寄生虫病 (A00-B99)
A18.502,眼眶结核,007,YKJH,第1章 某些传染病和寄生虫病 (A00-B99)
A18.503+ H19.001*,巩膜结核,007,GMJH,第1章 某些传染病和寄生虫病 (A00-B99)
A18.504+ H19.205*,角膜结核,007,JMJH,第1章 某些传染病和寄生虫病 (A00-B99)
A18.505+ H32.002*,结核性视神经脉络膜炎,007,JHXSSJMLMY,第1章 某些传染病和寄生虫病 (A00-B99)
A18.506+ H22.001*,结核性葡萄膜炎,007,JHXPTMY,第1章 某些传染病和寄生虫病 (A00-B99)
A18.507+ H32.003*,结核性视网膜静脉周围炎,007,JHXSWMJMZWY,第1章 某些传染病和寄生虫病 (A00-B99)
A18.508+ H13.108*,结膜结核,007,JMJH,第1章 某些传染病和寄生虫病 (A00-B99)
A18.509+ H32.004*,脉络膜结核,007,MLMJH,第1章 某些传染病和寄生虫病 (A00-B99)
A18.510+ H32.005*,脉络膜结核瘤,007,MLMJHL,第1章 某些传染病和寄生虫病 (A00-B99)
A18.511+ H48.801*,视神经结核,007,SSJJH,第1章 某些传染病和寄生虫病 (A00-B99)
A18.512+ H32.006*,视网膜结核,007,SWMJH,第1章 某些传染病和寄生虫病 (A00-B99)
A18.601,外耳道结核,007,WEDJH,第1章 某些传染病和寄生虫病 (A00-B99)
A18.602,中耳结核,007,ZEJH,第1章 某些传染病和寄生虫病 (A00-B99)
A18.603+ H67.001*,结核性中耳炎,007,JHXZEY,第1章 某些传染病和寄生虫病 (A00-B99)
A18.701+ E35.101*,肾上腺结核,060,SSXJH,第1章 某些传染病和寄生虫病 (A00-B99)
A18.801,肺外结核,007,FWJH,第1章 某些传染病和寄生虫病 (A00-B99)
A18.802,乳腺结核,007,RXJH,第1章 某些传染病和寄生虫病 (A00-B99)
A18.803,结核性乳腺炎,007,JHXRXY,第1章 某些传染病和寄生虫病 (A00-B99)
A18.803+ K93.801*,舌结核,007,SJH,第1章 某些传染病和寄生虫病 (A00-B99)
A18.804,足结核,007,ZJH,第1章 某些传染病和寄生虫病 (A00-B99)
A18.805+ E35.801*,垂体结核,007,CTJH,第1章 某些传染病和寄生虫病 (A00-B99)
A18.806+ K93.802*,唇结核,007,CJH,第1章 某些传染病和寄生虫病 (A00-B99)
A18.807+ K87.001*,胆囊结核,007,DNJH,第1章 某些传染病和寄生虫病 (A00-B99)
A18.808+ K77.014*,肝结核,007,GJH,第1章 某些传染病和寄生虫病 (A00-B99)
A18.809+ K93.803*,颌下腺结核,007,HXXJH,第1章 某些传染病和寄生虫病 (A00-B99)
A18.810+ M63.002*,肌结核,007,JJH,第1章 某些传染病和寄生虫病 (A00-B99)
A18.811+ E35.001*,甲状腺结核,007,JZXJH,第1章 某些传染病和寄生虫病 (A00-B99)
A18.812+ M36.801*,结缔组织结核,007,JDZZJH,第1章 某些传染病和寄生虫病 (A00-B99)
A18.813+ I79.102*,结核性腹主动脉炎,007,JHXFZDMY,第1章 某些传染病和寄生虫病 (A00-B99)
A18.814+ K23.001*,结核性食管炎(食管结核),007,JHXSGYSGJH,第1章 某些传染病和寄生虫病 (A00-B99)
A18.815+ I32.002*,结核性心包积液,007,JHXXBJY,第1章 某些传染病和寄生虫病 (A00-B99)
A18.816+ I32.003*,结核性心包炎(心包结核),007,JHXXBYXBJH,第1章 某些传染病和寄生虫病 (A00-B99)
A18.817+ I14.003*,结核性心肌炎(心肌结核),007,JHXXJYXJJH,第1章 某些传染病和寄生虫病 (A00-B99)
A18.818+ I39.804*,结核性心内膜炎,007,JHXXNMY,第1章 某些传染病和寄生虫病 (A00-B99)
A18.819+ M63.003*,咀嚼肌结核,007,JJJJH,第1章 某些传染病和寄生虫病 (A00-B99)
A18.820+ D77.01*,脾结核,007,PJH,第1章 某些传染病和寄生虫病 (A00-B99)
A18.821+ K93.804*,腮腺结核,007,SXJH,第1章 某些传染病和寄生虫病 (A00-B99)
A18.822+ M63.004*,上臂内侧横纹肌结核,007,SBNCHWJJH,第1章 某些传染病和寄生虫病 (A00-B99)
A18.823+ K93.805*,胃结核,007,WJH,第1章 某些传染病和寄生虫病 (A00-B99)
A18.824+ M63.005*,胸大肌结核,007,XDJJH,第1章 某些传染病和寄生虫病 (A00-B99)
A18.825+ K93.806*,牙龈结核,007,YYJH,第1章 某些传染病和寄生虫病 (A00-B99)
A18.826+ M63.006*,腰部结核性脓肿,007,YBJHXNZ,第1章 某些传染病和寄生虫病 (A00-B99)
A18.827+ M63.007*,腰大肌结核性脓肿,007,YDJJHXNZ,第1章 某些传染病和寄生虫病 (A00-B99)
A18.828+ M63.008*,腰肌结核,007,YJJH,第1章 某些传染病和寄生虫病 (A00-B99)
A18.829+ K87.102*,胰腺结核,007,YXJH,第1章 某些传染病和寄生虫病 (A00-B99)
A18.830+  I68.101*,结核性脑动脉炎,007,JHXNDMY,第1章 某些传染病和寄生虫病 (A00-B99)
A19.001,急性粟粒性肺结核,007,JXSLXFJH,第1章 某些传染病和寄生虫病 (A00-B99)
A19.002,粟粒性肺结核,007,SLXFJH,第1章 某些传染病和寄生虫病 (A00-B99)
A19.101,急性血行播散型结核,007,JXXXBSXJH,第1章 某些传染病和寄生虫病 (A00-B99)
A19.801,慢性粟粒性肺结核,007,MXSLXFJH,第1章 某些传染病和寄生虫病 (A00-B99)
A19.802,亚急性粟粒性肺结核,007,YJXSLXFJH,第1章 某些传染病和寄生虫病 (A00-B99)
A19.901,粟粒性结核病,007,SLXJHB,第1章 某些传染病和寄生虫病 (A00-B99)
A19.902,结核性多浆膜炎,007,JHXDJMY,第1章 某些传染病和寄生虫病 (A00-B99)
A19.903,进行性恶性多发性浆膜炎,007,JXXEXDFXJMY,第1章 某些传染病和寄生虫病 (A00-B99)
A19.904,全身结核,007,QSJH,第1章 某些传染病和寄生虫病 (A00-B99)
A19.905,多发性结核性浆膜炎,007,DFXJHXJMY,第1章 某些传染病和寄生虫病 (A00-B99)
A19.906,播散型结核(全身性)(多发性),007,BSXJHQSXDFX,第1章 某些传染病和寄生虫病 (A00-B99)
A20.901,鼠疫,002,SY,第1章 某些传染病和寄生虫病 (A00-B99)
A21.901,兔热病,002,TRB,第1章 某些传染病和寄生虫病 (A00-B99)
A22.101,肺炭疽,002,FTJ,第1章 某些传染病和寄生虫病 (A00-B99)
A22.102+ J17.002*,炭疽肺炎,002,TJFY,第1章 某些传染病和寄生虫病 (A00-B99)
A22.901,炭疽,002,TJ,第1章 某些传染病和寄生虫病 (A00-B99)
A23.901,布鲁氏杆菌病(波状热),002,BLSGJBBZR,第1章 某些传染病和寄生虫病 (A00-B99)
A23.902+ M01.302*,布鲁氏杆菌性关节炎,002,BLSGJXGJY,第1章 某些传染病和寄生虫病 (A00-B99)
A23.903+ H22.002*,布鲁氏杆菌性眼色素膜炎,002,BLSGJXYSSMY,第1章 某些传染病和寄生虫病 (A00-B99)
A24.001,鼻疽,007,BJ,第1章 某些传染病和寄生虫病 (A00-B99)
A25.901,鼠咬热,002,SYR,第1章 某些传染病和寄生虫病 (A00-B99)
A26.902,类丹毒,002,LDD,第1章 某些传染病和寄生虫病 (A00-B99)
A27.001,出血性黄疸钩端螺旋体病,002,CXXHDGDLXTB,第1章 某些传染病和寄生虫病 (A00-B99)
A27.002,肺出血性钩体病,007,FCXXGTB,第1章 某些传染病和寄生虫病 (A00-B99)
A27.801,流感伤寒型钩端螺旋体病,002,LGSHXGDLXTB,第1章 某些传染病和寄生虫病 (A00-B99)
A27.801+ G01.01*,钩端螺旋体性脑膜炎,002,GDLXTXNMY,第1章 某些传染病和寄生虫病 (A00-B99)
A27.802,南方钩端螺旋体感染,002,NFGDLXTGR,第1章 某些传染病和寄生虫病 (A00-B99)
A27.901,钩端螺旋体病,002,GDLXTB,第1章 某些传染病和寄生虫病 (A00-B99)
A27.902,钩体末梢神经炎,007,GTMSSJY,第1章 某些传染病和寄生虫病 (A00-B99)
A27.903,钩端螺旋体病(脑膜炎型),007,GDLXTBNMYX,第1章 某些传染病和寄生虫病 (A00-B99)
A27.904,钩体性脑动脉炎,007,GTXNDMY,第1章 某些传染病和寄生虫病 (A00-B99)
A28.101,猫抓热,002,MZR,第1章 某些传染病和寄生虫病 (A00-B99)
A28.901,动物传染的细菌性疾病,007,DWCRDXJXJB,第1章 某些传染病和寄生虫病 (A00-B99)
A30.101,类结核型麻风,002,LJHXMF,第1章 某些传染病和寄生虫病 (A00-B99)
A30.501,瘤型麻风,002,LXMF,第1章 某些传染病和寄生虫病 (A00-B99)
A30.901,麻风,002,MF,第1章 某些传染病和寄生虫病 (A00-B99)
A31.001,肺非典型分支杆菌病,002,FFDXFZGJB,第1章 某些传染病和寄生虫病 (A00-B99)
A31.002,肺分支杆菌感染,002,FFZGJGR,第1章 某些传染病和寄生虫病 (A00-B99)
A31.901,非典型性分枝杆菌感染,002,FDXXFZGJGR,第1章 某些传染病和寄生虫病 (A00-B99)
A32.901,利斯特菌病,002,LSTJB,第1章 某些传染病和寄生虫病 (A00-B99)
A33  01,新生儿破伤风,002,XSEPSF,第1章 某些传染病和寄生虫病 (A00-B99)
A35  01,破伤风,002,PSF,第1章 某些传染病和寄生虫病 (A00-B99)
A36.101,鼻咽白喉,009,BYBH,第1章 某些传染病和寄生虫病 (A00-B99)
A36.201,喉白喉,009,HBH,第1章 某些传染病和寄生虫病 (A00-B99)
A36.301,皮肤白喉,009,PFBH,第1章 某些传染病和寄生虫病 (A00-B99)
A36.801,播散性白喉,009,BSXBH,第1章 某些传染病和寄生虫病 (A00-B99)
A36.802+ G63.001*,白喉性多神经炎,009,BHXDSJY,第1章 某些传染病和寄生虫病 (A00-B99)
A36.803+ I41.004*,白喉性心肌炎,009,BHXXJY,第1章 某些传染病和寄生虫病 (A00-B99)
A36.901,白喉,009,BH,第1章 某些传染病和寄生虫病 (A00-B99)
A37.901,百日咳,010,BRK,第1章 某些传染病和寄生虫病 (A00-B99)
A37.902+ J17.003*,百日咳肺炎,010,BRKFY,第1章 某些传染病和寄生虫病 (A00-B99)
A37.903,百日咳脑病,010,BRKNB,第1章 某些传染病和寄生虫病 (A00-B99)
A37.904,类百日咳综合症,010,LBRKZHZ,第1章 某些传染病和寄生虫病 (A00-B99)
A38  01,猩红热,011,XHR,第1章 某些传染病和寄生虫病 (A00-B99)
A39.001+ G01  07*,脑膜炎球菌性脑膜炎(流行性),002,NMYQJXNMYLXX,第1章 某些传染病和寄生虫病 (A00-B99)
A39.002,暴发性流行性脑膜炎,007,BFXLXXNMY,第1章 某些传染病和寄生虫病 (A00-B99)
A39.002+ G01.08*,脑脊膜炎,002,NJMY,第1章 某些传染病和寄生虫病 (A00-B99)
A39.003+ G01  02*,流行性脑膜炎,002,LXXNMY,第1章 某些传染病和寄生虫病 (A00-B99)
A39.401,脑膜炎球菌性败血症,002,NMYQJXBXZ,第1章 某些传染病和寄生虫病 (A00-B99)
A39.801+ G05.001*,流行性脑脊髓膜炎,002,LXXNJSMY,第1章 某些传染病和寄生虫病 (A00-B99)
A40.301,肺炎球菌性败血症,002,FYQJXBXZ,第1章 某些传染病和寄生虫病 (A00-B99)
A40.901,链球菌性败血症,002,LQJXBXZ,第1章 某些传染病和寄生虫病 (A00-B99)
A41.201,葡萄球菌败血病,002,PTQJBXB,第1章 某些传染病和寄生虫病 (A00-B99)
A41.202,葡萄球菌性败血症,002,PTQJXBXZ,第1章 某些传染病和寄生虫病 (A00-B99)
A41.501,变形杆菌性败血症,002,BXGJXBXZ,第1章 某些传染病和寄生虫病 (A00-B99)
A41.502,大肠埃希氏杆菌性败血症,002,DCAXSGJXBXZ,第1章 某些传染病和寄生虫病 (A00-B99)
A41.503,大肠杆菌性败血症,002,DCGJXBXZ,第1章 某些传染病和寄生虫病 (A00-B99)
A41.504,革兰氏阴性杆菌败血症,002,GLSYXGJBXZ,第1章 某些传染病和寄生虫病 (A00-B99)
A41.505,假单胞菌性败血症,002,JDBJXBXZ,第1章 某些传染病和寄生虫病 (A00-B99)
A41.506,克雷白氏杆菌性败血症,002,KLBSGJXBXZ,第1章 某些传染病和寄生虫病 (A00-B99)
A41.507,枯草杆菌性败血症,002,KCGJXBXZ,第1章 某些传染病和寄生虫病 (A00-B99)
A41.508,绿脓杆菌性败血症,002,LNGJXBXZ,第1章 某些传染病和寄生虫病 (A00-B99)
A41.509,粘球杆菌性败血症,002,NQGJXBXZ,第1章 某些传染病和寄生虫病 (A00-B99)
A41.510,败血症(其他革兰氏阴性病原体引起),007,BXZQTGLSYXBYTYQ,第1章 某些传染病和寄生虫病 (A00-B99)
A41.801,肠球菌性败血症,002,CQJXBXZ,第1章 某些传染病和寄生虫病 (A00-B99)
A41.802,类酵母菌败血症,002,LJMJBXZ,第1章 某些传染病和寄生虫病 (A00-B99)
A41.803,霉菌性败血症,002,MJXBXZ,第1章 某些传染病和寄生虫病 (A00-B99)
A41.804,其他特指的败血症,002,QTTZDBXZ,第1章 某些传染病和寄生虫病 (A00-B99)
A41.805,真菌败血症,002,ZJBXZ,第1章 某些传染病和寄生虫病 (A00-B99)
A41.806,胆源性败血症,007,DYXBXZ,第1章 某些传染病和寄生虫病 (A00-B99)
A41.807,败血症(由其他革兰氏阳性病原体引起),007,BXZYQTGLSYXBYTYQ,第1章 某些传染病和寄生虫病 (A00-B99)
A41.808,新型隐球菌败血症,007,XXYQJBXZ,第1章 某些传染病和寄生虫病 (A00-B99)
A41.809,大肠艾希氏菌败血症,007,DCAXSJBXZ,第1章 某些传染病和寄生虫病 (A00-B99)
A41.901,败血症,002,BXZ,第1章 某些传染病和寄生虫病 (A00-B99)
A41.902,脓毒血症,002,NDXZ,第1章 某些传染病和寄生虫病 (A00-B99)
A41.903,全身感染,007,QSGR,第1章 某些传染病和寄生虫病 (A00-B99)
A41.904,变应性亚败血症,02,BYXYBXZ,第1章 某些传染病和寄生虫病 (A00-B99)
A42.001,肺放线菌病,002,FFXJB,第1章 某些传染病和寄生虫病 (A00-B99)
A42.201,颈面部放线菌病,002,JMBFXJB,第1章 某些传染病和寄生虫病 (A00-B99)
A42.801,乳腺放线菌病,002,RXFXJB,第1章 某些传染病和寄生虫病 (A00-B99)
A42.901,放线菌病,002,FXJB,第1章 某些传染病和寄生虫病 (A00-B99)
A43.001+ J99.801*,肺诺卡氏菌病,002,FNKSJB,第1章 某些传染病和寄生虫病 (A00-B99)
A43.801,播散性诺卡氏菌感染,002,BSXNKSJGR,第1章 某些传染病和寄生虫病 (A00-B99)
A43.901,诺卡氏菌病,002,NKSJB,第1章 某些传染病和寄生虫病 (A00-B99)
A46  01,丹毒,002,DD,第1章 某些传染病和寄生虫病 (A00-B99)
A48.001,气性坏疽,002,QXHJ,第1章 某些传染病和寄生虫病 (A00-B99)
A48.002,梭状芽胞杆菌感染,002,SZYBGJGR,第1章 某些传染病和寄生虫病 (A00-B99)
A48.101,军团病,002,JTB,第1章 某些传染病和寄生虫病 (A00-B99)
A48.801,鼻硬结病,002,BYJB,第1章 某些传染病和寄生虫病 (A00-B99)
A48.802,坏死性杆菌病,002,HSXGJB,第1章 某些传染病和寄生虫病 (A00-B99)
A49.001,金黄色葡萄球菌感染,002,JHSPTQJGR,第1章 某些传染病和寄生虫病 (A00-B99)
A49.002,葡萄球菌感染,002,PTQJGR,第1章 某些传染病和寄生虫病 (A00-B99)
A49.003,表皮葡萄球菌感染,007,BPPTQJGR,第1章 某些传染病和寄生虫病 (A00-B99)
A49.101,肺炎球菌感染,002,FYQJGR,第1章 某些传染病和寄生虫病 (A00-B99)
A49.102,链球菌感染,002,LQJGR,第1章 某些传染病和寄生虫病 (A00-B99)
A49.103,链球菌感染综合症,002,LQJGRZHZ,第1章 某些传染病和寄生虫病 (A00-B99)
A49.201,流感嗜血杆菌感染(H.流感杆菌),002,LGSXGJGRLGGJ,第1章 某些传染病和寄生虫病 (A00-B99)
A49.301,支原体感染,002,ZYTGR,第1章 某些传染病和寄生虫病 (A00-B99)
A49.801,变形杆菌感染,002,BXGJGR,第1章 某些传染病和寄生虫病 (A00-B99)
A49.802,大肠埃希氏杆菌感染(大肠杆菌),002,DCAXSGJGRDCGJ,第1章 某些传染病和寄生虫病 (A00-B99)
A49.803,弗里德兰德氏杆菌感染(肺炎杆菌),002,FLDLDSGJGRFYGJ,第1章 某些传染病和寄生虫病 (A00-B99)
A49.804,假单胞菌感染,002,JDBJGR,第1章 某些传染病和寄生虫病 (A00-B99)
A49.805,克雷白氏肺炎杆菌感染,002,KLBSFYGJGR,第1章 某些传染病和寄生虫病 (A00-B99)
A49.806,克雷白氏杆菌感染,002,KLBSGJGR,第1章 某些传染病和寄生虫病 (A00-B99)
A49.807,雷极氏普鲁菲登氏菌感染,002,LJSPLFDSJGR,第1章 某些传染病和寄生虫病 (A00-B99)
A49.808,绿脓杆菌感染,002,LNGJGR,第1章 某些传染病和寄生虫病 (A00-B99)
A49.809,螺旋杆菌感染,002,LXGJGR,第1章 某些传染病和寄生虫病 (A00-B99)
A49.810,其他特指的细菌感染,002,QTTZDXJGR,第1章 某些传染病和寄生虫病 (A00-B99)
A49.811,沙雷氏菌感染,002,SLSJGR,第1章 某些传染病和寄生虫病 (A00-B99)
A49.812,幽门螺旋杆菌感染,002,YMLXGJGR,第1章 某些传染病和寄生虫病 (A00-B99)
A49.813,幽门弯曲菌感染(螺旋杆菌),007,YMWQJGRLXGJ,第1章 某些传染病和寄生虫病 (A00-B99)
A49.814,肺炎雷克伯杆菌感染,007,FYLKBGJGR,第1章 某些传染病和寄生虫病 (A00-B99)
A49.815,细球菌感染,007,XQJGR,第1章 某些传染病和寄生虫病 (A00-B99)
A49.816,肺部硝酸盐阴性杆菌及念珠菌感染,007,FBXSYYXGJJNZJGR,第1章 某些传染病和寄生虫病 (A00-B99)
A49.817,弗代肝菌感染,007,FDGJGR,第1章 某些传染病和寄生虫病 (A00-B99)
A49.901,菌血症,002,JXZ,第1章 某些传染病和寄生虫病 (A00-B99)
A49.902,细菌性感染,002,XJXGR,第1章 某些传染病和寄生虫病 (A00-B99)
A50.301+ H19.201*,点状角膜炎,013,DZJMY,第1章 某些传染病和寄生虫病 (A00-B99)
A50.302+ H19.202*,梅毒性深层点状角膜炎,013,MDXSCDZJMY,第1章 某些传染病和寄生虫病 (A00-B99)
A50.501,梅毒性牙(赫秦生氏牙),013,MDXYHQSSY,第1章 某些传染病和寄生虫病 (A00-B99)
A50.901,先天性梅毒,013,XTXMD,第1章 某些传染病和寄生虫病 (A00-B99)
A51.301,皮肤二期梅毒,013,PFEQMD,第1章 某些传染病和寄生虫病 (A00-B99)
A51.302,皮肤梅毒,013,PFMD,第1章 某些传染病和寄生虫病 (A00-B99)
A51.401,二期梅毒,013,EQMD,第1章 某些传染病和寄生虫病 (A00-B99)
A51.402+ H32.001*,梅毒性脉络膜视网膜炎,013,MDXMLMSWMY,第1章 某些传染病和寄生虫病 (A00-B99)
A51.403,梅毒性淋巴结炎,013,MDXLBJY,第1章 某些传染病和寄生虫病 (A00-B99)
A52.001+ I52.001*,梅毒性冠状动脉口狭窄,013,MDXGZDMKXZ,第1章 某些传染病和寄生虫病 (A00-B99)
A52.002+ I98.001*,梅毒性心血管疾病,013,MDXXXGJB,第1章 某些传染病和寄生虫病 (A00-B99)
A52.003+ I52.002*,梅毒性心脏病,013,MDXXZB,第1章 某些传染病和寄生虫病 (A00-B99)
A52.004+ I41.001*,梅毒性心肌炎,013,MDXXJY,第1章 某些传染病和寄生虫病 (A00-B99)
A52.005+ I39.101*,梅毒性主动脉瓣闭锁不全,013,MDXZDMBBSBQ,第1章 某些传染病和寄生虫病 (A00-B99)
A52.006+ I39.102*,梅毒性主动脉瓣狭窄,013,MDXZDMBXZ,第1章 某些传染病和寄生虫病 (A00-B99)
A52.007+ I39.103*,梅毒性主动脉瓣狭窄闭锁不全,013,MDXZDMBXZBSBQ,第1章 某些传染病和寄生虫病 (A00-B99)
A52.008+ I79.001*,梅毒性主动脉瘤,013,MDXZDML,第1章 某些传染病和寄生虫病 (A00-B99)
A52.009+ I79.101*,梅毒性主动脉炎,013,MDXZDMY,第1章 某些传染病和寄生虫病 (A00-B99)
A52.101,胃危象,013,WWX,第1章 某些传染病和寄生虫病 (A00-B99)
A52.102+ H58.001*,阿-罗氏瞳孔,013,ALSTK,第1章 某些传染病和寄生虫病 (A00-B99)
A52.103+ M14.601*,夏科氏关节病,013,XKSGJB,第1章 某些传染病和寄生虫病 (A00-B99)
A52.105+ G22  01*,梅毒性帕金森氏综合征,013,MDXPJSSZHZ,第1章 某些传染病和寄生虫病 (A00-B99)
A52.106,脊髓性共济失调,013,JSXGJST,第1章 某些传染病和寄生虫病 (A00-B99)
A52.107,梅毒性脑膜炎,013,MDXNMY,第1章 某些传染病和寄生虫病 (A00-B99)
A52.301,神经梅毒,013,SJMD,第1章 某些传染病和寄生虫病 (A00-B99)
A52.701,梅毒瘤,013,MDL,第1章 某些传染病和寄生虫病 (A00-B99)
A52.702+ K77.001*,二期梅毒性肝炎,013,EQMDXGY,第1章 某些传染病和寄生虫病 (A00-B99)
A52.801,晚期潜伏性梅毒,013,WQQFXMD,第1章 某些传染病和寄生虫病 (A00-B99)
A52.901,晚期梅毒,013,WQMD,第1章 某些传染病和寄生虫病 (A00-B99)
A53.001,隐性梅毒,013,YXMD,第1章 某些传染病和寄生虫病 (A00-B99)
A53.901,梅毒,013,MD,第1章 某些传染病和寄生虫病 (A00-B99)
A54.001,淋菌性阴道炎,014,LJXYDY,第1章 某些传染病和寄生虫病 (A00-B99)
A54.002,下泌尿生殖道淋病,014,XMNSZDLB,第1章 某些传染病和寄生虫病 (A00-B99)
A54.201+ N74.301*,淋球菌性盆腔炎,014,LQJXPQY,第1章 某些传染病和寄生虫病 (A00-B99)
A54.202+ N74.301*,"淋球菌性盆腔炎,女性",014,LQJXPQYNX,第1章 某些传染病和寄生虫病 (A00-B99)
A54.203+ N51.001*,淋菌性前列腺炎,014,LJXQLXY,第1章 某些传染病和寄生虫病 (A00-B99)
A54.204,上泌尿生殖道淋病,014,SMNSZDLB,第1章 某些传染病和寄生虫病 (A00-B99)
A54.301,淋球菌性结膜炎,014,LQJXJMY,第1章 某些传染病和寄生虫病 (A00-B99)
A54.801,其他特指部位的淋球菌感染,014,QTTZBWDLQJGR,第1章 某些传染病和寄生虫病 (A00-B99)
A54.802+ J17.001*,淋球菌性肺炎,014,LQJXFY,第1章 某些传染病和寄生虫病 (A00-B99)
A54.803+ K67.101*,淋球菌性腹膜炎,014,LQJXFMY,第1章 某些传染病和寄生虫病 (A00-B99)
A54.804+ G01  09*,淋球菌性脑膜炎,014,LQJXNMY,第1章 某些传染病和寄生虫病 (A00-B99)
A54.805+ G07  06*,淋球菌性脑脓肿,014,LQJXNNZ,第1章 某些传染病和寄生虫病 (A00-B99)
A54.806+ I32.001*,淋球菌性心包炎,014,LQJXXBY,第1章 某些传染病和寄生虫病 (A00-B99)
A54.807+ I41.002*,淋球菌性心肌炎,014,LQJXXJY,第1章 某些传染病和寄生虫病 (A00-B99)
A54.808+ I39.801*,淋球菌性心内膜炎,014,LQJXXNMY,第1章 某些传染病和寄生虫病 (A00-B99)
A54.901,淋病,014,LB,第1章 某些传染病和寄生虫病 (A00-B99)
A54.902,慢性淋球菌感染,014,MXLQJGR,第1章 某些传染病和寄生虫病 (A00-B99)
A55  01,性病性淋巴肉芽肿,012,XBXLBRYZ,第1章 某些传染病和寄生虫病 (A00-B99)
A56.001,衣原体性阴道炎,012,YYTXYDY,第1章 某些传染病和寄生虫病 (A00-B99)
A56.002,宫颈衣原体感染,012,GJYYTGR,第1章 某些传染病和寄生虫病 (A00-B99)
A57  01,软下疳,012,RXG,第1章 某些传染病和寄生虫病 (A00-B99)
A57  02,外阴下疳,012,WYXG,第1章 某些传染病和寄生虫病 (A00-B99)
A57  03,阴茎下疳,012,YJXG,第1章 某些传染病和寄生虫病 (A00-B99)
A58  01,腹股沟肉芽肿 (溃疡性),012,FGGRYZKYX,第1章 某些传染病和寄生虫病 (A00-B99)
A59.001+ N37.001*,滴虫性尿道炎,012,DCXNDY,第1章 某些传染病和寄生虫病 (A00-B99)
A59.002+ N77.101*,滴虫性阴道炎,012,DCXYDY,第1章 某些传染病和寄生虫病 (A00-B99)
A59.901,毛滴虫病,012,MDCB,第1章 某些传染病和寄生虫病 (A00-B99)
A60.001,生殖器疱疹,012,SZQPZ,第1章 某些传染病和寄生虫病 (A00-B99)
A60.001+ N51.801*,阴茎单纯疱疹,012,YJDCPZ,第1章 某些传染病和寄生虫病 (A00-B99)
A63.001,尖锐湿疣,012,JRSY,第1章 某些传染病和寄生虫病 (A00-B99)
A63.002,湿疣,012,SY,第1章 某些传染病和寄生虫病 (A00-B99)
A63.003,外阴尖锐湿疣,012,WYJRSY,第1章 某些传染病和寄生虫病 (A00-B99)
A63.004,外阴湿疣,012,WYSY,第1章 某些传染病和寄生虫病 (A00-B99)
A66.401,雅司病，树胶肿和溃疡,012,YSBSJZHKY,第1章 某些传染病和寄生虫病 (A00-B99)
A66.501+ J998.801*,雅司病，毁形性鼻咽炎,012,YSBHXXBYY,第1章 某些传染病和寄生虫病 (A00-B99)
A66.501+ M90.201*,雅司病，骨和关节损害,012,YSBGHGJSH,第1章 某些传染病和寄生虫病 (A00-B99)
A66.901,雅司病，未特指者,012,YSBWTZZ,第1章 某些传染病和寄生虫病 (A00-B99)
A67.001,品他病，初期损害者,012,PTBCQSHZ,第1章 某些传染病和寄生虫病 (A00-B99)
A67.101,品他病，中期损害者,012,PTBZQSHZ,第1章 某些传染病和寄生虫病 (A00-B99)
A67.201,品他病，晚期损害者,012,PTBWQSHZ,第1章 某些传染病和寄生虫病 (A00-B99)
A67.301,品他病，混合性损害,012,PTBHHXSH,第1章 某些传染病和寄生虫病 (A00-B99)
A67.901,品他病，未特指者,012,PTBWTZZ,第1章 某些传染病和寄生虫病 (A00-B99)
A68.001,虱媒介性回归热,002,SMJXHGR,第1章 某些传染病和寄生虫病 (A00-B99)
A68.901,回归热,002,HGR,第1章 某些传染病和寄生虫病 (A00-B99)
A69.001,走马疳,002,ZMG,第1章 某些传染病和寄生虫病 (A00-B99)
A69.201,莱姆病,002,LMB,第1章 某些传染病和寄生虫病 (A00-B99)
A69.901,螺旋体感染,002,LXTGR,第1章 某些传染病和寄生虫病 (A00-B99)
A69.902+ M01.801*,螺旋体感染性关节炎,002,LXTGRXGJY,第1章 某些传染病和寄生虫病 (A00-B99)
A69.903+ I67.702*,钩端螺旋体性脑动脉炎,002,GDLXTXNDMY,第1章 某些传染病和寄生虫病 (A00-B99)
A70  01,鹦鹉热,002,YWR,第1章 某些传染病和寄生虫病 (A00-B99)
A71.101,沙眼性角膜炎,002,SYXJMY,第1章 某些传染病和寄生虫病 (A00-B99)
A71.102,沙眼性血管翳,002,SYXXGY,第1章 某些传染病和寄生虫病 (A00-B99)
A71.103,沙眼活动期,007,SYHDQ,第1章 某些传染病和寄生虫病 (A00-B99)
A71.901,沙眼,002,SY,第1章 某些传染病和寄生虫病 (A00-B99)
A74.901,衣原体感染,002,YYTGR,第1章 某些传染病和寄生虫病 (A00-B99)
A75.001,流行性斑疹伤寒,016,LXXBZSH,第1章 某些传染病和寄生虫病 (A00-B99)
A75.201,地方性斑疹伤寒(鼠型斑疹伤寒),016,DFXBZSHSXBZSH,第1章 某些传染病和寄生虫病 (A00-B99)
A75.202,鼠型斑疹伤寒肠炎,016,SXBZSHCY,第1章 某些传染病和寄生虫病 (A00-B99)
A75.301,恙虫病,016,YCB,第1章 某些传染病和寄生虫病 (A00-B99)
A75.901,斑疹伤寒,016,BZSH,第1章 某些传染病和寄生虫病 (A00-B99)
A78  01,寇热,002,KR,第1章 某些传染病和寄生虫病 (A00-B99)
A79.801,附红细胞体病,002,FHXBTB,第1章 某些传染病和寄生虫病 (A00-B99)
A79.802,人粒细胞无形体病,002,RLXBWXTB,第1章 某些传染病和寄生虫病 (A00-B99)
A79.901,立克次氏体病,002,LKCSTB,第1章 某些传染病和寄生虫病 (A00-B99)
A79.902,立克次体感染,002,LKCTGR,第1章 某些传染病和寄生虫病 (A00-B99)
A80.901,急性脊髓灰质炎,002,JXJSHZY,第1章 某些传染病和寄生虫病 (A00-B99)
A80.902,脊髓前角灰质炎,002,JSQJHZY,第1章 某些传染病和寄生虫病 (A00-B99)
A81.001,雅-克二氏病(痉挛性假硬化)(亚急性海绵,002,YKESBJLXJYHYJXHM,第1章 某些传染病和寄生虫病 (A00-B99)
A81.101,亚急性包涵体脑炎(亚急性硬化性全脑炎),002,YJXBHTNYYJXYHXQNY,第1章 某些传染病和寄生虫病 (A00-B99)
A81.201,播散性坏死性脑白质病,002,BSXHSXNBZB,第1章 某些传染病和寄生虫病 (A00-B99)
A82.901,狂犬病,002,KQB,第1章 某些传染病和寄生虫病 (A00-B99)
A83.001,流行性乙型脑炎(日本脑炎),015,LXXYXNYRBNY,第1章 某些传染病和寄生虫病 (A00-B99)
A86  01,病毒性脑膜脑炎,002,BDXNMNY,第1章 某些传染病和寄生虫病 (A00-B99)
A86  02,病毒性脑炎,002,BDXNY,第1章 某些传染病和寄生虫病 (A00-B99)
A86.003,病毒性脑膜反应,007,BDXNMFY,第1章 某些传染病和寄生虫病 (A00-B99)
A86.005,葡萄膜大脑炎(病毒性),007,PTMDNYBDX,第1章 某些传染病和寄生虫病 (A00-B99)
A86.012,急性脑膜脑炎,002,JXNMNY,第1章 某些传染病和寄生虫病 (A00-B99)
A87.101+ G02.001*,腺性脑膜炎,002,XXNMY,第1章 某些传染病和寄生虫病 (A00-B99)
A87.901,病毒性脑膜炎,002,BDXNMY,第1章 某些传染病和寄生虫病 (A00-B99)
A87.902,病毒性脑脊髓膜炎,007,BDXNJSMY,第1章 某些传染病和寄生虫病 (A00-B99)
A87.903,乙脑病毒性脑膜炎,002,YNBDXNMY,第1章 某些传染病和寄生虫病 (A00-B99)
A90  01,登革热,002,DGR,第1章 某些传染病和寄生虫病 (A00-B99)
A91  02,登革出血热,002,DGCXR,第1章 某些传染病和寄生虫病 (A00-B99)
A93.801,其它蜱媒介的出血热,002,QTPMJDCXR,第1章 某些传染病和寄生虫病 (A00-B99)
A94.001,节肢动物媒介病毒出血热,007,JZDWMJBDCXR,第1章 某些传染病和寄生虫病 (A00-B99)
A95.901,黄热病,002,HRB,第1章 某些传染病和寄生虫病 (A00-B99)
A95.902+ K77.002*,黄热病肝炎,002,HRBGY,第1章 某些传染病和寄生虫病 (A00-B99)
A98.501+ N08.001*,出血性肾变病性肾炎,002,CXXSBBXSY,第1章 某些传染病和寄生虫病 (A00-B99)
A98.502+ N08.002*,流行性出血热(肾综合征出血热),002,LXXCXRSZHZCXR,第1章 某些传染病和寄生虫病 (A00-B99)
A98.503+ N08.003*,病毒性肾炎,002,BDXSY,第1章 某些传染病和寄生虫病 (A00-B99)
A99  01,病毒性出血热,002,BDXCXR,第1章 某些传染病和寄生虫病 (A00-B99)
B00.001,卡波济氏水痘样疹,002,KBJSSDYZ,第1章 某些传染病和寄生虫病 (A00-B99)
B00.002,疱疹性湿疹,002,PZXSZ,第1章 某些传染病和寄生虫病 (A00-B99)
B00.201,口腔疱疹,002,KQPZ,第1章 某些传染病和寄生虫病 (A00-B99)
B00.202,疱疹性咽峡炎,002,PZXYXY,第1章 某些传染病和寄生虫病 (A00-B99)
B00.203,疱疹性咽炎,002,PZXYY,第1章 某些传染病和寄生虫病 (A00-B99)
B00.204,疱疹性龈口炎,002,PZXYKY,第1章 某些传染病和寄生虫病 (A00-B99)
B00.205,急性疱疹性口周炎,007,JXPZXKZY,第1章 某些传染病和寄生虫病 (A00-B99)
B00.301+ G02.001*,疱疹性脑膜炎,002,PZXNMY,第1章 某些传染病和寄生虫病 (A00-B99)
B00.401+ G05.101*,疱疹性脑炎,002,PZXNY,第1章 某些传染病和寄生虫病 (A00-B99)
B00.501+ H19.101*,病毒性角膜炎,002,BDXJMY,第1章 某些传染病和寄生虫病 (A00-B99)
B00.502+ H58.801*,单纯性疱疹伴眼部并发症,002,DCXPZBYBBFZ,第1章 某些传染病和寄生虫病 (A00-B99)
B00.503+ H13.101*,疱疹性结膜炎,002,PZXJMY,第1章 某些传染病和寄生虫病 (A00-B99)
B00.504+ H19.102*,疱疹性眼炎,002,PZXYY,第1章 某些传染病和寄生虫病 (A00-B99)
B00.505+ H19.103*,树枝状角膜炎,002,SZZJMY,第1章 某些传染病和寄生虫病 (A00-B99)
B00.506+ H19.101*,单纯性疱疹性角膜炎,002,DCXPZXJMY,第1章 某些传染病和寄生虫病 (A00-B99)
B00.701,疱疹性败血症,002,PZXBXZ,第1章 某些传染病和寄生虫病 (A00-B99)
B00.801,EB病毒肠炎,002,BDCY,第1章 某些传染病和寄生虫病 (A00-B99)
B00.802+ K77.003*,EB病毒感染的病毒性肝炎,002,BDGRDBDXGY,第1章 某些传染病和寄生虫病 (A00-B99)
B00.803+ K77.004*,EB病毒感染的病毒性肝炎伴肝昏迷,002,BDGRDBDXGYBGHM,第1章 某些传染病和寄生虫病 (A00-B99)
B00.901,EB 病毒感染,002,BDGR,第1章 某些传染病和寄生虫病 (A00-B99)
B00.902,单纯疱疹,002,DCPZ,第1章 某些传染病和寄生虫病 (A00-B99)
B00.903,疱疹,002,PZ,第1章 某些传染病和寄生虫病 (A00-B99)
B01.901,水痘,002,SD,第1章 某些传染病和寄生虫病 (A00-B99)
B02.001+ G05.102*,带状疱疹性神经根脊髓炎,002,DZPZXSJGJSY,第1章 某些传染病和寄生虫病 (A00-B99)
B02.101+ G02.002*,带状疱疹性脑膜炎,073,DZPZXNMY,第1章 某些传染病和寄生虫病 (A00-B99)
B02.201+ G53.101*,带状疱疹性多颅神经麻痹,002,DZPZXDLSJMB,第1章 某些传染病和寄生虫病 (A00-B99)
B02.202+ G53.003*,带状疱疹后坐骨神经痛,002,DZPZHZGSJT,第1章 某些传染病和寄生虫病 (A00-B99)
B02.203+ G53.001*,带状疱疹性神经根炎,002,DZPZXSJGY,第1章 某些传染病和寄生虫病 (A00-B99)
B02.204+ G53.002*,亨特氏综合征(耳部带状疱疹),002,HTSZHZEBDZPZ,第1章 某些传染病和寄生虫病 (A00-B99)
B02.205+ G53.003*,疱疹后三叉神经痛,002,PZHSCSJT,第1章 某些传染病和寄生虫病 (A00-B99)
B02.206+ G53.004*,疱疹后神经痛,002,PZHSJT,第1章 某些传染病和寄生虫病 (A00-B99)
B02.301+ H58.802*,带状疱疹伴眼部并发症,002,DZPZBYBBFZ,第1章 某些传染病和寄生虫病 (A00-B99)
B02.302+ H13.102*,带状疱疹性眼炎,002,DZPZXYY,第1章 某些传染病和寄生虫病 (A00-B99)
B02.303+ H03.101*,眼睑带状疱疹,002,YJDZPZ,第1章 某些传染病和寄生虫病 (A00-B99)
B02.801+ H62.101*,外耳带状疱疹,002,WEDZPZ,第1章 某些传染病和寄生虫病 (A00-B99)
B02.901,带状疱疹,002,DZPZ,第1章 某些传染病和寄生虫病 (A00-B99)
B03  01,天花,002,TH,第1章 某些传染病和寄生虫病 (A00-B99)
B05.001+ G05.103*,麻疹后脑炎,002,MZHNY,第1章 某些传染病和寄生虫病 (A00-B99)
B05.201+ J17.101*,麻疹合并肺炎,002,MZHBFY,第1章 某些传染病和寄生虫病 (A00-B99)
B05.301+ H67.101*,麻疹后中耳炎,002,MZHZEY,第1章 某些传染病和寄生虫病 (A00-B99)
B05.801+ J99.802*,麻疹并喉炎,002,MZBHY,第1章 某些传染病和寄生虫病 (A00-B99)
B05.901,麻疹,002,MZ,第1章 某些传染病和寄生虫病 (A00-B99)
B06.901,风疹(流行性蔷薇疹),002,FZLXXQWZ,第1章 某些传染病和寄生虫病 (A00-B99)
B07  01,扁平疣,002,BPY,第1章 某些传染病和寄生虫病 (A00-B99)
B07  02,病毒性疣,002,BDXY,第1章 某些传染病和寄生虫病 (A00-B99)
B07  03,寻常疣,002,XCY,第1章 某些传染病和寄生虫病 (A00-B99)
B07  04,疣,002,Y,第1章 某些传染病和寄生虫病 (A00-B99)
B07  05,指状疣,002,ZZY,第1章 某些传染病和寄生虫病 (A00-B99)
B07.802,&型肝炎伴肝昏迷,017,XGYBGHM,第1章 某些传染病和寄生虫病 (A00-B99)
B08.001,副牛痘,002,FND,第1章 某些传染病和寄生虫病 (A00-B99)
B08.101,传染性软疣,002,CRXRY,第1章 某些传染病和寄生虫病 (A00-B99)
B08.201,幼儿急疹(婴儿玫瑰疹),002,YEJZYEMGZ,第1章 某些传染病和寄生虫病 (A00-B99)
B08.301,传染性红斑,002,CRXHB,第1章 某些传染病和寄生虫病 (A00-B99)
B08.401,手足口病,002,SZKB,第1章 某些传染病和寄生虫病 (A00-B99)
B08.501,水疱性咽炎,002,SPXYY,第1章 某些传染病和寄生虫病 (A00-B99)
B08.801,急性淋巴结节性咽炎,002,JXLBJJXYY,第1章 某些传染病和寄生虫病 (A00-B99)
B08.802,口蹄疫,002,KTY,第1章 某些传染病和寄生虫病 (A00-B99)
B08.803,流行性粟疹热,002,LXXSZR,第1章 某些传染病和寄生虫病 (A00-B99)
B09  01,病毒性皮疹,002,BDXPZ,第1章 某些传染病和寄生虫病 (A00-B99)
B09.001,病毒疹,007,BDZ,第1章 某些传染病和寄生虫病 (A00-B99)
B15.001,甲型病毒性肝炎伴肝昏迷,017,JXBDXGYBGHM,第1章 某些传染病和寄生虫病 (A00-B99)
B15.901,甲型肝炎,017,JXGY,第1章 某些传染病和寄生虫病 (A00-B99)
B15.902,传染性肝炎,017,CRXGY,第1章 某些传染病和寄生虫病 (A00-B99)
B15.903,急性黄疸型甲型病毒性肝炎,017,JXHDXJXBDXGY,第1章 某些传染病和寄生虫病 (A00-B99)
B15.904,急性无黄疸型甲型病毒性肝炎,017,JXWHDXJXBDXGY,第1章 某些传染病和寄生虫病 (A00-B99)
B15.905,甲型病毒性肝炎胆汁淤积型,017,JXBDXGYDZYJX,第1章 某些传染病和寄生虫病 (A00-B99)
B15.906,甲型病毒性肝炎亚急性重型,017,JXBDXGYYJXZX,第1章 某些传染病和寄生虫病 (A00-B99)
B15.907,甲型病毒性重型肝炎,017,JXBDXZXGY,第1章 某些传染病和寄生虫病 (A00-B99)
B15.908,甲肝病毒感染,017,JGBDGR,第1章 某些传染病和寄生虫病 (A00-B99)
B16.201,乙型病毒性肝炎伴肝昏迷,017,YXBDXGYBGHM,第1章 某些传染病和寄生虫病 (A00-B99)
B16.202,乙型肝炎黄疸型伴肝昏迷,017,YXGYHDXBGHM,第1章 某些传染病和寄生虫病 (A00-B99)
B16.203,乙型肝炎无黄疸型伴肝昏迷,017,YXGYWHDXBGHM,第1章 某些传染病和寄生虫病 (A00-B99)
B16.901,急性黄疸型乙型病毒性肝炎,017,JXHDXYXBDXGY,第1章 某些传染病和寄生虫病 (A00-B99)
B16.902,急性无黄疸型乙型病毒性肝炎,017,JXWHDXYXBDXGY,第1章 某些传染病和寄生虫病 (A00-B99)
B16.903,输血后肝炎,017,SXHGY,第1章 某些传染病和寄生虫病 (A00-B99)
B16.904,血清性肝炎,017,XQXGY,第1章 某些传染病和寄生虫病 (A00-B99)
B16.905,乙型病毒性肝炎,017,YXBDXGY,第1章 某些传染病和寄生虫病 (A00-B99)
B16.906,乙型病毒性重型肝炎,017,YXBDXZXGY,第1章 某些传染病和寄生虫病 (A00-B99)
B16.907,乙型病毒性肝炎胆汁淤积型,017,YXBDXGYDZYJX,第1章 某些传染病和寄生虫病 (A00-B99)
B16.908,乙型病毒性肝炎急性重型,017,YXBDXGYJXZX,第1章 某些传染病和寄生虫病 (A00-B99)
B16.909,乙型病毒性肝炎亚急性重型,017,YXBDXGYYJXZX,第1章 某些传染病和寄生虫病 (A00-B99)
B17.101,丙型病毒性肝炎,017,BXBDXGY,第1章 某些传染病和寄生虫病 (A00-B99)
B17.102,急性丙型病毒性肝炎伴黄疸型,017,JXBXBDXGYBHDX,第1章 某些传染病和寄生虫病 (A00-B99)
B17.103,"急性丙型病毒性肝炎,无黄疸型",017,JXBXBDXGYWHDX,第1章 某些传染病和寄生虫病 (A00-B99)
B17.104,"急性丙型病毒性肝炎,重型",017,JXBXBDXGYZX,第1章 某些传染病和寄生虫病 (A00-B99)
B17.105,"亚急性丙型病毒性肝炎,重型",017,YJXBXBDXGYZX,第1章 某些传染病和寄生虫病 (A00-B99)
B17.106,丙型病毒性黄疸性肝炎,017,BXBDXHDXGY,第1章 某些传染病和寄生虫病 (A00-B99)
B17.201,戊型病毒性肝炎,017,WXBDXGY,第1章 某些传染病和寄生虫病 (A00-B99)
B17.202,戊型病毒性肝炎胆汁淤积型,017,WXBDXGYDZYJX,第1章 某些传染病和寄生虫病 (A00-B99)
B17.203,戊型病毒性肝炎急性黄疸型,017,WXBDXGYJXHDX,第1章 某些传染病和寄生虫病 (A00-B99)
B17.204,戊型病毒性肝炎急性无黄疸型,017,WXBDXGYJXWHDX,第1章 某些传染病和寄生虫病 (A00-B99)
B17.205,戊型病毒性肝炎急性重型,017,WXBDXGYJXZX,第1章 某些传染病和寄生虫病 (A00-B99)
B17.206,戊型病毒性肝炎亚急性重型,017,WXBDXGYYJXZX,第1章 某些传染病和寄生虫病 (A00-B99)
B17.801,丁型肝炎,017,DXGY,第1章 某些传染病和寄生虫病 (A00-B99)
B17.802,丁型肝炎伴肝昏迷,017,DXGYBGHM,第1章 某些传染病和寄生虫病 (A00-B99)
B17.803,"病毒性肝炎,重叠感染",017,BDXGYCDGR,第1章 某些传染病和寄生虫病 (A00-B99)
B17.805,丁型病毒性肝炎,017,DXBDXGY,第1章 某些传染病和寄生虫病 (A00-B99)
B17.806,非甲非乙型肝炎,017,FJFYXGY,第1章 某些传染病和寄生虫病 (A00-B99)
B17.807,双重病毒感染性黄疸性肝炎,017,SCBDGRXHDXGY,第1章 某些传染病和寄生虫病 (A00-B99)
B17.808,双重病毒感染性肝炎,017,SCBDGRXGY,第1章 某些传染病和寄生虫病 (A00-B99)
B17.809,三重感染性肝炎,017,SCGRXGY,第1章 某些传染病和寄生虫病 (A00-B99)
B17.810,三重感染性黄疸性肝炎,017,SCGRXHDXGY,第1章 某些传染病和寄生虫病 (A00-B99)
B17.811,庚型肝炎,017,GXGY,第1章 某些传染病和寄生虫病 (A00-B99)
B17.812,急性黄疸性丁型肝炎,017,JXHDXDXGY,第1章 某些传染病和寄生虫病 (A00-B99)
B17.813,其他特指的病毒性肝炎伴肝昏迷,017,QTTZDBDXGYBGHM,第1章 某些传染病和寄生虫病 (A00-B99)
B17.814,其他特指的重症病毒性肝炎,017,QTTZDZZBDXGY,第1章 某些传染病和寄生虫病 (A00-B99)
B17.815,急性病毒性黄胆型肝炎(除外甲.乙型)伴肝昏,017,JXBDXHDXGYCWJYXBGH,第1章 某些传染病和寄生虫病 (A00-B99)
B17.816,急性非黄胆型病毒性肝炎(非甲非乙型)伴肝昏,017,JXFHDXBDXGYFJFYXBGH,第1章 某些传染病和寄生虫病 (A00-B99)
B18.101,慢性活动性乙型肝炎,017,MXHDXYXGY,第1章 某些传染病和寄生虫病 (A00-B99)
B18.103,慢性迁延型乙型病毒性肝炎,017,MXQYXYXBDXGY,第1章 某些传染病和寄生虫病 (A00-B99)
B18.104+ N08.003*,乙型肝炎相关性肾炎,017,YXGYXGXSY,第1章 某些传染病和寄生虫病 (A00-B99)
B18.106,乙型肝炎(重症型),017,YXGYZZX,第1章 某些传染病和寄生虫病 (A00-B99)
B18.201,慢性活动性丙型病毒性肝炎,017,MXHDXBXBDXGY,第1章 某些传染病和寄生虫病 (A00-B99)
B18.202,慢性迁延性丙型病毒性肝炎,017,MXQYXBXBDXGY,第1章 某些传染病和寄生虫病 (A00-B99)
B18.203,慢性重型丙型病毒性肝炎,017,MXZXBXBDXGY,第1章 某些传染病和寄生虫病 (A00-B99)
B18.801,慢性甲型活动性肝炎,017,MXJXHDXGY,第1章 某些传染病和寄生虫病 (A00-B99)
B18.802,重叠性病毒性肝炎,017,CDXBDXGY,第1章 某些传染病和寄生虫病 (A00-B99)
B18.803,TTV(输血传播病毒肝炎),017,XBDXGY,第1章 某些传染病和寄生虫病 (A00-B99)
B18.805,庚型病毒性肝炎,017,GXBDXGY,第1章 某些传染病和寄生虫病 (A00-B99)
B18.901,慢性活动性病毒性肝炎,017,MXHDXBDXGY,第1章 某些传染病和寄生虫病 (A00-B99)
B18.902,慢性迁延性病毒性肝炎,017,MXQYXBDXGY,第1章 某些传染病和寄生虫病 (A00-B99)
B18.903,慢性重型病毒性肝炎,017,MXZXBDXGY,第1章 某些传染病和寄生虫病 (A00-B99)
B18.904,肝炎后综合征,017,GYHZHZ,第1章 某些传染病和寄生虫病 (A00-B99)
B19.001,病毒性肝炎伴肝昏迷,017,BDXGYBGHM,第1章 某些传染病和寄生虫病 (A00-B99)
B19.002,急性暴发性肝炎伴肝昏迷,017,JXBFXGYBGHM,第1章 某些传染病和寄生虫病 (A00-B99)
B19.901,暴发性肝炎(急性重症肝炎),017,BFXGYJXZZGY,第1章 某些传染病和寄生虫病 (A00-B99)
B19.902,病毒性肝炎,017,BDXGY,第1章 某些传染病和寄生虫病 (A00-B99)
B19.903,胆汁淤积型病毒性肝炎,017,DZYJXBDXGY,第1章 某些传染病和寄生虫病 (A00-B99)
B19.904,急性黄疸型病毒性肝炎,017,JXHDXBDXGY,第1章 某些传染病和寄生虫病 (A00-B99)
B19.905,急性无黄疸型病毒性肝炎,017,JXWHDXBDXGY,第1章 某些传染病和寄生虫病 (A00-B99)
B19.906,急性重型病毒性肝炎,017,JXZXBDXGY,第1章 某些传染病和寄生虫病 (A00-B99)
B19.907,亚急性重型病毒性肝炎,017,YJXZXBDXGY,第1章 某些传染病和寄生虫病 (A00-B99)
B19.908,黄疸性病毒性肝炎,017,HDXBDXGY,第1章 某些传染病和寄生虫病 (A00-B99)
B19.909,急性无黄疸性肝炎,017,JXWHDXGY,第1章 某些传染病和寄生虫病 (A00-B99)
B19.910,HBV感染,017,GR,第1章 某些传染病和寄生虫病 (A00-B99)
B19.911,抗HBC血症,017,KXZ,第1章 某些传染病和寄生虫病 (A00-B99)
B19.912,病毒性淤胆型肝炎,017,BDXYDXGY,第1章 某些传染病和寄生虫病 (A00-B99)
B24  01,艾滋病,018,AZB,第1章 某些传染病和寄生虫病 (A00-B99)
B25.101+ K77.005*,巨细胞包涵体病毒肝炎,002,JXBBHTBDGY,第1章 某些传染病和寄生虫病 (A00-B99)
B25.102+ K77.006*,巨细胞病毒感染的病毒性肝炎伴肝昏迷,002,JXBBDGRDBDXGYBGHM,第1章 某些传染病和寄生虫病 (A00-B99)
B25.901,巨细胞病毒感染,002,JXBBDGR,第1章 某些传染病和寄生虫病 (A00-B99)
B25.902,巨细胞包涵体病毒感染(Cmv感染),007,JXBBHTBDGRGR,第1章 某些传染病和寄生虫病 (A00-B99)
B26.001+ N51.103*,流行性腮腺炎性睾丸炎,002,LXXSXYXGWY,第1章 某些传染病和寄生虫病 (A00-B99)
B26.101+ G02.003*,流行性腮腺炎性脑膜炎,002,LXXSXYXNMY,第1章 某些传染病和寄生虫病 (A00-B99)
B26.201+ G05.104*,流行性腮腺炎性脑脊髓炎,002,LXXSXYXNJSY,第1章 某些传染病和寄生虫病 (A00-B99)
B26.202+ G05.105*,流行性腮腺炎性脑膜脑炎,002,LXXSXYXNMNY,第1章 某些传染病和寄生虫病 (A00-B99)
B26.203+ G05.106*,流行性腮腺炎性脑炎,002,LXXSXYXNY,第1章 某些传染病和寄生虫病 (A00-B99)
B26.301+ K87.101*,流行性腮腺炎性胰腺炎,002,LXXSXYXYXY,第1章 某些传染病和寄生虫病 (A00-B99)
B26.801,流行性腮腺炎并其他并发症,002,LXXSXYBQTBFZ,第1章 某些传染病和寄生虫病 (A00-B99)
B26.802,流行性腮腺炎并颌下腺炎,002,LXXSXYBHXXY,第1章 某些传染病和寄生虫病 (A00-B99)
B26.803,流行性腮腺炎并胸骨前水肿,002,LXXSXYBXGQSZ,第1章 某些传染病和寄生虫病 (A00-B99)
B26.804+ I41.101*,流行性腮腺炎伴心肌炎,002,LXXSXYBXJY,第1章 某些传染病和寄生虫病 (A00-B99)
B26.805+ K77.007*,流行性腮腺炎性肝炎,002,LXXSXYXGY,第1章 某些传染病和寄生虫病 (A00-B99)
B26.806+ H13.103*,流行性腮腺炎性结膜炎,002,LXXSXYXJMY,第1章 某些传染病和寄生虫病 (A00-B99)
B26.901,流行性腮腺炎,002,LXXSXY,第1章 某些传染病和寄生虫病 (A00-B99)
B27.901,传染性单核细胞增多症,002,CRXDHXBZDZ,第1章 某些传染病和寄生虫病 (A00-B99)
B30.001+ H19.203*,流行性角膜结膜炎,002,LXXJMJMY,第1章 某些传染病和寄生虫病 (A00-B99)
B30.201+ H13.104*,咽结膜热,002,YJMR,第1章 某些传染病和寄生虫病 (A00-B99)
B30.301+ H13.105*,急性出血性结膜炎,002,JXCXXJMY,第1章 某些传染病和寄生虫病 (A00-B99)
B30.901+ H13.106*,病毒性结膜炎,002,BDXJMY,第1章 某些传染病和寄生虫病 (A00-B99)
B30.902+ H13.107*,流行性结膜炎,002,LXXJMY,第1章 某些传染病和寄生虫病 (A00-B99)
B33.001,流行性胸肌痛,002,LXXXJT,第1章 某些传染病和寄生虫病 (A00-B99)
B33.002,流行性肌痛,002,LXXJT,第1章 某些传染病和寄生虫病 (A00-B99)
B33.201+ I41.102*,新生儿无菌性心肌炎,002,XSEWJXXJY,第1章 某些传染病和寄生虫病 (A00-B99)
B33.801,传染性淋巴细胞增多症,002,CRXLBXBZDZ,第1章 某些传染病和寄生虫病 (A00-B99)
B33.802,急性传染性淋巴细胞增多症,002,JXCRXLBXBZDZ,第1章 某些传染病和寄生虫病 (A00-B99)
B33.803,中枢神经系统病毒感染,007,ZSSJXTBDGR,第1章 某些传染病和寄生虫病 (A00-B99)
B34.001,腺病毒感染,002,XBDGR,第1章 某些传染病和寄生虫病 (A00-B99)
B34.101,埃可病毒感染,002,AKBDGR,第1章 某些传染病和寄生虫病 (A00-B99)
B34.102,柯萨奇病毒感染,002,KSQBDGR,第1章 某些传染病和寄生虫病 (A00-B99)
B34.103,肠病毒感染,002,CBDGR,第1章 某些传染病和寄生虫病 (A00-B99)
B34.801,鼻病毒感染,002,BBDGR,第1章 某些传染病和寄生虫病 (A00-B99)
B34.802,EBV感染,007,GR,第1章 某些传染病和寄生虫病 (A00-B99)
B34.901,病毒感染,002,BDGR,第1章 某些传染病和寄生虫病 (A00-B99)
B35.001,脓癣,002,NX,第1章 某些传染病和寄生虫病 (A00-B99)
B35.002,头癣,002,TX,第1章 某些传染病和寄生虫病 (A00-B99)
B35.101,甲癣,002,JX,第1章 某些传染病和寄生虫病 (A00-B99)
B35.201,手癣,002,SX,第1章 某些传染病和寄生虫病 (A00-B99)
B35.301,足癣,002,ZX,第1章 某些传染病和寄生虫病 (A00-B99)
B35.401,钱癣,002,QX,第1章 某些传染病和寄生虫病 (A00-B99)
B35.402,体癣,002,TX,第1章 某些传染病和寄生虫病 (A00-B99)
B35.403,体癣(钱癣),002,TXQX,第1章 某些传染病和寄生虫病 (A00-B99)
B35.601,股癣,002,GX,第1章 某些传染病和寄生虫病 (A00-B99)
B35.901,黄癣,002,HX,第1章 某些传染病和寄生虫病 (A00-B99)
B35.902,皮真菌病(皮癣菌疹),002,PZJBPXJZ,第1章 某些传染病和寄生虫病 (A00-B99)
B35.905,深部真菌病,002,SBZJB,第1章 某些传染病和寄生虫病 (A00-B99)
B36.001,花斑癣(花斑糠疹),002,HBXHBKZ,第1章 某些传染病和寄生虫病 (A00-B99)
B36.002,糠秕孢子性毛囊炎,002,KBBZXMNY,第1章 某些传染病和寄生虫病 (A00-B99)
B36.101,黑癣,002,HX,第1章 某些传染病和寄生虫病 (A00-B99)
B36.201,白癣,002,BX,第1章 某些传染病和寄生虫病 (A00-B99)
B36.901,霉菌性皮炎,002,MJXPY,第1章 某些传染病和寄生虫病 (A00-B99)
B36.902+ H62.201*,耳真菌病(霉菌性外耳道炎)(耳癣),002,EZJBMJXWEDYEX,第1章 某些传染病和寄生虫病 (A00-B99)
B37.001,口腔念珠菌感染(鹅口疮),002,KQNZJGREKC,第1章 某些传染病和寄生虫病 (A00-B99)
B37.002,咽鹅口疮,002,YEKC,第1章 某些传染病和寄生虫病 (A00-B99)
B37.005,口的念珠菌病,002,KDNZJB,第1章 某些传染病和寄生虫病 (A00-B99)
B37.101+ J99.803*,肺念珠菌病,002,FNZJB,第1章 某些传染病和寄生虫病 (A00-B99)
B37.102+ J99.802*,呼吸道念珠菌病,002,HXDNZJB,第1章 某些传染病和寄生虫病 (A00-B99)
B37.201,念珠菌性皮炎,002,NZJXPY,第1章 某些传染病和寄生虫病 (A00-B99)
B37.202,肢端念珠菌感染,002,ZDNZJGR,第1章 某些传染病和寄生虫病 (A00-B99)
B37.203,皮肤和甲的念珠菌感染,007,PFHJDNZJGR,第1章 某些传染病和寄生虫病 (A00-B99)
B37.301+ N77.102*,霉菌性外阴炎,002,MJXWYY,第1章 某些传染病和寄生虫病 (A00-B99)
B37.302+ N77.102*,念珠菌性阴道炎,002,NZJXYDY,第1章 某些传染病和寄生虫病 (A00-B99)
B37.303+ N77.103*,外阴和阴道的念珠菌病,002,WYHYDDNZJB,第1章 某些传染病和寄生虫病 (A00-B99)
B37.304+ N77.104*,霉菌性阴道炎,002,MJXYDY,第1章 某些传染病和寄生虫病 (A00-B99)
B37.305+ N77.105*,念球菌外阴阴道炎,002,NQJWYYDY,第1章 某些传染病和寄生虫病 (A00-B99)
B37.401+ N37.002*,泌尿系真菌感染,002,MNXZJGR,第1章 某些传染病和寄生虫病 (A00-B99)
B37.402+ N37.002*,泌尿道念珠菌感染,002,MNDNZJGR,第1章 某些传染病和寄生虫病 (A00-B99)
B37.402+ N37.003*,念珠菌性尿道口炎,002,NZJXNDKY,第1章 某些传染病和寄生虫病 (A00-B99)
B37.601+ I39.802*,念珠菌性心内膜炎,002,NZJXXNMY,第1章 某些传染病和寄生虫病 (A00-B99)
B37.801,播散性念珠菌病,002,BSXNZJB,第1章 某些传染病和寄生虫病 (A00-B99)
B37.802,肠道念珠菌病,002,CDNZJB,第1章 某些传染病和寄生虫病 (A00-B99)
B37.803,呼吸道念珠菌感染,002,HXDNZJGR,第1章 某些传染病和寄生虫病 (A00-B99)
B37.804,脑念珠菌感染,002,NNZJGR,第1章 某些传染病和寄生虫病 (A00-B99)
B37.805,支气管念珠菌病,002,ZQGNZJB,第1章 某些传染病和寄生虫病 (A00-B99)
B37.806+ H48.101*,祝神经念珠菌感染,---,ZSJNZJGR,第1章 某些传染病和寄生虫病 (A00-B99)
B37.807,肠道念珠菌感染,007,CDNZJGR,第1章 某些传染病和寄生虫病 (A00-B99)
B37.808,胃念珠菌病,007,WNZJB,第1章 某些传染病和寄生虫病 (A00-B99)
B37.901,念珠菌感染,002,NZJGR,第1章 某些传染病和寄生虫病 (A00-B99)
B37.902,念珠菌病,002,NZJB,第1章 某些传染病和寄生虫病 (A00-B99)
B37.903,念珠菌病，未特指,002,NZJBWTZ,第1章 某些传染病和寄生虫病 (A00-B99)
B38.201+ J99.804*,肺球孢子菌病,002,FQBZJB,第1章 某些传染病和寄生虫病 (A00-B99)
B38.801,糖秕孢子菌毛囊炎,007,TBBZJMNY,第1章 某些传染病和寄生虫病 (A00-B99)
B38.901,球孢子菌病,002,QBZJB,第1章 某些传染病和寄生虫病 (A00-B99)
B39.201+ J99.805*,肺组织胞浆菌病,002,FZZBJJB,第1章 某些传染病和寄生虫病 (A00-B99)
B39.401,荚膜组织胞浆菌感染,002,JMZZBJJGR,第1章 某些传染病和寄生虫病 (A00-B99)
B39.501,杜波依西变种组织胞浆菌感染,002,DBYXBZZZBJJGR,第1章 某些传染病和寄生虫病 (A00-B99)
B39.901,组织胞浆菌病,002,ZZBJJB,第1章 某些传染病和寄生虫病 (A00-B99)
B39.902,组织胞浆菌病，未特指,002,ZZBJJBWTZ,第1章 某些传染病和寄生虫病 (A00-B99)
B40.201+ J99.806*,肺芽生菌病,002,FYSJB,第1章 某些传染病和寄生虫病 (A00-B99)
B40.301+ L99.801*,芽生菌性脓皮病,002,YSJXNPB,第1章 某些传染病和寄生虫病 (A00-B99)
B40.302+ L99.802*,芽生菌性皮炎,002,YSJXPY,第1章 某些传染病和寄生虫病 (A00-B99)
B40.901,芽生菌病(酿母菌病),002,YSJBNMJB,第1章 某些传染病和寄生虫病 (A00-B99)
B41.901,类球孢子菌肉芽肿,002,LQBZJRYZ,第1章 某些传染病和寄生虫病 (A00-B99)
B41.902,类球孢子菌病,002,LQBZJB,第1章 某些传染病和寄生虫病 (A00-B99)
B42.001+ J99.807*,肺孢子丝菌病,002,FBZSJB,第1章 某些传染病和寄生虫病 (A00-B99)
B42.901,孢子丝菌病,002,BZSJB,第1章 某些传染病和寄生虫病 (A00-B99)
B43.901,着色真菌病,002,ZSZJB,第1章 某些传染病和寄生虫病 (A00-B99)
B44.101,曲菌性肺炎 (肺曲菌病),007,QJXFYFQJB,第1章 某些传染病和寄生虫病 (A00-B99)
B44.101+ J99.808*,变态反应性支气管肺曲菌病,002,BTFYXZQGFQJB,第1章 某些传染病和寄生虫病 (A00-B99)
B44.102+ J99.809*,肺曲菌病,002,FQJB,第1章 某些传染病和寄生虫病 (A00-B99)
B44.103+ J17.201*,曲菌性肺炎,002,QJXFY,第1章 某些传染病和寄生虫病 (A00-B99)
B44.801,上颌窦曲菌病,002,SHDQJB,第1章 某些传染病和寄生虫病 (A00-B99)
B44.901,曲霉菌病(曲菌病),002,QMJBQJB,第1章 某些传染病和寄生虫病 (A00-B99)
B45.001+ J99.810*,肺隐球菌病,002,FYQJB,第1章 某些传染病和寄生虫病 (A00-B99)
B45.101+ G02.101*,新型隐球菌性脑膜炎,002,XXYQJXNMY,第1章 某些传染病和寄生虫病 (A00-B99)
B45.102+ G02.102*,隐球菌性脑膜炎,002,YQJXNMY,第1章 某些传染病和寄生虫病 (A00-B99)
B45.103+ G05.201*,隐球菌性脑炎,002,YQJXNY,第1章 某些传染病和寄生虫病 (A00-B99)
B45.901,隐球菌病,002,YQJB,第1章 某些传染病和寄生虫病 (A00-B99)
B46.001+ J99.811*,肺毛霉菌病,002,FMMJB,第1章 某些传染病和寄生虫病 (A00-B99)
B46.501,毛霉菌病,002,MMJB,第1章 某些传染病和寄生虫病 (A00-B99)
B47.001,足分支菌病,002,ZFZJB,第1章 某些传染病和寄生虫病 (A00-B99)
B48.201,霉样真菌病,007,MYZJB,第1章 某些传染病和寄生虫病 (A00-B99)
B49  01,肠道霉菌感染,002,CDMJGR,第1章 某些传染病和寄生虫病 (A00-B99)
B49  02,肺霉菌感染,002,FMJGR,第1章 某些传染病和寄生虫病 (A00-B99)
B49  03,霉菌性泌尿道感染,002,MJXMNDGR,第1章 某些传染病和寄生虫病 (A00-B99)
B49  04+ J32.301*,霉菌性蝶窦炎,002,MJXDDY,第1章 某些传染病和寄生虫病 (A00-B99)
B49  05,霉菌性颌窦炎,002,MJXHDY,第1章 某些传染病和寄生虫病 (A00-B99)
B49  06,霉菌感染,002,MJGR,第1章 某些传染病和寄生虫病 (A00-B99)
B49  07+ J32.301*,霉菌性筛窦炎,002,MJXSDY,第1章 某些传染病和寄生虫病 (A00-B99)
B49  08,霉菌性泌尿系感染,002,MJXMNXGR,第1章 某些传染病和寄生虫病 (A00-B99)
B49  09+ G05.002*,脑霉菌感染,002,NMJGR,第1章 某些传染病和寄生虫病 (A00-B99)
B49  10+ K23.801*,霉菌性食管炎,002,MJXSGY,第1章 某些传染病和寄生虫病 (A00-B99)
B49  11,呼吸道霉菌感染,002,HXDMJGR,第1章 某些传染病和寄生虫病 (A00-B99)
B49  12+ G02.103*,霉菌性脑膜炎,002,MJXNMY,第1章 某些传染病和寄生虫病 (A00-B99)
B49  13+ H19.204*,霉菌性角膜炎,002,MJXJMY,第1章 某些传染病和寄生虫病 (A00-B99)
B49  14+ G05.001*,垂体霉菌感染,002,CTMJGR,第1章 某些传染病和寄生虫病 (A00-B99)
B49  15,霉菌性结肠炎,002,MJXJCY,第1章 某些传染病和寄生虫病 (A00-B99)
B49  16,支气管霉菌感染,002,ZQGMJGR,第1章 某些传染病和寄生虫病 (A00-B99)
B49  16+ J32.001*,霉菌性上颌窦炎,002,MJXSHDY,第1章 某些传染病和寄生虫病 (A00-B99)
B49.002,霉菌性肠炎,007,MJXCY,第1章 某些传染病和寄生虫病 (A00-B99)
B49.007,巩膜霉菌感染,007,GMMJGR,第1章 某些传染病和寄生虫病 (A00-B99)
B49.008,霉菌性鼻窦炎,007,MJXBDY,第1章 某些传染病和寄生虫病 (A00-B99)
B49.010,霉菌性阴道炎及外阴阴道炎,007,MJXYDYJWYYDY,第1章 某些传染病和寄生虫病 (A00-B99)
B49.011,霉菌性腹膜炎,007,MJXFMY,第1章 某些传染病和寄生虫病 (A00-B99)
B49.012,外耳道霉菌病,007,WEDMJB,第1章 某些传染病和寄生虫病 (A00-B99)
B49.013,肺部真菌感染,007,FBZJGR,第1章 某些传染病和寄生虫病 (A00-B99)
B49.014,霉菌性中耳炎,007,MJXZEY,第1章 某些传染病和寄生虫病 (A00-B99)
B49.015,霉菌性肛周炎,007,MJXGZY,第1章 某些传染病和寄生虫病 (A00-B99)
B49.016,胆道霉菌感染,007,DDMJGR,第1章 某些传染病和寄生虫病 (A00-B99)
B50.001+ G94.801*,脑型疟(疾),002,NXNJ,第1章 某些传染病和寄生虫病 (A00-B99)
B50.801,黑水热,002,HSR,第1章 某些传染病和寄生虫病 (A00-B99)
B50.901,恶性疟(恶性间日疟),002,EXNEXJRN,第1章 某些传染病和寄生虫病 (A00-B99)
B51.901,间日疟,002,JRN,第1章 某些传染病和寄生虫病 (A00-B99)
B52.901,三日疟,002,SRN,第1章 某些传染病和寄生虫病 (A00-B99)
B54  01,疗病诱发疟,002,LBYFN,第1章 某些传染病和寄生虫病 (A00-B99)
B54  02,疟疾,002,NJ,第1章 某些传染病和寄生虫病 (A00-B99)
B54  03+ K77.008*,疟疾性肝炎,002,NJXGY,第1章 某些传染病和寄生虫病 (A00-B99)
B54.002,疟疾性肾炎,007,NJXSY,第1章 某些传染病和寄生虫病 (A00-B99)
B55.001,黑热病(内脏利什曼病),002,HRBNZLSMB,第1章 某些传染病和寄生虫病 (A00-B99)
B55.101,皮肤利什曼病(东方疖),002,PFLSMBDFJ,第1章 某些传染病和寄生虫病 (A00-B99)
B58.101+ K77.009*,弓型体病肝炎,002,GXTBGY,第1章 某些传染病和寄生虫病 (A00-B99)
B58.201+ G05.202*,弓形虫病脑炎,002,GXCBNY,第1章 某些传染病和寄生虫病 (A00-B99)
B58.901,弓形体病,002,GXTB,第1章 某些传染病和寄生虫病 (A00-B99)
B59  01,肺囊虫病,002,FNCB,第1章 某些传染病和寄生虫病 (A00-B99)
B59  02,卡氏肺囊虫性肺炎,002,KSFNCXFY,第1章 某些传染病和寄生虫病 (A00-B99)
B60.201+ G05.203*,阿米巴性脑膜脑炎,002,AMBXNMNY,第1章 某些传染病和寄生虫病 (A00-B99)
B60.202+ G05.204*,非寄生性阿米巴引起的脑膜脑炎,002,FJSXAMBYQDNMNY,第1章 某些传染病和寄生虫病 (A00-B99)
B60.203+ G05.205*,原发性阿米巴性脑膜脑炎,002,YFXAMBXNMNY,第1章 某些传染病和寄生虫病 (A00-B99)
B64  01,脑锥虫病,002,NZCB,第1章 某些传染病和寄生虫病 (A00-B99)
B65.001,埃及血吸虫病(膀胱血吸虫病),019,AJXXCBPGXXCB,第1章 某些传染病和寄生虫病 (A00-B99)
B65.101,肠血吸虫病,019,CXXCB,第1章 某些传染病和寄生虫病 (A00-B99)
B65.201,日本血吸虫病,019,RBXXCB,第1章 某些传染病和寄生虫病 (A00-B99)
B65.202,血吸虫病,019,XXCB,第1章 某些传染病和寄生虫病 (A00-B99)
B65.203,慢性血吸虫病,019,MXXXCB,第1章 某些传染病和寄生虫病 (A00-B99)
B65.301,皮肤血吸虫病,019,PFXXCB,第1章 某些传染病和寄生虫病 (A00-B99)
B65.801,其他特指的血吸虫病,019,QTTZDXXCB,第1章 某些传染病和寄生虫病 (A00-B99)
B65.901,脑血吸虫病,019,NXXCB,第1章 某些传染病和寄生虫病 (A00-B99)
B65.901+ K99.812*,肺血吸虫病,019,FXXCB,第1章 某些传染病和寄生虫病 (A00-B99)
B65.902+ K77.011*,血吸虫性肝炎,019,XXCXGY,第1章 某些传染病和寄生虫病 (A00-B99)
B65.905,结肠慢性血吸虫病,019,JCMXXXCB,第1章 某些传染病和寄生虫病 (A00-B99)
B65.906,卵巢慢性血吸虫病,019,LCMXXXCB,第1章 某些传染病和寄生虫病 (A00-B99)
B65.907,直肠慢性血吸虫病,019,ZCMXXXCB,第1章 某些传染病和寄生虫病 (A00-B99)
B65.909,脊髓血吸虫病,019,JSXXCB,第1章 某些传染病和寄生虫病 (A00-B99)
B65.910,血吸虫骨炎,019,XXCGY,第1章 某些传染病和寄生虫病 (A00-B99)
B66.101,胆道吸虫病,002,DDXCB,第1章 某些传染病和寄生虫病 (A00-B99)
B66.102,华支睾吸虫病,002,HZGXCB,第1章 某些传染病和寄生虫病 (A00-B99)
B66.103+ K77.012*,肝吸虫病,002,GXCB,第1章 某些传染病和寄生虫病 (A00-B99)
B66.401,臂皮下组织肺吸虫感染,002,BPXZZFXCGR,第1章 某些传染病和寄生虫病 (A00-B99)
B66.402+ J99.813*,肺吸虫病,002,FXCB,第1章 某些传染病和寄生虫病 (A00-B99)
B66.501,姜片虫病,002,JPCB,第1章 某些传染病和寄生虫病 (A00-B99)
B66.901,脑吸虫病,002,NXCB,第1章 某些传染病和寄生虫病 (A00-B99)
B67.801,肝包虫病 (肝细粒棘球绦虫),007,GBCBGXLJQTC,第1章 某些传染病和寄生虫病 (A00-B99)
B67.801+ K77.013*,肝棘球蚴病(肝包虫病),002,GJQYBGBCB,第1章 某些传染病和寄生虫病 (A00-B99)
B67.901,包虫病(棘球蚴病),002,BCBJQYB,第1章 某些传染病和寄生虫病 (A00-B99)
B67.902,肺包虫病,002,FBCB,第1章 某些传染病和寄生虫病 (A00-B99)
B67.903,腹腔棘球蚴病,002,FQJQYB,第1章 某些传染病和寄生虫病 (A00-B99)
B67.904,棘球蚴病(包虫病),002,JQYBBCB,第1章 某些传染病和寄生虫病 (A00-B99)
B67.905,脑棘球蚴病,002,NJQYB,第1章 某些传染病和寄生虫病 (A00-B99)
B67.906,胸膜棘球蚴病,002,XMJQYB,第1章 某些传染病和寄生虫病 (A00-B99)
B67.907,脑包虫病,007,NBCB,第1章 某些传染病和寄生虫病 (A00-B99)
B68.001,猪肉绦虫病,002,ZRTCB,第1章 某些传染病和寄生虫病 (A00-B99)
B68.101,牛肉绦虫病,002,NRTCB,第1章 某些传染病和寄生虫病 (A00-B99)
B69.001+G94.802*,脑囊虫病,002,NNCB,第1章 某些传染病和寄生虫病 (A00-B99)
B69.006,紫癜型血管炎,051,ZDXXGY,第1章 某些传染病和寄生虫病 (A00-B99)
B69.101+ H45.101*,眼囊尾蚴病,002,YNWYB,第1章 某些传染病和寄生虫病 (A00-B99)
B69.801,肝囊虫病,002,GNCB,第1章 某些传染病和寄生虫病 (A00-B99)
B69.802,骨囊虫病,002,GNCB,第1章 某些传染病和寄生虫病 (A00-B99)
B69.803,肌肉囊虫病,002,JRNCB,第1章 某些传染病和寄生虫病 (A00-B99)
B69.804,皮肤囊虫病,002,PFNCB,第1章 某些传染病和寄生虫病 (A00-B99)
B69.805,皮下囊虫病,002,PXNCB,第1章 某些传染病和寄生虫病 (A00-B99)
B69.901,囊尾蚴病(囊虫病),002,NWYBNCB,第1章 某些传染病和寄生虫病 (A00-B99)
B69.902,囊虫感染,002,NCGR,第1章 某些传染病和寄生虫病 (A00-B99)
B70.101,裂头蚴病,002,LTYB,第1章 某些传染病和寄生虫病 (A00-B99)
B71.901,肠绦虫病,002,CTCB,第1章 某些传染病和寄生虫病 (A00-B99)
B71.902,马尾绦虫肉芽肿,002,MWTCRYZ,第1章 某些传染病和寄生虫病 (A00-B99)
B71.903,绦虫病,002,TCB,第1章 某些传染病和寄生虫病 (A00-B99)
B74.901,丝虫病,020,SCB,第1章 某些传染病和寄生虫病 (A00-B99)
B74.902,丝虫病性乳糜尿,020,SCBXRMN,第1章 某些传染病和寄生虫病 (A00-B99)
B74.903,丝虫性外阴象皮病,020,SCXWYXPB,第1章 某些传染病和寄生虫病 (A00-B99)
B74.904,丝虫性象皮病,020,SCXXPB,第1章 某些传染病和寄生虫病 (A00-B99)
B75.001,旋毛虫病,020,XMCB,第1章 某些传染病和寄生虫病 (A00-B99)
B76.901,肠道钩虫病,021,CDGCB,第1章 某些传染病和寄生虫病 (A00-B99)
B76.902,钩虫病,021,GCB,第1章 某些传染病和寄生虫病 (A00-B99)
B77.801,胆道蛔虫病,002,DDHCB,第1章 某些传染病和寄生虫病 (A00-B99)
B77.802,肝管蛔虫病,002,GGHCB,第1章 某些传染病和寄生虫病 (A00-B99)
B77.901,蛔虫病,002,HCB,第1章 某些传染病和寄生虫病 (A00-B99)
B79  01,鞭虫病,002,BCB,第1章 某些传染病和寄生虫病 (A00-B99)
B79  02,肠鞭虫病,002,CBCB,第1章 某些传染病和寄生虫病 (A00-B99)
B79.001,胆系感染(鞭虫感染),007,DXGRBCGR,第1章 某些传染病和寄生虫病 (A00-B99)
B80  01,蛲虫病,002,NCB,第1章 某些传染病和寄生虫病 (A00-B99)
B82.901,肠道寄生虫病,002,CDJSCB,第1章 某些传染病和寄生虫病 (A00-B99)
B82.902,肠寄生虫性脓肿,002,CJSCXNZ,第1章 某些传染病和寄生虫病 (A00-B99)
B83.001,蠕蚴移行症,007,RYYXZ,第1章 某些传染病和寄生虫病 (A00-B99)
B83.002,弓形虫感染,007,GXCGR,第1章 某些传染病和寄生虫病 (A00-B99)
B83.201+ G05.201*,嗜酸性脑膜炎,002,SSXNMY,第1章 某些传染病和寄生虫病 (A00-B99)
B85.001,头虱病,002,TSB,第1章 某些传染病和寄生虫病 (A00-B99)
B85.101,体虱病,002,TSB,第1章 某些传染病和寄生虫病 (A00-B99)
B85.201,虱病,002,SB,第1章 某些传染病和寄生虫病 (A00-B99)
B85.301,阴虱病,002,YSB,第1章 某些传染病和寄生虫病 (A00-B99)
B86  01,疥疮,002,JC,第1章 某些传染病和寄生虫病 (A00-B99)
B88.001,螨虫病,002,MCB,第1章 某些传染病和寄生虫病 (A00-B99)
B88.301,水蛭病,002,SZB,第1章 某些传染病和寄生虫病 (A00-B99)
B89.001,颅内寄生虫感染,007,LNJSCGR,第1章 某些传染病和寄生虫病 (A00-B99)
B90.001,陈旧性结核性脑膜炎,002,CJXJHXNMY,第1章 某些传染病和寄生虫病 (A00-B99)
B90.002,结核性脑膜炎后遗症,002,JHXNMYHYZ,第1章 某些传染病和寄生虫病 (A00-B99)
B90.003,中枢神经系统结核病的晚期效应,007,ZSSJXTJHBDWQXY,第1章 某些传染病和寄生虫病 (A00-B99)
B90.201,陈旧性骨和关节结核病,002,CJXGHGJJHB,第1章 某些传染病和寄生虫病 (A00-B99)
B90.202,脊柱陈旧性结核,002,JZCJXJH,第1章 某些传染病和寄生虫病 (A00-B99)
B90.801,陈旧性肠系膜淋巴结核,002,CJXCXMLBJH,第1章 某些传染病和寄生虫病 (A00-B99)
B90.802,陈旧性腹腔结核,002,CJXFQJH,第1章 某些传染病和寄生虫病 (A00-B99)
B90.803,陈旧性颈淋巴结核,002,CJXJLBJH,第1章 某些传染病和寄生虫病 (A00-B99)
B90.804,特指部位的陈旧性结核,002,TZBWDCJXJH,第1章 某些传染病和寄生虫病 (A00-B99)
B90.805,陈旧性淋巴结结核,007,CJXLBJJH,第1章 某些传染病和寄生虫病 (A00-B99)
B90.901,陈旧性肺结核,002,CJXFJH,第1章 某些传染病和寄生虫病 (A00-B99)
B90.902,陈旧性胸膜结核,002,CJXXMJH,第1章 某些传染病和寄生虫病 (A00-B99)
B91  01,脊髓灰质炎后遗症(小儿麻痹后遗症),002,JSHZYHYZXEMBHYZ,第1章 某些传染病和寄生虫病 (A00-B99)
B94.101,病毒性脑炎后遗症,002,BDXNYHYZ,第1章 某些传染病和寄生虫病 (A00-B99)
B94.102,流行性乙型脑炎后遗症,002,LXXYXNYHYZ,第1章 某些传染病和寄生虫病 (A00-B99)
B94.801,肠道病毒感染后遗症(类小儿麻痹症),002,CDBDGRHYZLXEMBZ,第1章 某些传染病和寄生虫病 (A00-B99)
B99  01,感染,002,GR,第1章 某些传染病和寄生虫病 (A00-B99)
B99  02,感染性发热,002,GRXFR,第1章 某些传染病和寄生虫病 (A00-B99)
B99  03+ G94.001*,感染后脑积水,002,GRHNJS,第1章 某些传染病和寄生虫病 (A00-B99)
B99.001,系统性非典型病原体感染,007,XTXFDXBYTGR,第1章 某些传染病和寄生虫病 (A00-B99)
B99.002,二重感染,007,ECGR,第1章 某些传染病和寄生虫病 (A00-B99)
B99.003,感染性疾病,007,GRXJB,第1章 某些传染病和寄生虫病 (A00-B99)
C00.001,上唇恶性肿瘤,023,SCEXZL,第2章 肿瘤 (C00-D48)
C00.101,下唇恶性肿瘤,023,XCEXZL,第2章 肿瘤 (C00-D48)
C00.901,唇恶性肿瘤,023,CEXZL,第2章 肿瘤 (C00-D48)
C01  01,舌根恶性肿瘤,023,SGEXZL,第2章 肿瘤 (C00-D48)
C02.101,舌尖及侧缘的恶性肿瘤,023,SJJCYDEXZL,第2章 肿瘤 (C00-D48)
C02.102,舌缘恶性肿瘤,023,SYEXZL,第2章 肿瘤 (C00-D48)
C02.901,舌恶性肿瘤,023,SEXZL,第2章 肿瘤 (C00-D48)
C03.001,上齿龈恶性肿瘤,023,SCYEXZL,第2章 肿瘤 (C00-D48)
C03.901,颌结缔组织恶性肿瘤,023,HJDZZEXZL,第2章 肿瘤 (C00-D48)
C03.902,牙龈恶性肿瘤,023,YYEXZL,第2章 肿瘤 (C00-D48)
C03.903,间叶性牙源肿瘤,023,JYXYYZL,第2章 肿瘤 (C00-D48)
C04.901,口底恶性肿瘤,023,KDEXZL,第2章 肿瘤 (C00-D48)
C05.001,硬腭恶性肿瘤,023,YEEXZL,第2章 肿瘤 (C00-D48)
C05.002,硬腭中线型恶性肉芽肿,023,YEZXXEXRYZ,第2章 肿瘤 (C00-D48)
C05.101,软腭恶性肿瘤,023,REEXZL,第2章 肿瘤 (C00-D48)
C05.201,悬雍垂恶性肿瘤,023,XYCEXZL,第2章 肿瘤 (C00-D48)
C05.901,腭恶性肿瘤,023,EEXZL,第2章 肿瘤 (C00-D48)
C05.902,上腭鳞状细胞癌,023,SELZXBA,第2章 肿瘤 (C00-D48)
C05.903,硬腭癌,023,YEA,第2章 肿瘤 (C00-D48)
C06.001,颊内部恶性肿瘤,023,JNBEXZL,第2章 肿瘤 (C00-D48)
C06.002,颊粘膜恶性肿瘤,023,JNMEXZL,第2章 肿瘤 (C00-D48)
C06.003,口腔粘膜恶性肿瘤,023,KQNMEXZL,第2章 肿瘤 (C00-D48)
C06.004,颊粘膜鳞状细胞癌,023,JNMLZXBA,第2章 肿瘤 (C00-D48)
C06.005,颊癌,023,JA,第2章 肿瘤 (C00-D48)
C06.006,颊部鳞状细胞癌,023,JBLZXBA,第2章 肿瘤 (C00-D48)
C07  01,腮腺恶性肿瘤,023,SXEXZL,第2章 肿瘤 (C00-D48)
C07  02,腮腺混合瘤恶变,023,SXHHLEB,第2章 肿瘤 (C00-D48)
C07  03,腮腺肿瘤,023,SXZL,第2章 肿瘤 (C00-D48)
C08.001,颌下腺恶性肿瘤,023,HXXEXZL,第2章 肿瘤 (C00-D48)
C08.101,舌下腺恶性肿瘤,023,SXXEXZL,第2章 肿瘤 (C00-D48)
C08.801,舌下腺及颌下腺恶性肿瘤,023,SXXJHXXEXZL,第2章 肿瘤 (C00-D48)
C08.901,涎腺恶性肿瘤,023,XXEXZL,第2章 肿瘤 (C00-D48)
C09.101,舌腭弓恶性肿瘤,023,SEGEXZL,第2章 肿瘤 (C00-D48)
C09.901,扁桃体恶性肿瘤,023,BTTEXZL,第2章 肿瘤 (C00-D48)
C09.902,扁桃体恶性肉芽肿,023,BTTEXRYZ,第2章 肿瘤 (C00-D48)
C09.903,扁桃体鳞状细胞癌,023,BTTLZXBA,第2章 肿瘤 (C00-D48)
C09.904,扁桃体癌,023,BTTA,第2章 肿瘤 (C00-D48)
C10.401,鳃裂恶性肿瘤,023,SLEXZL,第2章 肿瘤 (C00-D48)
C10.901,口咽恶性肿瘤,023,KYEXZL,第2章 肿瘤 (C00-D48)
C11.101,鼻咽后壁恶性肿瘤,024,BYHBEXZL,第2章 肿瘤 (C00-D48)
C11.201,鼻咽侧壁恶性肿瘤,024,BYCBEXZL,第2章 肿瘤 (C00-D48)
C11.301,鼻中隔后缘恶性肿瘤,024,BZGHYEXZL,第2章 肿瘤 (C00-D48)
C11.901,鼻咽恶性肿瘤,024,BYEXZL,第2章 肿瘤 (C00-D48)
C12  01,梨状窝恶性肿瘤,023,LZWEXZL,第2章 肿瘤 (C00-D48)
C13.001,环状软骨后恶性肿瘤,023,HZRGHEXZL,第2章 肿瘤 (C00-D48)
C13.901,下咽恶性肿瘤,023,XYEXZL,第2章 肿瘤 (C00-D48)
C13.902,下咽癌,023,XYA,第2章 肿瘤 (C00-D48)
C14.001,喉咽恶性肿瘤,023,HYEXZL,第2章 肿瘤 (C00-D48)
C14.002,咽壁恶性肿瘤,023,YBEXZL,第2章 肿瘤 (C00-D48)
C14.003,咽恶性肿瘤,023,YEXZL,第2章 肿瘤 (C00-D48)
C14.004,咽后壁恶性肿瘤,023,YHBEXZL,第2章 肿瘤 (C00-D48)
C14.005,咽腭恶性淋巴瘤,023,YEEXLBL,第2章 肿瘤 (C00-D48)
C14.006,咽鳞状细胞癌,023,YLZXBA,第2章 肿瘤 (C00-D48)
C14.801,"颊部,牙龈恶性肿瘤",023,JBYYEXZL,第2章 肿瘤 (C00-D48)
C14.802,"舌根,咽部恶性肿瘤",023,SGYBEXZL,第2章 肿瘤 (C00-D48)
C14.803,舌根.咽部.喉部恶性肿瘤,023,SGYBHBEXZL,第2章 肿瘤 (C00-D48)
C15.301,食管上段恶性肿瘤,025,SGSDEXZL,第2章 肿瘤 (C00-D48)
C15.401,食管中段恶性肿瘤,025,SGZDEXZL,第2章 肿瘤 (C00-D48)
C15.501,食管下段恶性肿瘤,025,SGXDEXZL,第2章 肿瘤 (C00-D48)
C15.801,食道中下段恶性肿瘤,025,SDZXDEXZL,第2章 肿瘤 (C00-D48)
C15.901,食管恶性肿瘤,025,SGEXZL,第2章 肿瘤 (C00-D48)
C16.001,贲门恶性肿瘤,026,BMEXZL,第2章 肿瘤 (C00-D48)
C16.002,食管贲门连接处恶性肿瘤,026,SGBMLJCEXZL,第2章 肿瘤 (C00-D48)
C16.003,贲门粘液腺癌,026,BMNYXA,第2章 肿瘤 (C00-D48)
C16.101,胃底恶性肿瘤,026,WDEXZL,第2章 肿瘤 (C00-D48)
C16.201,胃体恶性肿瘤,026,WTEXZL,第2章 肿瘤 (C00-D48)
C16.301,胃窦恶性肿瘤,026,WDEXZL,第2章 肿瘤 (C00-D48)
C16.401,幽门恶性肿瘤,026,YMEXZL,第2章 肿瘤 (C00-D48)
C16.402,幽门管恶性肿瘤,026,YMGEXZL,第2章 肿瘤 (C00-D48)
C16.501,胃小弯恶性肿瘤,026,WXWEXZL,第2章 肿瘤 (C00-D48)
C16.601,胃大弯恶性肿瘤,026,WDWEXZL,第2章 肿瘤 (C00-D48)
C16.801,胃底贲门恶性肿瘤,026,WDBMEXZL,第2章 肿瘤 (C00-D48)
C16.901,残胃恶性肿瘤,026,CWEXZL,第2章 肿瘤 (C00-D48)
C16.902,胃恶性肿瘤,026,WEXZL,第2章 肿瘤 (C00-D48)
C16.903,皮革状胃,026,PGZW,第2章 肿瘤 (C00-D48)
C16.904,胃息肉癌变,026,WXRAB,第2章 肿瘤 (C00-D48)
C16.905,胃腺瘤癌变,026,WXLAB,第2章 肿瘤 (C00-D48)
C16.906,早期胃癌,026,ZQWA,第2章 肿瘤 (C00-D48)
C16.907,残胃癌,026,CWA,第2章 肿瘤 (C00-D48)
C16.908,胃低分化腺癌,026,WDFHXA,第2章 肿瘤 (C00-D48)
C16.909,胃溃疡癌变,026,WKYAB,第2章 肿瘤 (C00-D48)
C16.910,胃间质细胞瘤,026,WJZXBL,第2章 肿瘤 (C00-D48)
C16.911,胃浆细胞性肉芽肿,026,WJXBXRYZ,第2章 肿瘤 (C00-D48)
C16.912,胃肿瘤,026,WZL,第2章 肿瘤 (C00-D48)
C17.001,十二指肠恶性肿瘤,027,SEZCEXZL,第2章 肿瘤 (C00-D48)
C17.002,十二指肠胰头癌,027,SEZCYTA,第2章 肿瘤 (C00-D48)
C17.003,十二指肠平滑肌肉瘤,027,SEZCPHJRL,第2章 肿瘤 (C00-D48)
C17.101,空肠恶性肿瘤,027,KCEXZL,第2章 肿瘤 (C00-D48)
C17.102,空肠粘液腺癌,027,KCNYXA,第2章 肿瘤 (C00-D48)
C17.103,空肠间质细胞瘤,027,KCJZXBL,第2章 肿瘤 (C00-D48)
C17.201,回肠恶性肿瘤,027,HCEXZL,第2章 肿瘤 (C00-D48)
C17.202,回盲部肿瘤,027,HMBZL,第2章 肿瘤 (C00-D48)
C17.901,小肠恶性肿瘤,027,XCEXZL,第2章 肿瘤 (C00-D48)
C17.902,小肠平滑肌瘤,027,XCPHJL,第2章 肿瘤 (C00-D48)
C18.001,回盲部恶性肿瘤,028,HMBEXZL,第2章 肿瘤 (C00-D48)
C18.002,盲肠恶性肿瘤,028,MCEXZL,第2章 肿瘤 (C00-D48)
C18.003,回肠癌,028,HCA,第2章 肿瘤 (C00-D48)
C18.004,回肠部腺癌,028,HCBXA,第2章 肿瘤 (C00-D48)
C18.101,阑尾恶性肿瘤,028,LWEXZL,第2章 肿瘤 (C00-D48)
C18.102,阑尾粘液癌,028,LWNYA,第2章 肿瘤 (C00-D48)
C18.103,阑尾腺癌,028,LWXA,第2章 肿瘤 (C00-D48)
C18.104,盲肠癌,028,MCA,第2章 肿瘤 (C00-D48)
C18.201,升结肠恶性肿瘤,028,SJCEXZL,第2章 肿瘤 (C00-D48)
C18.202,升结肠癌,028,SJCA,第2章 肿瘤 (C00-D48)
C18.301,结肠肝曲恶性肿瘤,028,JCGQEXZL,第2章 肿瘤 (C00-D48)
C18.401,横结肠恶性肿瘤,028,HJCEXZL,第2章 肿瘤 (C00-D48)
C18.501,脾曲恶性肿瘤,028,PQEXZL,第2章 肿瘤 (C00-D48)
C18.601,降结肠恶性肿瘤,028,JJCEXZL,第2章 肿瘤 (C00-D48)
C18.701,乙状结肠恶性肿瘤,028,YZJCEXZL,第2章 肿瘤 (C00-D48)
C18.702,乙状结肠癌,028,YZJCA,第2章 肿瘤 (C00-D48)
C18.801,降结肠乙状结肠恶性肿瘤,028,JJCYZJCEXZL,第2章 肿瘤 (C00-D48)
C18.802,盲肠升结肠恶性肿瘤,028,MCSJCEXZL,第2章 肿瘤 (C00-D48)
C18.901,结肠的腺瘤恶变,028,JCDXLEB,第2章 肿瘤 (C00-D48)
C18.902,结肠恶性肿瘤,028,JCEXZL,第2章 肿瘤 (C00-D48)
C18.903,结肠绒毛状腺瘤恶变,028,JCRMZXLEB,第2章 肿瘤 (C00-D48)
C18.904,结肠乳头状癌,028,JCRTZA,第2章 肿瘤 (C00-D48)
C19  01,直肠乙状结肠连接处恶性肿瘤,029,ZCYZJCLJCEXZL,第2章 肿瘤 (C00-D48)
C20  01,直肠恶性肿瘤,029,ZCEXZL,第2章 肿瘤 (C00-D48)
C20  02,直肠印戎细胞癌,029,ZCYRXBA,第2章 肿瘤 (C00-D48)
C20  03,直肠绒毛管状腺癌,029,ZCRMGZXA,第2章 肿瘤 (C00-D48)
C20  04,直肠绒毛状腺癌恶变,029,ZCRMZXAEB,第2章 肿瘤 (C00-D48)
C20  05,直肠乳头状腺癌,029,ZCRTZXA,第2章 肿瘤 (C00-D48)
C21.001,肛门恶性肿瘤,029,GMEXZL,第2章 肿瘤 (C00-D48)
C21.101,肛管恶性肿瘤,029,GGEXZL,第2章 肿瘤 (C00-D48)
C21.102,肛管癌,029,GGA,第2章 肿瘤 (C00-D48)
C21.801,肛门直肠恶性肿瘤,029,GMZCEXZL,第2章 肿瘤 (C00-D48)
C22.001,肝细胞癌,030,GXBA,第2章 肿瘤 (C00-D48)
C22.101,胆管癌,030,DGA,第2章 肿瘤 (C00-D48)
C22.102,肝内胆管恶性肿瘤,030,GNDGEXZL,第2章 肿瘤 (C00-D48)
C22.201,肝母细胞瘤,030,GMXBL,第2章 肿瘤 (C00-D48)
C22.301,枯否氏细胞(肝星形细胞)肉瘤,030,KFSXBGXXXBRL,第2章 肿瘤 (C00-D48)
C22.901,肝恶性肿瘤,030,GEXZL,第2章 肿瘤 (C00-D48)
C22.902,肝癌,030,GA,第2章 肿瘤 (C00-D48)
C22.903,肝肿瘤,030,GZL,第2章 肿瘤 (C00-D48)
C23  01,胆囊恶性肿瘤,023,DNEXZL,第2章 肿瘤 (C00-D48)
C23  02,壶腹部腺癌,023,HFBXA,第2章 肿瘤 (C00-D48)
C23  03,胆囊鳞状细胞癌,023,DNLZXBA,第2章 肿瘤 (C00-D48)
C23  04,壶腹癌,023,HFA,第2章 肿瘤 (C00-D48)
C24.001,胆管恶性肿瘤,023,DGEXZL,第2章 肿瘤 (C00-D48)
C24.002,肝管恶性肿瘤,023,GGEXZL,第2章 肿瘤 (C00-D48)
C24.003,胆囊管恶性肿瘤,023,DNGEXZL,第2章 肿瘤 (C00-D48)
C24.004,胆总管恶性肿瘤,023,DZGEXZL,第2章 肿瘤 (C00-D48)
C24.005,肝外胆管恶性肿瘤,023,GWDGEXZL,第2章 肿瘤 (C00-D48)
C24.006,肝管癌,023,GGA,第2章 肿瘤 (C00-D48)
C24.008,肝胆管细胞性乳头状腺癌,023,GDGXBXRTZXA,第2章 肿瘤 (C00-D48)
C24.101,法特氏壶腹恶性肿瘤,023,FTSHFEXZL,第2章 肿瘤 (C00-D48)
C24.102,胰腺壶腹部腺癌,023,YXHFBXA,第2章 肿瘤 (C00-D48)
C25.001,胰头恶性肿瘤,023,YTEXZL,第2章 肿瘤 (C00-D48)
C25.101,胰体恶性肿瘤,023,YTEXZL,第2章 肿瘤 (C00-D48)
C25.102,胰体癌,023,YTA,第2章 肿瘤 (C00-D48)
C25.201,胰尾恶性肿瘤,023,YWEXZL,第2章 肿瘤 (C00-D48)
C25.301,胰管恶性肿瘤,023,YGEXZL,第2章 肿瘤 (C00-D48)
C25.401,恶性胰岛素瘤,023,EXYDSL,第2章 肿瘤 (C00-D48)
C25.402,胰岛恶性肿瘤,023,YDEXZL,第2章 肿瘤 (C00-D48)
C25.403,胰岛细胞腺癌,023,YDXBXA,第2章 肿瘤 (C00-D48)
C25.404,胰岛细胞癌,023,YDXBA,第2章 肿瘤 (C00-D48)
C25.901,胰腺恶性肿瘤,023,YXEXZL,第2章 肿瘤 (C00-D48)
C26.101,脾恶性肿瘤,023,PEXZL,第2章 肿瘤 (C00-D48)
C26.901,胃肠道恶性肿瘤,023,WCDEXZL,第2章 肿瘤 (C00-D48)
C30.001,感觉神经母细胞瘤,023,GJSJMXBL,第2章 肿瘤 (C00-D48)
C30.002,感觉神经上皮瘤,023,GJSJSPL,第2章 肿瘤 (C00-D48)
C30.003,嗅神经母细胞瘤,023,XSJMXBL,第2章 肿瘤 (C00-D48)
C30.101,乳突恶性肿瘤,023,RTEXZL,第2章 肿瘤 (C00-D48)
C30.102,咽鼓管恶性肿瘤,023,YGGEXZL,第2章 肿瘤 (C00-D48)
C30.103,中耳恶性肿瘤,023,ZEEXZL,第2章 肿瘤 (C00-D48)
C30.104,中耳道鳞状细胞癌,023,ZEDLZXBA,第2章 肿瘤 (C00-D48)
C31.001,上颌窦恶性肿瘤,023,SHDEXZL,第2章 肿瘤 (C00-D48)
C31.002,上颌窦纤维肉瘤,023,SHDXWRL,第2章 肿瘤 (C00-D48)
C31.003,上颌窦癌,023,SHDA,第2章 肿瘤 (C00-D48)
C31.101,筛窦恶性肿瘤,023,SDEXZL,第2章 肿瘤 (C00-D48)
C31.102,筛窦癌,023,SDA,第2章 肿瘤 (C00-D48)
C31.201,额窦恶性肿瘤,023,EDEXZL,第2章 肿瘤 (C00-D48)
C31.301,蝶窦恶性肿瘤,023,DDEXZL,第2章 肿瘤 (C00-D48)
C31.801,鼻腔 鼻窦恶性肿瘤,023,BQBDEXZL,第2章 肿瘤 (C00-D48)
C31.901,鼻窦恶性肿瘤,023,BDEXZL,第2章 肿瘤 (C00-D48)
C31.902,鼻窦腺癌,023,BDXA,第2章 肿瘤 (C00-D48)
C32.001,声带恶性肿瘤,031,SDEXZL,第2章 肿瘤 (C00-D48)
C32.002,声门恶性肿瘤,031,SMEXZL,第2章 肿瘤 (C00-D48)
C32.101,会厌恶性肿瘤,031,HYEXZL,第2章 肿瘤 (C00-D48)
C32.901,喉恶性肿瘤,031,HEXZL,第2章 肿瘤 (C00-D48)
C32.902,喉外部恶性肿瘤,031,HWBEXZL,第2章 肿瘤 (C00-D48)
C32.903,喉部腺样囊腺癌,031,HBXYNXA,第2章 肿瘤 (C00-D48)
C33  01,气管恶性肿瘤,032,QGEXZL,第2章 肿瘤 (C00-D48)
C34.001,主支气管恶性肿瘤,032,ZZQGEXZL,第2章 肿瘤 (C00-D48)
C34.101,肺上叶恶性肿瘤,032,FSYEXZL,第2章 肿瘤 (C00-D48)
C34.102,肺上叶支气管恶性肿瘤,032,FSYZQGEXZL,第2章 肿瘤 (C00-D48)
C34.201,肺中叶恶性肿瘤,032,FZYEXZL,第2章 肿瘤 (C00-D48)
C34.301,肺下叶恶性肿瘤,032,FXYEXZL,第2章 肿瘤 (C00-D48)
C34.302,下叶支气管恶性肿瘤,032,XYZQGEXZL,第2章 肿瘤 (C00-D48)
C34.901,肺恶性肿瘤,032,FEXZL,第2章 肿瘤 (C00-D48)
C34.902,细支气管恶性肿瘤,032,XZQGEXZL,第2章 肿瘤 (C00-D48)
C34.903,肺瘢痕癌,032,FBHA,第2章 肿瘤 (C00-D48)
C34.904,右支气管肺癌,032,YZQGFA,第2章 肿瘤 (C00-D48)
C34.905,支气管恶性肿瘤,032,ZQGEXZL,第2章 肿瘤 (C00-D48)
C34.906,左支气管肺恶性肿瘤,032,ZZQGFEXZL,第2章 肿瘤 (C00-D48)
C34.907,肺纤维黄色瘤,032,FXWHSL,第2章 肿瘤 (C00-D48)
C34.908,支气管肺恶性淋巴瘤,032,ZQGFEXLBL,第2章 肿瘤 (C00-D48)
C36.721,足纤维瘤,023,ZXWL,第2章 肿瘤 (C00-D48)
C37  01,恶性胸腺瘤,023,EXXXL,第2章 肿瘤 (C00-D48)
C37  02,胸腺恶性肿瘤,023,XXEXZL,第2章 肿瘤 (C00-D48)
C37  03,胸腺癌,023,XXA,第2章 肿瘤 (C00-D48)
C38.001,心包恶性肿瘤,023,XBWEXZL,第2章 肿瘤 (C00-D48)
C38.002,心房恶性肿瘤,023,XFEXZL,第2章 肿瘤 (C00-D48)
C38.003,心脏恶性肿瘤,023,XZEXZL,第2章 肿瘤 (C00-D48)
C38.101,前纵隔恶性肿瘤,023,QZGEXZL,第2章 肿瘤 (C00-D48)
C38.102,前纵隔恶性生殖细胞瘤,023,QZGEXSZXBL,第2章 肿瘤 (C00-D48)
C38.201,后纵隔恶性肿瘤,023,HZGEXZL,第2章 肿瘤 (C00-D48)
C38.301,纵隔恶性肿瘤,023,ZGEXZL,第2章 肿瘤 (C00-D48)
C38.302,纵隔神经内分癌,023,ZGSJNFA,第2章 肿瘤 (C00-D48)
C38.303,上纵隔恶性畸胎瘤,023,SZGEXJTL,第2章 肿瘤 (C00-D48)
C38.306,纵隔恶性间皮瘤,023,ZGEXJPL,第2章 肿瘤 (C00-D48)
C38.401,胸膜壁层恶性肿瘤,023,XMBCEXZL,第2章 肿瘤 (C00-D48)
C38.402,胸膜恶性肿瘤,023,XMEXZL,第2章 肿瘤 (C00-D48)
C38.403,胸壁肉瘤,023,XBRL,第2章 肿瘤 (C00-D48)
C39.802,鼻中隔鳞状细胞癌,023,BZGLZXBA,第2章 肿瘤 (C00-D48)
C39.803,鼻腔星形胶质细胞瘤,023,BQXXJZXBL,第2章 肿瘤 (C00-D48)
C39.804,鼻腔乳头状腺癌,023,BQRTZXA,第2章 肿瘤 (C00-D48)
C39.805,鼻腔嗅神经母细胞瘤,023,BQXSJMXBL,第2章 肿瘤 (C00-D48)
C39.806,鼻腔恶性血管内皮瘤,023,BQEXXGNPL,第2章 肿瘤 (C00-D48)
C40.001,肱骨恶性肿瘤,033,GGEXZL,第2章 肿瘤 (C00-D48)
C40.002,肩胛骨恶性肿瘤,033,JJGEXZL,第2章 肿瘤 (C00-D48)
C40.003,桡尺骨恶性肿瘤,033,RCGEXZL,第2章 肿瘤 (C00-D48)
C40.012,肩锁关节恶性肿瘤,033,JSGJEXZL,第2章 肿瘤 (C00-D48)
C40.101,上肢短骨恶性肿瘤,033,SZDGEXZL,第2章 肿瘤 (C00-D48)
C40.102,指骨恶性肿瘤,033,ZGEXZL,第2章 肿瘤 (C00-D48)
C40.201,腓骨恶性肿瘤,033,FGEXZL,第2章 肿瘤 (C00-D48)
C40.202,股骨恶性肿瘤,033,GGEXZL,第2章 肿瘤 (C00-D48)
C40.203,胫骨恶性肿瘤,033,JGEXZL,第2章 肿瘤 (C00-D48)
C40.204,股骨软骨母细胞瘤,033,GGRGMXBL,第2章 肿瘤 (C00-D48)
C40.205,胫骨肉瘤,033,JGRL,第2章 肿瘤 (C00-D48)
C40.301,下肢短骨恶性肿瘤,033,XZDGEXZL,第2章 肿瘤 (C00-D48)
C40.302,趾骨恶性肿瘤,033,ZGEXZL,第2章 肿瘤 (C00-D48)
C40.303,趾鳞状细胞癌,033,ZLZXBA,第2章 肿瘤 (C00-D48)
C41.001,颅骨恶性肿瘤,033,LGEXZL,第2章 肿瘤 (C00-D48)
C41.002,上颌恶性肿瘤,033,SHEXZL,第2章 肿瘤 (C00-D48)
C41.003,上颌骨恶性肿瘤,033,SHGEXZL,第2章 肿瘤 (C00-D48)
C41.004,上颌骨齿原性恶性肿瘤,033,SHGCYXEXZL,第2章 肿瘤 (C00-D48)
C41.005,颅骨组织细胞增生症,033,LGZZXBZSZ,第2章 肿瘤 (C00-D48)
C41.006,下颌下软组织肉瘤,033,XHXRZZRL,第2章 肿瘤 (C00-D48)
C41.101,下颌骨恶性肿瘤,033,XHGEXZL,第2章 肿瘤 (C00-D48)
C41.102,下颌骨齿原性恶性肿瘤,033,XHGCYXEXZL,第2章 肿瘤 (C00-D48)
C41.103,下颌骨肉瘤,033,XHGRL,第2章 肿瘤 (C00-D48)
C41.201,脊柱恶性肿瘤,033,JZEXZL,第2章 肿瘤 (C00-D48)
C41.202,颈椎恶性肿瘤,033,JZEXZL,第2章 肿瘤 (C00-D48)
C41.203,胸椎恶性肿瘤,033,XZEXZL,第2章 肿瘤 (C00-D48)
C41.204,腰椎恶性肿瘤,033,YZEXZL,第2章 肿瘤 (C00-D48)
C41.205,椎体恶性肿瘤,033,ZTEXZL,第2章 肿瘤 (C00-D48)
C41.206,椎脊突肿瘤,033,ZJTZL,第2章 肿瘤 (C00-D48)
C41.207,椎管内胶质瘤,033,ZGNJZL,第2章 肿瘤 (C00-D48)
C41.208,胸椎体浆细胞骨髓瘤,033,XZTJXBGSL,第2章 肿瘤 (C00-D48)
C41.209,颈椎肿瘤,033,JZZL,第2章 肿瘤 (C00-D48)
C41.210,胸椎浆细胞瘤,033,XZJXBL,第2章 肿瘤 (C00-D48)
C41.301,肋骨恶性肿瘤,033,LGEXZL,第2章 肿瘤 (C00-D48)
C41.302,锁骨恶性肿瘤,033,SGEXZL,第2章 肿瘤 (C00-D48)
C41.303,胸骨恶性肿瘤,033,XGEXZL,第2章 肿瘤 (C00-D48)
C41.401,耻骨恶性肿瘤,033,CGEXZL,第2章 肿瘤 (C00-D48)
C41.402,骶骨恶性肿瘤,033,DGEXZL,第2章 肿瘤 (C00-D48)
C41.403,髂骨恶性肿瘤,033,QGEXZL,第2章 肿瘤 (C00-D48)
C41.901,骨恶性肿瘤,033,GEXZL,第2章 肿瘤 (C00-D48)
C41.902,骨膜肉瘤,033,GMRL,第2章 肿瘤 (C00-D48)
C41.903,乳腺骨肉瘤,033,RXGRL,第2章 肿瘤 (C00-D48)
C41.904,骨浆细胞瘤,033,GJXBL,第2章 肿瘤 (C00-D48)
C41.905,骨肿瘤,033,GZL,第2章 肿瘤 (C00-D48)
C41.906,软骨瘤恶变,033,RGLEB,第2章 肿瘤 (C00-D48)
C41.907,锁骨浆细胞瘤,033,SGJXBL,第2章 肿瘤 (C00-D48)
C43.-,恶性雀斑样痣,023,EXQBYZ,第2章 肿瘤 (C00-D48)
C43.001,唇黑色素瘤,023,CHSSL,第2章 肿瘤 (C00-D48)
C43.002,唇恶性黑色素瘤,023,CEXHSSL,第2章 肿瘤 (C00-D48)
C43.101,眼睑黑色素瘤,023,YJHSSL,第2章 肿瘤 (C00-D48)
C43.201,耳廓黑色素瘤,023,EKHSSL,第2章 肿瘤 (C00-D48)
C43.301,鼻黑色素瘤,023,BHSSL,第2章 肿瘤 (C00-D48)
C43.302,面部皮肤黑色素瘤,023,MBPFHSSL,第2章 肿瘤 (C00-D48)
C43.401,颈部黑色素瘤,023,JBHSSL,第2章 肿瘤 (C00-D48)
C43.402,头皮黑色素瘤,023,TPHSSL,第2章 肿瘤 (C00-D48)
C43.403,颈部恶性黑色素瘤,023,JBEXHSSL,第2章 肿瘤 (C00-D48)
C43.501,腹股沟黑色素瘤,023,FGGHSSL,第2章 肿瘤 (C00-D48)
C43.502,腹部黑色素痣恶变,023,FBHSSZEB,第2章 肿瘤 (C00-D48)
C43.601,上肢黑色素瘤,023,SZHSSL,第2章 肿瘤 (C00-D48)
C43.602,手指黑色素瘤,023,SZHSSL,第2章 肿瘤 (C00-D48)
C43.603,拇指恶性黑色素瘤,023,MZEXHSSL,第2章 肿瘤 (C00-D48)
C43.701,下肢黑色素瘤,023,XZHSSL,第2章 肿瘤 (C00-D48)
C43.702,足恶性黑色素瘤,023,ZEXHSSL,第2章 肿瘤 (C00-D48)
C43.901,黑色素瘤,023,HSSL,第2章 肿瘤 (C00-D48)
C43.902,皮肤黑色素瘤,023,PFHSSL,第2章 肿瘤 (C00-D48)
C43.904,腹壁恶性黑色素瘤,023,FBEXHSSL,第2章 肿瘤 (C00-D48)
C43.905,腋窝恶性黑色素瘤,023,YWEXHSSL,第2章 肿瘤 (C00-D48)
C43.906,胸恶性黑色素瘤,023,XEXHSSL,第2章 肿瘤 (C00-D48)
C43.907,直肠恶性黑色素瘤,023,ZCEXHSSL,第2章 肿瘤 (C00-D48)
C43.908,阴道恶性黑色素瘤,023,YDEXHSSL,第2章 肿瘤 (C00-D48)
C44.-,基底细胞癌,023,JDXBA,第2章 肿瘤 (C00-D48)
C44.001,唇皮肤恶性肿瘤,023,CPFEXZL,第2章 肿瘤 (C00-D48)
C44.101,睑板腺恶性肿瘤,023,JBXEXZL,第2章 肿瘤 (C00-D48)
C44.102,眼睑恶性肿瘤,023,YJEXZL,第2章 肿瘤 (C00-D48)
C44.103,眼睑皮肤恶性肿瘤,023,YJPFEXZL,第2章 肿瘤 (C00-D48)
C44.104,脸鳞状细胞癌,023,LLZXBA,第2章 肿瘤 (C00-D48)
C44.201,耵聍腺癌,023,DNXA,第2章 肿瘤 (C00-D48)
C44.202,耳部恶性肿瘤,023,EBEXZL,第2章 肿瘤 (C00-D48)
C44.203,耳廓恶性肿瘤,023,EKEXZL,第2章 肿瘤 (C00-D48)
C44.204,耳皮肤恶性肿瘤,023,EPFEXZL,第2章 肿瘤 (C00-D48)
C44.205,外耳道恶性肿瘤,023,WEDEXZL,第2章 肿瘤 (C00-D48)
C44.206,耳粘液表皮样癌,023,ENYBPYA,第2章 肿瘤 (C00-D48)
C44.301,鼻部皮肤恶性肿瘤,023,BBPFEXZL,第2章 肿瘤 (C00-D48)
C44.302,鼻唇沟恶性肿瘤,023,BCGEXZL,第2章 肿瘤 (C00-D48)
C44.303,额部皮肤恶性肿瘤,023,EBPFEXZL,第2章 肿瘤 (C00-D48)
C44.304,面部皮肤恶性肿瘤,023,MBPFEXZL,第2章 肿瘤 (C00-D48)
C44.305,面部其他的和未特指皮肤的恶性肿瘤,023,MBQTDHWTZPFDEXZL,第2章 肿瘤 (C00-D48)
C44.306,颞部皮肤恶性肿瘤,023,NBPFEXZL,第2章 肿瘤 (C00-D48)
C44.307,颞部纤维肉瘤,023,NBXWRL,第2章 肿瘤 (C00-D48)
C44.308,面部皮肤鳞状细胞癌,023,MBPFLZXBA,第2章 肿瘤 (C00-D48)
C44.401,颌下皮肤恶性肿瘤,023,HXPFEXZL,第2章 肿瘤 (C00-D48)
C44.402,颈部皮肤恶性肿瘤,023,JBPFEXZL,第2章 肿瘤 (C00-D48)
C44.403,头颈皮肤恶性肿瘤,023,TJPFEXZL,第2章 肿瘤 (C00-D48)
C44.404,头皮恶性肿瘤,023,TPEXZL,第2章 肿瘤 (C00-D48)
C44.405,头顶部皮肤Merkel细胞瘤,023,TDBPFXBL,第2章 肿瘤 (C00-D48)
C44.406,头皮鳞状细胞癌,023,TPLZXBA,第2章 肿瘤 (C00-D48)
C44.501,背皮肤恶性肿瘤,023,BPFEXZL,第2章 肿瘤 (C00-D48)
C44.502,腹壁恶性肿瘤,023,FBEXZL,第2章 肿瘤 (C00-D48)
C44.503,躯干皮肤恶性肿瘤,023,QGPFEXZL,第2章 肿瘤 (C00-D48)
C44.504,臀部皮肤恶性肿瘤,023,TBPFEXZL,第2章 肿瘤 (C00-D48)
C44.505,背部纤维肉瘤,023,BBXWRL,第2章 肿瘤 (C00-D48)
C44.506,腹壁鳞状细胞癌,023,FBLZXBA,第2章 肿瘤 (C00-D48)
C44.507,腹壁恶性间皮瘤,023,FBEXJPL,第2章 肿瘤 (C00-D48)
C44.508,腰部鳞状细胞癌,023,YBLZXBA,第2章 肿瘤 (C00-D48)
C44.601,上肢皮肤恶性肿瘤,023,SZPFEXZL,第2章 肿瘤 (C00-D48)
C44.701,下肢皮肤恶性肿瘤,023,XZPFEXZL,第2章 肿瘤 (C00-D48)
C44.702,足部鳞状细胞癌,023,ZBLZXBA,第2章 肿瘤 (C00-D48)
C44.901,汗腺恶性肿瘤,023,HXEXZL,第2章 肿瘤 (C00-D48)
C44.902,皮肤恶性肿瘤,023,PFEXZL,第2章 肿瘤 (C00-D48)
C44.903,皮肤溃疡癌变,023,PFKYAB,第2章 肿瘤 (C00-D48)
C44.904,手掌皮肤鳞状细胞癌,023,SZPFLZXBA,第2章 肿瘤 (C00-D48)
C45.001,胸膜间皮瘤,023,XMJPL,第2章 肿瘤 (C00-D48)
C45.101,腹膜间皮瘤,023,FMJPL,第2章 肿瘤 (C00-D48)
C45.102,腹部恶性间质瘤,023,FBEXJZL,第2章 肿瘤 (C00-D48)
C46.901,卡波西肉瘤,023,KBXRL,第2章 肿瘤 (C00-D48)
C47.001,面神经恶性肿瘤,023,MSJEXZL,第2章 肿瘤 (C00-D48)
C47.201,股神经恶性肿瘤,023,GSJEXZL,第2章 肿瘤 (C00-D48)
C48.001,腹膜后恶性肿瘤,023,FMHEXZL,第2章 肿瘤 (C00-D48)
C48.002,腹主动脉旁恶性肿瘤,023,FZDMPEXZL,第2章 肿瘤 (C00-D48)
C48.003,肾上腺周围恶性肿瘤,023,SSXZWEXZL,第2章 肿瘤 (C00-D48)
C48.004,腹膜后精原细胞瘤,023,FMHJYXBL,第2章 肿瘤 (C00-D48)
C48.005,腹膜后肿瘤,023,FMHZL,第2章 肿瘤 (C00-D48)
C48.006,腹膜后软骨肉瘤,023,FMHRGRL,第2章 肿瘤 (C00-D48)
C48.007,腹膜后神经母细胞瘤,023,FMHSJMXBL,第2章 肿瘤 (C00-D48)
C48.008,腹膜后恶性间皮瘤,023,FMHEXJPL,第2章 肿瘤 (C00-D48)
C48.101,肠系膜恶性肿瘤,023,CXMEXZL,第2章 肿瘤 (C00-D48)
C48.201,腹膜恶性肿瘤,023,FMEXZL,第2章 肿瘤 (C00-D48)
C48.202,腹膜腔恶性肿瘤,023,FMQEXZL,第2章 肿瘤 (C00-D48)
C48.203,腹腔恶性血管外皮瘤,023,FQEXXGWPL,第2章 肿瘤 (C00-D48)
C48.204,上腹基底细胞癌,023,SFJDXBA,第2章 肿瘤 (C00-D48)
C49.001,耳结缔组织恶性肿瘤,023,EJDZZEXZL,第2章 肿瘤 (C00-D48)
C49.002,颈部结缔组织恶性肿瘤,023,JBJDZZEXZL,第2章 肿瘤 (C00-D48)
C49.003,面部结缔组织恶性肿瘤,023,MBJDZZEXZL,第2章 肿瘤 (C00-D48)
C49.004,颞部结缔组织恶性肿瘤,023,NBJDZZEXZL,第2章 肿瘤 (C00-D48)
C49.005,头部结缔组织恶性肿瘤,023,TBJDZZEXZL,第2章 肿瘤 (C00-D48)
C49.006,头面部结缔组织恶性肿瘤,023,TMBJDZZEXZL,第2章 肿瘤 (C00-D48)
C49.007,耳后横纹肌肉瘤,023,EHHWJRL,第2章 肿瘤 (C00-D48)
C49.101,上肢结缔组织恶性肿瘤,023,SZJDZZEXZL,第2章 肿瘤 (C00-D48)
C49.102,前臂纤维瘤,023,QBXWL,第2章 肿瘤 (C00-D48)
C49.103,拇指恶性透明细胞肌上皮瘤,023,MZEXTMXBJSPL,第2章 肿瘤 (C00-D48)
C49.201,下肢结缔组织恶性肿瘤,023,XZJDZZEXZL,第2章 肿瘤 (C00-D48)
C49.202,小腿纤维肉瘤,023,XTXWRL,第2章 肿瘤 (C00-D48)
C49.203,纤维组织恶性细胞瘤,023,XWZZEXXBL,第2章 肿瘤 (C00-D48)
C49.301,横膈恶性肿瘤,023,HGEXZL,第2章 肿瘤 (C00-D48)
C49.302,肩胛区结缔组织恶性肿瘤,023,JJQJDZZEXZL,第2章 肿瘤 (C00-D48)
C49.303,胸结缔组织恶性肿瘤,023,XJDZZEXZL,第2章 肿瘤 (C00-D48)
C49.304,腋下结缔组织恶性肿瘤,023,YXJDZZEXZL,第2章 肿瘤 (C00-D48)
C49.305,腋下恶性雪旺化细胞瘤,023,YXEXXWHXBL,第2章 肿瘤 (C00-D48)
C49.306,腋下恶性神经鞘瘤,023,YXEXSJQL,第2章 肿瘤 (C00-D48)
C49.307,臂纤维肉瘤,023,BXWRL,第2章 肿瘤 (C00-D48)
C49.308,肩纤维肉瘤,023,JXWRL,第2章 肿瘤 (C00-D48)
C49.310,肺动脉内恶性肿瘤,023,FDMNEXZL,第2章 肿瘤 (C00-D48)
C49.401,腹部结缔组织恶性肿瘤,023,FBJDZZEXZL,第2章 肿瘤 (C00-D48)
C49.402,下腔静脉恶性肿瘤,023,XQJMEXZL,第2章 肿瘤 (C00-D48)
C49.403,腹部横纹肌肉瘤,023,FBHWJRL,第2章 肿瘤 (C00-D48)
C49.501,骶前结缔组织恶性肿瘤,023,DQJDZZEXZL,第2章 肿瘤 (C00-D48)
C49.502,腹股沟结缔组织恶性肿瘤,023,FGGJDZZEXZL,第2章 肿瘤 (C00-D48)
C49.503,会阴部恶性肿瘤,023,HYBEXZL,第2章 肿瘤 (C00-D48)
C49.504,盆腔结缔组织恶性肿瘤,023,PQJDZZEXZL,第2章 肿瘤 (C00-D48)
C49.505,直肠阴道隔结缔组织恶性肿瘤,023,ZCYDGJDZZEXZL,第2章 肿瘤 (C00-D48)
C49.506,腹股沟基底细胞癌,023,FGGJDXBA,第2章 肿瘤 (C00-D48)
C49.507,盆腔纤肉瘤,023,PQXRL,第2章 肿瘤 (C00-D48)
C49.601,躯干结缔组织恶性肿瘤,023,QGJDZZEXZL,第2章 肿瘤 (C00-D48)
C49.901,葡萄样肉瘤,023,PTYRL,第2章 肿瘤 (C00-D48)
C49.902,结缔组织恶性肿瘤,023,JDZZEXZL,第2章 肿瘤 (C00-D48)
C49.903,淋巴管恶性肿瘤,023,LBGEXZL,第2章 肿瘤 (C00-D48)
C49.904,背部平滑肌肉瘤,023,BBPHJRL,第2章 肿瘤 (C00-D48)
C49.905,腰部脂肪肉瘤,023,YBZFRL,第2章 肿瘤 (C00-D48)
C50.001,乳头恶性肿瘤,034,RTEXZL,第2章 肿瘤 (C00-D48)
C50.002,乳头乳晕恶性肿瘤,034,RTRYEXZL,第2章 肿瘤 (C00-D48)
C50.901,副乳腺恶性肿瘤,034,FRXEXZL,第2章 肿瘤 (C00-D48)
C50.902,乳房佩吉特氏病伴浸润性导管癌,034,RFPJTSBBJRXDGA,第2章 肿瘤 (C00-D48)
C50.903,乳腺粘液癌,034,RXNYA,第2章 肿瘤 (C00-D48)
C50.904,乳腺派杰氏癌,034,RXPJSA,第2章 肿瘤 (C00-D48)
C50.905,乳派杰氏病,034,RPJSB,第2章 肿瘤 (C00-D48)
C50.906,乳腺恶性肿瘤,034,RXEXZL,第2章 肿瘤 (C00-D48)
C50.907,乳腺佩吉特氏病,034,RXPJTSB,第2章 肿瘤 (C00-D48)
C50.908,乳湿疹样癌,034,RSZYA,第2章 肿瘤 (C00-D48)
C51.001,大阴唇恶性肿瘤,035,DYCEXZL,第2章 肿瘤 (C00-D48)
C51.002,前庭大腺恶性肿瘤,035,QTDXEXZL,第2章 肿瘤 (C00-D48)
C51.101,小阴唇恶性肿瘤,035,XYCEXZL,第2章 肿瘤 (C00-D48)
C51.201,阴蒂恶性肿瘤,035,YDEXZL,第2章 肿瘤 (C00-D48)
C51.901,外阴恶性肿瘤,035,WYEXZL,第2章 肿瘤 (C00-D48)
C51.902,外阴佩吉特病,035,WYPJTB,第2章 肿瘤 (C00-D48)
C51.903,外阴平滑肌肉瘤,035,WYPHJRL,第2章 肿瘤 (C00-D48)
C51.904,外阴癌,035,WYA,第2章 肿瘤 (C00-D48)
C51.905,外阴乳头状癌,035,WYRTZA,第2章 肿瘤 (C00-D48)
C52  01,阴道恶性肿瘤,035,YDEXZL,第2章 肿瘤 (C00-D48)
C52  02,阴道乳头状腺癌,035,YDRTZXA,第2章 肿瘤 (C00-D48)
C53.901,子宫颈残端恶性肿瘤,035,ZGJCDEXZL,第2章 肿瘤 (C00-D48)
C53.902,子宫颈恶性肿瘤,035,ZGJEXZL,第2章 肿瘤 (C00-D48)
C53.903,子宫颈恶性黑色素瘤,035,ZGJEXHSSL,第2章 肿瘤 (C00-D48)
C54.101,子宫内膜恶性肿瘤,035,ZGNMEXZL,第2章 肿瘤 (C00-D48)
C54.901,子宫体恶性肿瘤,035,ZGTEXZL,第2章 肿瘤 (C00-D48)
C54.902,子宫体腺癌,035,ZGTXA,第2章 肿瘤 (C00-D48)
C55  01,子宫恶性肿瘤,035,ZGEXZL,第2章 肿瘤 (C00-D48)
C56  01,恶性纤维上皮瘤(恶性布伦纳瘤),035,EXXWSPLEXBLNL,第2章 肿瘤 (C00-D48)
C56  02,卵巢恶性肿瘤,035,LCEXZL,第2章 肿瘤 (C00-D48)
C56  03,卵巢交界恶性浆液性囊腺瘤,035,LCJJEXJYXNXL,第2章 肿瘤 (C00-D48)
C56  04,泡膜细胞癌,035,PMXBA,第2章 肿瘤 (C00-D48)
C56  05,卵巢浆液性囊腺癌,035,LCJYXNXA,第2章 肿瘤 (C00-D48)
C56  06,卵巢克鲁根勃化瘤,035,LCKLGBHL,第2章 肿瘤 (C00-D48)
C56  07,卵巢乳头状腺癌,035,LCRTZXA,第2章 肿瘤 (C00-D48)
C56  09,卵巢移行细胞癌,035,LCYXXBA,第2章 肿瘤 (C00-D48)
C56  10,卵巢肿瘤,035,LCZL,第2章 肿瘤 (C00-D48)
C57.001,输卵管恶性肿瘤,035,SLGEXZL,第2章 肿瘤 (C00-D48)
C57.002,输卵管乳头状癌,035,SLGRTZA,第2章 肿瘤 (C00-D48)
C57.003,卵巢透明细胞癌,035,LCTMXBA,第2章 肿瘤 (C00-D48)
C57.101,卵巢冠恶性肿瘤,035,LCGEXZL,第2章 肿瘤 (C00-D48)
C57.301,子宫骶骨韧带恶性肿瘤,035,ZGDGRDEXZL,第2章 肿瘤 (C00-D48)
C57.401,子宫附件恶性肿瘤,035,ZGFJEXZL,第2章 肿瘤 (C00-D48)
C57.402,混合性生殖细胞癌,035,HHXSZXBA,第2章 肿瘤 (C00-D48)
C60.101,阴茎头恶性肿瘤,036,YJTEXZL,第2章 肿瘤 (C00-D48)
C60.201,阴茎体恶性肿瘤,036,YJTEXZL,第2章 肿瘤 (C00-D48)
C60.901,阴茎恶性肿瘤,036,YJEXZL,第2章 肿瘤 (C00-D48)
C61  01,前列腺恶性肿瘤,036,QLXEXZL,第2章 肿瘤 (C00-D48)
C62.001,隐睾恶性肿瘤,036,YGEXZL,第2章 肿瘤 (C00-D48)
C62.101,睾丸恶性肿瘤,036,GWEXZL,第2章 肿瘤 (C00-D48)
C62.102,睾丸内胚窦癌,036,GWNPDA,第2章 肿瘤 (C00-D48)
C62.901,睾丸畸胎瘤,036,GWJTL,第2章 肿瘤 (C00-D48)
C62.902,绒毛膜上皮癌(女),036,RMMSPAN,第2章 肿瘤 (C00-D48)
C62.903,恶性滋养细胞肿瘤（女）,036,EXZYXBZLN,第2章 肿瘤 (C00-D48)
C62.904,绒毛膜上皮癌(男),051,RMMSPAN,第2章 肿瘤 (C00-D48)
C62.905,恶性滋养细胞肿瘤（男）,051,EXZYXBZLN,第2章 肿瘤 (C00-D48)
C63.001,附睾恶性肿瘤,036,FGEXZL,第2章 肿瘤 (C00-D48)
C63.101,精索恶性肿瘤,036,JSEXZL,第2章 肿瘤 (C00-D48)
C63.201,阴囊恶性肿瘤,036,YNEXZL,第2章 肿瘤 (C00-D48)
C63.202,阴囊汗腺癌,036,YNHXA,第2章 肿瘤 (C00-D48)
C63.203,阴囊佩吉特病,036,YNPJTB,第2章 肿瘤 (C00-D48)
C63.701,精囊恶性肿瘤,036,JNEXZL,第2章 肿瘤 (C00-D48)
C64  01,肾恶性肿瘤,037,SEXZL,第2章 肿瘤 (C00-D48)
C64  02,肾母细胞瘤,037,SMXBL,第2章 肿瘤 (C00-D48)
C64  03,肾细胞癌,037,SXBA,第2章 肿瘤 (C00-D48)
C64  04,肾平滑肌瘤,037,SPHJL,第2章 肿瘤 (C00-D48)
C64.020,肾肿瘤,037,SZL,第2章 肿瘤 (C00-D48)
C65  01,肾盂恶性肿瘤,037,SYEXZL,第2章 肿瘤 (C00-D48)
C66  01,输尿管恶性肿瘤,037,SNGEXZL,第2章 肿瘤 (C00-D48)
C67.001,膀胱三角区恶性肿瘤,037,PGSJQEXZL,第2章 肿瘤 (C00-D48)
C67.501,膀胱颈恶性肿瘤,037,PGJEXZL,第2章 肿瘤 (C00-D48)
C67.701,脐尿管恶性肿瘤,037,QNGEXZL,第2章 肿瘤 (C00-D48)
C67.901,膀胱恶性肿瘤,037,PGEXZL,第2章 肿瘤 (C00-D48)
C67.902,膀胱转移癌,037,PGZYA,第2章 肿瘤 (C00-D48)
C68.001,尿道恶性肿瘤,037,NDEXZL,第2章 肿瘤 (C00-D48)
C68.801,肾及输尿管恶性肿瘤,037,SJSNGEXZL,第2章 肿瘤 (C00-D48)
C68.802,肾转移癌,037,SZYA,第2章 肿瘤 (C00-D48)
C69.001,结膜恶性肿瘤,023,JMEXZL,第2章 肿瘤 (C00-D48)
C69.101,角膜恶性肿瘤,023,JMEXZL,第2章 肿瘤 (C00-D48)
C69.201,视网膜恶性肿瘤,023,SWMEXZL,第2章 肿瘤 (C00-D48)
C69.202,视网膜母细胞瘤,023,SWMMXBL,第2章 肿瘤 (C00-D48)
C69.301,脉络膜恶性肿瘤,023,MLMEXZL,第2章 肿瘤 (C00-D48)
C69.401,睫状体恶性肿瘤,023,JZTEXZL,第2章 肿瘤 (C00-D48)
C69.402,葡萄膜恶性肿瘤,023,PTMEXZL,第2章 肿瘤 (C00-D48)
C69.403,眼内恶性肿瘤,023,YNEXZL,第2章 肿瘤 (C00-D48)
C69.404,内眦基底细胞癌,023,NZJDXBA,第2章 肿瘤 (C00-D48)
C69.501,泪囊恶性肿瘤,023,LNEXZL,第2章 肿瘤 (C00-D48)
C69.502,泪腺恶性肿瘤,023,LXEXZL,第2章 肿瘤 (C00-D48)
C69.503,泪囊癌,023,LNA,第2章 肿瘤 (C00-D48)
C69.601,眶内恶性肿瘤,023,KNEXZL,第2章 肿瘤 (C00-D48)
C69.602,眼眶小淋巴细胞淋巴瘤,023,YKXLBXBLBL,第2章 肿瘤 (C00-D48)
C69.603,眼眶癌,023,YKA,第2章 肿瘤 (C00-D48)
C69.604,眶腺癌,023,KXA,第2章 肿瘤 (C00-D48)
C69.901,眼恶性肿瘤,023,YEXZL,第2章 肿瘤 (C00-D48)
C70.-,恶性脑膜瘤,023,EXNML,第2章 肿瘤 (C00-D48)
C70.001,脑膜恶性肿瘤,023,NMEXZL,第2章 肿瘤 (C00-D48)
C70.002,大网膜腺癌,023,DWMXA,第2章 肿瘤 (C00-D48)
C70.101,脊膜恶性肿瘤,023,JMEXZL,第2章 肿瘤 (C00-D48)
C70.901,硬膜下恶性肿瘤,023,YMXEXZL,第2章 肿瘤 (C00-D48)
C71.-,混合性胶质细胞瘤,038,HHXJZXBL,第2章 肿瘤 (C00-D48)
C71.001,大脑恶性肿瘤,038,DNEXZL,第2章 肿瘤 (C00-D48)
C71.002,大脑神经胶质瘤病,038,DNSJJZLB,第2章 肿瘤 (C00-D48)
C71.003,胶质恶性细胞瘤,038,JZEXXBL,第2章 肿瘤 (C00-D48)
C71.004,胼胝体恶性肿瘤,038,PZTEXZL,第2章 肿瘤 (C00-D48)
C71.005,丘脑恶性肿瘤,038,QNEXZL,第2章 肿瘤 (C00-D48)
C71.006,颅内胶质细胞瘤,038,LNJZXBL,第2章 肿瘤 (C00-D48)
C71.101,额叶恶性肿瘤,038,EYEXZL,第2章 肿瘤 (C00-D48)
C71.102,额部隆突性皮纤维肉瘤,038,EBLTXPXWRL,第2章 肿瘤 (C00-D48)
C71.103,额叶胶质瘤,038,EYJZL,第2章 肿瘤 (C00-D48)
C71.201,颞叶恶性肿瘤,038,NYEXZL,第2章 肿瘤 (C00-D48)
C71.202,颞部鳞状细胞癌,038,NBLZXBA,第2章 肿瘤 (C00-D48)
C71.203,颞叶胶质瘤,038,NYJZL,第2章 肿瘤 (C00-D48)
C71.301,顶叶恶性肿瘤,038,DYEXZL,第2章 肿瘤 (C00-D48)
C71.401,枕叶恶性肿瘤,038,ZYEXZL,第2章 肿瘤 (C00-D48)
C71.402,枕部横纹肌肉瘤,038,ZBHWJRL,第2章 肿瘤 (C00-D48)
C71.501,恶性脉络丛乳头状瘤,038,EXMLCRTZL,第2章 肿瘤 (C00-D48)
C71.502,脉络丛恶性肿瘤,038,MLCEXZL,第2章 肿瘤 (C00-D48)
C71.503,脑室恶性肿瘤,038,NSEXZL,第2章 肿瘤 (C00-D48)
C71.601,小脑恶性肿瘤,038,XNEXZL,第2章 肿瘤 (C00-D48)
C71.602,小脑髓母细胞瘤,038,XNSMXBL,第2章 肿瘤 (C00-D48)
C71.603,小脑血管网织细胞瘤,038,XNXGWZXBL,第2章 肿瘤 (C00-D48)
C71.701,脑干恶性肿瘤,038,NGEXZL,第2章 肿瘤 (C00-D48)
C71.702,脑桥恶性肿瘤,038,NQEXZL,第2章 肿瘤 (C00-D48)
C71.801,顶枕叶恶性肿瘤,038,DZYEXZL,第2章 肿瘤 (C00-D48)
C71.802,额顶叶恶性肿瘤,038,EDYEXZL,第2章 肿瘤 (C00-D48)
C71.803,额颞顶叶恶性肿瘤,038,ENDYEXZL,第2章 肿瘤 (C00-D48)
C71.901,鞍上区恶性肿瘤,038,ASQEXZL,第2章 肿瘤 (C00-D48)
C71.902,颅内恶性肿瘤,038,LNEXZL,第2章 肿瘤 (C00-D48)
C71.903,脑恶性肿瘤,038,NEXZL,第2章 肿瘤 (C00-D48)
C71.904,颅内恶性畸胎瘤,038,LNEXJTL,第2章 肿瘤 (C00-D48)
C71.905,延髓胶质瘤,038,YSJZL,第2章 肿瘤 (C00-D48)
C71.906,黄色瘤（脑）,038,HSLN,第2章 肿瘤 (C00-D48)
C71.907,脑乳头状腺癌,038,NRTZXA,第2章 肿瘤 (C00-D48)
C71.908,颅内血管母细胞瘤,038,LNXGMXBL,第2章 肿瘤 (C00-D48)
C71.909,蛛网膜印戎细胞癌,038,ZWMYRXBA,第2章 肿瘤 (C00-D48)
C72.001,脊髓恶性肿瘤,023,JSEXZL,第2章 肿瘤 (C00-D48)
C72.002,脊髓圆锥恶性肿瘤,023,JSYZEXZL,第2章 肿瘤 (C00-D48)
C72.201,嗅神经恶性肿瘤,023,XSJEXZL,第2章 肿瘤 (C00-D48)
C72.301,视神经恶性肿瘤,023,SSJEXZL,第2章 肿瘤 (C00-D48)
C72.501,颅神经恶性肿瘤,023,LSJEXZL,第2章 肿瘤 (C00-D48)
C72.901,硬脊膜外恶性肿瘤,023,YJMWEXZL,第2章 肿瘤 (C00-D48)
C72.902,硬膜外恶性肿瘤,023,YMWEXZL,第2章 肿瘤 (C00-D48)
C73  01,复发性甲状腺癌,023,FFXJZXA,第2章 肿瘤 (C00-D48)
C73  02,甲状腺恶性肿瘤,023,JZXEXZL,第2章 肿瘤 (C00-D48)
C73  03,甲状腺良性肿瘤癌变,023,JZXLXZLAB,第2章 肿瘤 (C00-D48)
C73  04,滤泡变异性乳头状腺癌,023,LPBYXRTZXA,第2章 肿瘤 (C00-D48)
C73  05,滤泡性腺癌,023,LPXXA,第2章 肿瘤 (C00-D48)
C74.001,肾上腺皮质癌,023,SSXPZA,第2章 肿瘤 (C00-D48)
C74.101,恶性嗜铬细胞瘤,023,EXSGXBL,第2章 肿瘤 (C00-D48)
C74.901,肾上腺恶性肿瘤,023,SSXEXZL,第2章 肿瘤 (C00-D48)
C74.902,肾上腺癌,023,SSXA,第2章 肿瘤 (C00-D48)
C75.001,甲状旁腺恶性肿瘤,023,JZPXEXZL,第2章 肿瘤 (C00-D48)
C75.101,垂体恶性肿瘤,023,CTEXZL,第2章 肿瘤 (C00-D48)
C75.102,蝶鞍区恶性肿瘤,023,DAQEXZL,第2章 肿瘤 (C00-D48)
C75.301,松果体恶性肿瘤,023,SGTEXZL,第2章 肿瘤 (C00-D48)
C75.302,松果体母细胞瘤,023,SGTMXBL,第2章 肿瘤 (C00-D48)
C76.001,鼻恶性肿瘤,023,BEXZL,第2章 肿瘤 (C00-D48)
C76.002,鼻腔恶性肿瘤,023,BQEXZL,第2章 肿瘤 (C00-D48)
C76.003,颔下恶性肿瘤,023,HXEXZL,第2章 肿瘤 (C00-D48)
C76.004,颊部恶性肿瘤,023,JBEXZL,第2章 肿瘤 (C00-D48)
C76.005,"头,面和颈恶性肿瘤",023,TMHJEXZL,第2章 肿瘤 (C00-D48)
C76.006,颈部纤维瘤,023,JBXWL,第2章 肿瘤 (C00-D48)
C76.007,颈部颗粒细胞瘤,023,JBKLXBL,第2章 肿瘤 (C00-D48)
C76.101,胸壁恶性肿瘤,023,XBEXZL,第2章 肿瘤 (C00-D48)
C76.102,胸恶性肿瘤,023,XEXZL,第2章 肿瘤 (C00-D48)
C76.103,胸腔恶性肿瘤,023,XQEXZL,第2章 肿瘤 (C00-D48)
C76.104,腋窝恶性肿瘤,023,YWEXZL,第2章 肿瘤 (C00-D48)
C76.105,腋下纤维肉瘤,023,YXXWRL,第2章 肿瘤 (C00-D48)
C76.106,胸壁恶性雪旺氏细胞瘤,023,XBEXXWSXBL,第2章 肿瘤 (C00-D48)
C76.107,胸壁透明细胞肉瘤,023,XBTMXBRL,第2章 肿瘤 (C00-D48)
C76.108,胸腔肿瘤,023,XQZL,第2章 肿瘤 (C00-D48)
C76.109,胸壁肿瘤,023,XBZL,第2章 肿瘤 (C00-D48)
C76.201,腹腔恶性肿瘤,023,FQEXZL,第2章 肿瘤 (C00-D48)
C76.202,腹膜后胚胎怡瘤,023,FMHPTYL,第2章 肿瘤 (C00-D48)
C76.203,腹腔转移性腺癌,023,FQZYXXA,第2章 肿瘤 (C00-D48)
C76.204,髂窝恶性肿瘤,023,QWEXZL,第2章 肿瘤 (C00-D48)
C76.301,骶前恶性肿瘤,023,DQEXZL,第2章 肿瘤 (C00-D48)
C76.302,会阴部恶性肿瘤(男性),023,HYBEXZLNX,第2章 肿瘤 (C00-D48)
C76.303,骶尾部恶性肿瘤,023,DWBEXZL,第2章 肿瘤 (C00-D48)
C76.304,盆腔恶性肿瘤,023,PQEXZL,第2章 肿瘤 (C00-D48)
C76.305,腹股沟恶性肿瘤,023,FGGEXZL,第2章 肿瘤 (C00-D48)
C76.306,臀部恶性肿瘤,023,TBEXZL,第2章 肿瘤 (C00-D48)
C76.307,直肠阴道隔恶性肿瘤,023,ZCYDGEXZL,第2章 肿瘤 (C00-D48)
C76.308,腰骶肿瘤,023,YDZL,第2章 肿瘤 (C00-D48)
C76.309,盆腔平滑肌肉瘤,023,PQPHJRL,第2章 肿瘤 (C00-D48)
C76.310,盆腔腹壁恶性间叶瘤,023,PQFBEXJYL,第2章 肿瘤 (C00-D48)
C76.311,盆腔恶性间皮瘤,023,PQEXJPL,第2章 肿瘤 (C00-D48)
C76.401,上肢恶性肿瘤,023,SZEXZL,第2章 肿瘤 (C00-D48)
C76.501,下肢恶性肿瘤,023,XZEXZL,第2章 肿瘤 (C00-D48)
C76.502,小腿恶性肿瘤,023,XTEXZL,第2章 肿瘤 (C00-D48)
C76.503,大腿血管肉瘤,023,DTXGRL,第2章 肿瘤 (C00-D48)
C76.504,大腿增生性外毛根鞘瘤,023,DTZSXWMGQL,第2章 肿瘤 (C00-D48)
C76.505,大腿软骨肉瘤,023,DTRGRL,第2章 肿瘤 (C00-D48)
C76.506,腿恶性肿块,023,TEXZK,第2章 肿瘤 (C00-D48)
C76.507,腿恶性血管内皮瘤,023,TEXXGNPL,第2章 肿瘤 (C00-D48)
C76.508,上腿平滑肌肉瘤,023,STPHJRL,第2章 肿瘤 (C00-D48)
C76.509,足鳞状细胞癌,023,ZLZXBA,第2章 肿瘤 (C00-D48)
C76.510,大腿纤维肉瘤,023,DTXWRL,第2章 肿瘤 (C00-D48)
C76.511,下肢基底细胞癌,023,XZJDXBA,第2章 肿瘤 (C00-D48)
C77.001,颌下淋巴结继发恶性肿瘤,023,HXLBJJFEXZL,第2章 肿瘤 (C00-D48)
C77.002,颈部淋巴结继发恶性肿瘤,023,JBLBJJFEXZL,第2章 肿瘤 (C00-D48)
C77.003,腮腺淋巴结继发恶性肿瘤,023,SXLBJJFEXZL,第2章 肿瘤 (C00-D48)
C77.004,锁骨上淋巴结继发恶性肿瘤,023,SGSLBJJFEXZL,第2章 肿瘤 (C00-D48)
C77.005,鼻咽癌颈淋巴结转移,023,BYAJLBJZY,第2章 肿瘤 (C00-D48)
C77.006,锁骨淋巴结转移转移癌,023,SGLBJZYZYA,第2章 肿瘤 (C00-D48)
C77.101,肺门淋巴结继发恶性肿瘤,023,FMLBJJFEXZL,第2章 肿瘤 (C00-D48)
C77.102,胸内淋巴结继发性恶性肿瘤,023,XNLBJJFXEXZL,第2章 肿瘤 (C00-D48)
C77.103,纵隔淋巴结继发恶性肿瘤,023,ZGLBJJFEXZL,第2章 肿瘤 (C00-D48)
C77.201,贲门淋巴结继发恶性肿瘤,023,BMLBJJFEXZL,第2章 肿瘤 (C00-D48)
C77.202,肠系膜淋巴结继发恶性肿瘤,023,CXMLBJJFEXZL,第2章 肿瘤 (C00-D48)
C77.204,腹腔淋巴结继发恶性肿瘤,023,FQLBJJFEXZL,第2章 肿瘤 (C00-D48)
C77.205,肝门淋巴结继发恶性肿瘤,023,GMLBJJFEXZL,第2章 肿瘤 (C00-D48)
C77.206,脾门淋巴结继发性恶性肿瘤,023,PMLBJJFXEXZL,第2章 肿瘤 (C00-D48)
C77.207,脾动脉淋巴结转移癌,023,PDMLBJZYA,第2章 肿瘤 (C00-D48)
C77.301,腋窝淋巴结继发恶性肿瘤,023,YWLBJJFEXZL,第2章 肿瘤 (C00-D48)
C77.401,腹股沟淋巴结继发恶性肿瘤,023,FGGLBJJFEXZL,第2章 肿瘤 (C00-D48)
C77.501,盆腔淋巴结继发性恶性肿瘤,023,PQLBJJFXEXZL,第2章 肿瘤 (C00-D48)
C77.502,髂淋巴结继发恶性肿瘤,023,QLBJJFEXZL,第2章 肿瘤 (C00-D48)
C77.801,"颌下,锁骨上淋巴结继发恶性肿瘤",023,HXSGSLBJJFEXZL,第2章 肿瘤 (C00-D48)
C77.901,淋巴结继发恶性肿瘤,023,LBJJFEXZL,第2章 肿瘤 (C00-D48)
C78.001,肺继发恶性肿瘤,023,FJFEXZL,第2章 肿瘤 (C00-D48)
C78.002,支气管继发恶性肿瘤,023,ZQGJFEXZL,第2章 肿瘤 (C00-D48)
C78.003,乳癌术后肺转移,023,RASHFZY,第2章 肿瘤 (C00-D48)
C78.004,恶性葡萄胎肺转移,023,EXPTTFZY,第2章 肿瘤 (C00-D48)
C78.101,纵隔继发恶性肿瘤,023,ZGJFEXZL,第2章 肿瘤 (C00-D48)
C78.201,胸膜继发恶性肿瘤,023,XMJFEXZL,第2章 肿瘤 (C00-D48)
C78.301,其他呼吸系统的继发性肿瘤,023,QTHXXTDJFXZL,第2章 肿瘤 (C00-D48)
C78.302,气管继发恶性肿瘤,023,QGJFEXZL,第2章 肿瘤 (C00-D48)
C78.303,气管支气管继发性恶性肿瘤,023,QGZQGJFXEXZL,第2章 肿瘤 (C00-D48)
C78.304,中耳继发性肿瘤,023,ZEJFXZL,第2章 肿瘤 (C00-D48)
C78.305,鼻腔续发性恶性肿瘤,023,BQXFXEXZL,第2章 肿瘤 (C00-D48)
C78.401,十二指肠继发恶性肿瘤,023,SEZCJFEXZL,第2章 肿瘤 (C00-D48)
C78.402,小肠继发恶性肿瘤,023,XCJFEXZL,第2章 肿瘤 (C00-D48)
C78.501,大、直肠继发性肿瘤,023,DZCJFXZL,第2章 肿瘤 (C00-D48)
C78.502,结肠继发恶性肿瘤,023,JCJFEXZL,第2章 肿瘤 (C00-D48)
C78.503,盲肠继发恶性肿瘤,023,MCJFEXZL,第2章 肿瘤 (C00-D48)
C78.504,乙状结肠继发恶性肿瘤,023,YZJCJFEXZL,第2章 肿瘤 (C00-D48)
C78.505,直肠继发恶性肿瘤,023,ZCJFEXZL,第2章 肿瘤 (C00-D48)
C78.506,结肠肝曲转移癌,023,JCGQZYA,第2章 肿瘤 (C00-D48)
C78.601,肠系膜继发恶性肿瘤,023,CXMJFEXZL,第2章 肿瘤 (C00-D48)
C78.602,大网膜继发恶性肿瘤,023,DWMJFEXZL,第2章 肿瘤 (C00-D48)
C78.603,腹膜后腔继发恶性肿瘤,023,FMHQJFEXZL,第2章 肿瘤 (C00-D48)
C78.604,腹膜继发恶性肿瘤,023,FMJFEXZL,第2章 肿瘤 (C00-D48)
C78.605,腹膜假粘液瘤,023,FMJNYL,第2章 肿瘤 (C00-D48)
C78.701,肝继发恶性肿瘤,023,GJFEXZL,第2章 肿瘤 (C00-D48)
C78.801,胆管继发性恶性肿瘤,023,DGJFXEXZL,第2章 肿瘤 (C00-D48)
C78.802,胆囊继发恶性肿瘤,023,DNJFEXZL,第2章 肿瘤 (C00-D48)
C78.803,脾继发恶性肿瘤,023,PJFEXZL,第2章 肿瘤 (C00-D48)
C78.804,其他消化器官的继发性肿瘤,023,QTXHQGDJFXZL,第2章 肿瘤 (C00-D48)
C78.805,食管继发恶性肿瘤,023,SGJFEXZL,第2章 肿瘤 (C00-D48)
C78.806,胃肠道继发恶性肿瘤,023,WCDJFEXZL,第2章 肿瘤 (C00-D48)
C78.807,胃继发性恶性肿瘤,023,WJFXEXZL,第2章 肿瘤 (C00-D48)
C78.808,消化道继发性恶性肿瘤,023,XHDJFXEXZL,第2章 肿瘤 (C00-D48)
C78.809,胰腺继发恶性肿瘤,023,YXJFEXZL,第2章 肿瘤 (C00-D48)
C79.001,肾继发恶性肿瘤,023,SJFEXZL,第2章 肿瘤 (C00-D48)
C79.101,膀胱继发恶性肿瘤,023,PGJFEXZL,第2章 肿瘤 (C00-D48)
C79.102,泌尿系统继发恶性肿瘤,023,MNXTJFEXZL,第2章 肿瘤 (C00-D48)
C79.103,尿道继发恶性肿瘤,023,NDJFEXZL,第2章 肿瘤 (C00-D48)
C79.104,输尿管继发恶性肿瘤,023,SNGJFEXZL,第2章 肿瘤 (C00-D48)
C79.201,腹壁继发恶性肿瘤,023,FBJFEXZL,第2章 肿瘤 (C00-D48)
C79.202,睑板继发恶性肿瘤,023,JBJFEXZL,第2章 肿瘤 (C00-D48)
C79.203,皮肤继发恶性肿瘤,023,PFJFEXZL,第2章 肿瘤 (C00-D48)
C79.204,腰部继发恶性肿瘤,023,YBJFEXZL,第2章 肿瘤 (C00-D48)
C79.301,脊髓继发恶性肿瘤,023,JSJFEXZL,第2章 肿瘤 (C00-D48)
C79.302,脑继发恶性肿瘤,023,NJFEXZL,第2章 肿瘤 (C00-D48)
C79.303,脑膜继发恶性肿瘤,023,NMJFEXZL,第2章 肿瘤 (C00-D48)
C79.304,小脑继发性恶性肿瘤,023,XNJFXEXZL,第2章 肿瘤 (C00-D48)
C79.305,脑转移癌,023,NZYA,第2章 肿瘤 (C00-D48)
C79.306,恶性葡萄胎脑转移,023,EXPTTNZY,第2章 肿瘤 (C00-D48)
C79.401,眶内继发性肿瘤,023,KNJFXZL,第2章 肿瘤 (C00-D48)
C79.402,脉络膜继发恶性肿瘤,023,MLMJFEXZL,第2章 肿瘤 (C00-D48)
C79.403,眼继发性恶性肿瘤,023,YJFXEXZL,第2章 肿瘤 (C00-D48)
C79.404,中枢神经系统继发恶性肿瘤,023,ZSSJXTJFEXZL,第2章 肿瘤 (C00-D48)
C79.501,骨继发恶性肿瘤,023,GJFEXZL,第2章 肿瘤 (C00-D48)
C79.502,骨髓继发恶性肿瘤,023,GSJFEXZL,第2章 肿瘤 (C00-D48)
C79.503,脊柱继发性恶性肿瘤,023,JZJFXEXZL,第2章 肿瘤 (C00-D48)
C79.504,上颌骨非齿源性恶性肿瘤,023,SHGFCYXEXZL,第2章 肿瘤 (C00-D48)
C79.505,上颌骨继发恶性肿瘤,023,SHGJFEXZL,第2章 肿瘤 (C00-D48)
C79.506,下颌骨非齿源性恶性肿瘤,023,XHGFCYXEXZL,第2章 肿瘤 (C00-D48)
C79.507,下颌骨继发恶性肿瘤,023,XHGJFEXZL,第2章 肿瘤 (C00-D48)
C79.508,椎体继发恶性肿瘤,023,ZTJFEXZL,第2章 肿瘤 (C00-D48)
C79.509,腰椎转移性肿瘤,023,YZZYXZL,第2章 肿瘤 (C00-D48)
C79.510,坐骨转移癌,023,ZGZYA,第2章 肿瘤 (C00-D48)
C79.511,肩关节转移癌,023,JGJZYA,第2章 肿瘤 (C00-D48)
C79.512,肱骨转移癌,023,GGZYA,第2章 肿瘤 (C00-D48)
C79.601,克鲁肯伯格氏瘤,023,KLKBGSL,第2章 肿瘤 (C00-D48)
C79.602,卵巢继发恶性肿瘤,023,LCJFEXZL,第2章 肿瘤 (C00-D48)
C79.603,肾上腺继发恶性肿瘤,023,SSXJFEXZL,第2章 肿瘤 (C00-D48)
C79.604,卵巢转移癌,023,LCZYA,第2章 肿瘤 (C00-D48)
C79.801,骶尾区继发性恶性肿瘤,023,DWQJFXEXZL,第2章 肿瘤 (C00-D48)
C79.802,腹腔继发性恶性肿瘤,023,FQJFXEXZL,第2章 肿瘤 (C00-D48)
C79.803,腹主动脉继发恶性肿瘤,023,FZDMJFEXZL,第2章 肿瘤 (C00-D48)
C79.804,睾丸继发恶性肿瘤,023,GWJFEXZL,第2章 肿瘤 (C00-D48)
C79.805,膈继发恶性肿瘤,023,GJFEXZL,第2章 肿瘤 (C00-D48)
C79.806,"颌,颏继发性恶性肿瘤",023,HKJFXEXZL,第2章 肿瘤 (C00-D48)
C79.807,会阴继发性恶性肿瘤,023,HYJFXEXZL,第2章 肿瘤 (C00-D48)
C79.808,甲状腺继发性恶性肿瘤,023,JZXJFXEXZL,第2章 肿瘤 (C00-D48)
C79.809,精囊继发性恶性肿瘤,023,JNJFXEXZL,第2章 肿瘤 (C00-D48)
C79.810,颈部继发性恶性肿瘤,023,JBJFXEXZL,第2章 肿瘤 (C00-D48)
C79.811,口腔继发性恶性肿瘤,023,KQJFXEXZL,第2章 肿瘤 (C00-D48)
C79.812,盆腔继发恶性肿瘤,023,PQJFEXZL,第2章 肿瘤 (C00-D48)
C79.813,髂血管继发恶性肿瘤,023,QXGJFEXZL,第2章 肿瘤 (C00-D48)
C79.814,躯干继发性恶性肿瘤,023,QGJFXEXZL,第2章 肿瘤 (C00-D48)
C79.815,乳腺继发性恶性肿瘤,023,RXJFXEXZL,第2章 肿瘤 (C00-D48)
C79.816,腮腺继发性恶性肿瘤,023,SXJFXEXZL,第2章 肿瘤 (C00-D48)
C79.817,舌继发恶性肿瘤,023,SJFEXZL,第2章 肿瘤 (C00-D48)
C79.818,输卵管继发恶性肿瘤,023,SLGJFEXZL,第2章 肿瘤 (C00-D48)
C79.819,头部继发性恶性肿瘤,023,TBJFXEXZL,第2章 肿瘤 (C00-D48)
C79.820,外阴继发恶性肿瘤,023,WYJFEXZL,第2章 肿瘤 (C00-D48)
C79.821,心包继发恶性肿瘤,023,XBJFEXZL,第2章 肿瘤 (C00-D48)
C79.822,心脏继发恶性肿瘤,023,XZJFEXZL,第2章 肿瘤 (C00-D48)
C79.823,胸壁继发性恶性肿瘤,023,XBJFXEXZL,第2章 肿瘤 (C00-D48)
C79.824,胸腔继发性恶性肿瘤,023,XQJFXEXZL,第2章 肿瘤 (C00-D48)
C79.825,咽继发恶性肿瘤,023,YJFEXZL,第2章 肿瘤 (C00-D48)
C79.826,腋下继发性恶性肿瘤,023,YXJFXEXZL,第2章 肿瘤 (C00-D48)
C79.827,阴道继发恶性肿瘤,023,YDJFEXZL,第2章 肿瘤 (C00-D48)
C79.828,阴囊内肿瘤种植,023,YNNZLZZ,第2章 肿瘤 (C00-D48)
C79.829,子宫颈继发恶性肿瘤,023,ZGJJFEXZL,第2章 肿瘤 (C00-D48)
C79.830,子宫继发恶性肿瘤,023,ZGJFEXZL,第2章 肿瘤 (C00-D48)
C79.831,子宫旁继发恶性肿瘤,023,ZGPJFEXZL,第2章 肿瘤 (C00-D48)
C79.832,椎管转移癌,023,ZGZYA,第2章 肿瘤 (C00-D48)
C79.833,腰椎转移癌,023,YZZYA,第2章 肿瘤 (C00-D48)
C79.834,背部转移癌,023,BBZYA,第2章 肿瘤 (C00-D48)
C79.836,臀部转移癌,023,TBZYA,第2章 肿瘤 (C00-D48)
C79.837,骶骨转移性腺癌,023,DGZYXXA,第2章 肿瘤 (C00-D48)
C79.838,颈部转移癌,023,JBZYA,第2章 肿瘤 (C00-D48)
C79.839,盆腔转移癌,023,PQZYA,第2章 肿瘤 (C00-D48)
C79.840,腹股沟继发性恶性肿瘤,023,FGGJFXWXZL,第2章 肿瘤 (C00-D48)
C79.841,胸腔转移癌,023,XQZYA,第2章 肿瘤 (C00-D48)
C80  01,多系统继发性恶性肿瘤,023,DXTJFXEXZL,第2章 肿瘤 (C00-D48)
C80  02,广泛转移性肿瘤,023,GFZYXZL,第2章 肿瘤 (C00-D48)
C80  03,未特指部位原发或继发性恶性肿瘤,023,WTZBWYFHJFXEXZL,第2章 肿瘤 (C00-D48)
C80  04+ M63.801*,恶性肿瘤肌病,023,EXZLJB,第2章 肿瘤 (C00-D48)
C80  05+ G73.201*,恶性肿瘤肌无力综合征,023,EXZLJWLZHZ,第2章 肿瘤 (C00-D48)
C80  06+ G63.101*,恶性肿瘤性周围神经病,023,EXZLXZWSJB,第2章 肿瘤 (C00-D48)
C81.001,淋巴细胞为主型何杰金氏病,023,LBXBWZXHJJSB,第2章 肿瘤 (C00-D48)
C81.101,结节性硬化型何杰金氏病,023,JJXYHXHJJSB,第2章 肿瘤 (C00-D48)
C81.201,混合细胞型何杰金氏病,023,HHXBXHJJSB,第2章 肿瘤 (C00-D48)
C81.301,淋巴细胞缺乏型何杰金氏病,023,LBXBQFXHJJSB,第2章 肿瘤 (C00-D48)
C81.901,何杰金氏病,023,HJJSB,第2章 肿瘤 (C00-D48)
C81.902,嗜酸细胞性淋巴肉芽肿,023,SSXBXLBRYZ,第2章 肿瘤 (C00-D48)
C82.101,混合细胞型滤泡性淋巴肉瘤,023,HHXBXLPXLBRL,第2章 肿瘤 (C00-D48)
C82.701,"淋巴细胞性恶性淋巴瘤,高分化型",023,LBXBXEXLBLGFHX,第2章 肿瘤 (C00-D48)
C82.901,结节型淋巴瘤,023,JJXLBL,第2章 肿瘤 (C00-D48)
C82.902,滤泡性淋巴瘤,023,LPXLBL,第2章 肿瘤 (C00-D48)
C83.201,混合细胞型恶性淋巴瘤,023,HHXBXEXLBL,第2章 肿瘤 (C00-D48)
C83.202,弥漫性混合细胞型恶性淋巴瘤,023,MMXHHXBXEXLBL,第2章 肿瘤 (C00-D48)
C83.203,套细胞淋巴瘤,023,TXBLBL,第2章 肿瘤 (C00-D48)
C83.301,血管网状细胞瘤,023,XGWZXBL,第2章 肿瘤 (C00-D48)
C83.302,网织细胞肉瘤,023,WZXBRL,第2章 肿瘤 (C00-D48)
C83.401,免疫母细胞型恶性淋巴瘤,023,MYMXBXEXLBL,第2章 肿瘤 (C00-D48)
C83.801,淋巴浆细胞型恶性淋巴瘤,023,LBJXBXEXLBL,第2章 肿瘤 (C00-D48)
C84.001,蕈样真菌病,023,XYZJB,第2章 肿瘤 (C00-D48)
C84.101,塞扎瑞氏病,023,SZRSB,第2章 肿瘤 (C00-D48)
C85.001,鼻淋巴肉瘤,023,BLBRL,第2章 肿瘤 (C00-D48)
C85.002,肠淋巴肉瘤,023,CLBRL,第2章 肿瘤 (C00-D48)
C85.003,肠系膜淋巴肉瘤,023,CXMLBRL,第2章 肿瘤 (C00-D48)
C85.004,额叶淋巴肉瘤,023,EYLBRL,第2章 肿瘤 (C00-D48)
C85.005,腹腔淋巴肉瘤,023,FQLBRL,第2章 肿瘤 (C00-D48)
C85.006,睾丸淋巴肉瘤,023,GWLBRL,第2章 肿瘤 (C00-D48)
C85.007,颌淋巴肉瘤,023,HLBRL,第2章 肿瘤 (C00-D48)
C85.008,喉淋巴肉瘤,023,HLBRL,第2章 肿瘤 (C00-D48)
C85.009,结节性淋巴肉瘤,023,JJXLBRL,第2章 肿瘤 (C00-D48)
C85.010,淋巴肉瘤,023,LBRL,第2章 肿瘤 (C00-D48)
C85.011,盲肠淋巴肉瘤,023,MCLBRL,第2章 肿瘤 (C00-D48)
C85.012,脾淋巴肉瘤,023,PLBRL,第2章 肿瘤 (C00-D48)
C85.013,腮腺淋巴肉瘤,023,SXLBRL,第2章 肿瘤 (C00-D48)
C85.014,十二指肠淋巴肉瘤,023,SEZCLBRL,第2章 肿瘤 (C00-D48)
C85.015,胃淋巴肉瘤,023,WLBRL,第2章 肿瘤 (C00-D48)
C85.016,咽淋巴肉瘤,023,YLBRL,第2章 肿瘤 (C00-D48)
C85.017,纵隔淋巴肉瘤,023,ZGLBRL,第2章 肿瘤 (C00-D48)
C85.018,劲淋巴肉瘤,023,JLBRL,第2章 肿瘤 (C00-D48)
C85.701,恶性网状细胞增多症,023,EXWZXBZDZ,第2章 肿瘤 (C00-D48)
C85.901,鼻窦恶性淋巴瘤,023,BDEXLBL,第2章 肿瘤 (C00-D48)
C85.902,鼻腔恶性淋巴瘤,023,BQEXLBL,第2章 肿瘤 (C00-D48)
C85.903,扁桃体恶性淋巴瘤,023,BTTEXLBL,第2章 肿瘤 (C00-D48)
C85.904,肠恶性淋巴瘤,023,CEXLBL,第2章 肿瘤 (C00-D48)
C85.905,肠系膜恶性淋巴瘤,023,CXMEXLBL,第2章 肿瘤 (C00-D48)
C85.906,恶性淋巴瘤,023,EXLBL,第2章 肿瘤 (C00-D48)
C85.907,非何杰金氏淋巴瘤,023,FHJJSLBL,第2章 肿瘤 (C00-D48)
C85.908,肺恶性淋巴瘤,023,FEXLBL,第2章 肿瘤 (C00-D48)
C85.909,腹膜后恶性淋巴瘤,023,FMHEXLBL,第2章 肿瘤 (C00-D48)
C85.910,腹腔恶性淋巴瘤,023,FQEXLBL,第2章 肿瘤 (C00-D48)
C85.911,肝恶性淋巴瘤,023,GEXLBL,第2章 肿瘤 (C00-D48)
C85.912,睾丸恶性淋巴瘤,023,GWEXLBL,第2章 肿瘤 (C00-D48)
C85.913,纵膈恶性淋巴瘤,023,ZGEXLBL,第2章 肿瘤 (C00-D48)
C85.914,回盲部恶性淋巴瘤,023,HMBEXLBL,第2章 肿瘤 (C00-D48)
C85.915,结肠恶性淋巴瘤,023,JCEXLBL,第2章 肿瘤 (C00-D48)
C85.916,卵巢恶性淋巴瘤,023,LCEXLBL,第2章 肿瘤 (C00-D48)
C85.917,盲肠恶性淋巴瘤,023,MCEXLBL,第2章 肿瘤 (C00-D48)
C85.918,面部恶性淋巴瘤,023,MBEXLBL,第2章 肿瘤 (C00-D48)
C85.919,脑恶性淋巴瘤,023,NEXLBL,第2章 肿瘤 (C00-D48)
C85.920,脾恶性淋巴瘤,023,PEXLBL,第2章 肿瘤 (C00-D48)
C85.921,脾脏恶性淋巴瘤,023,PZEXLBL,第2章 肿瘤 (C00-D48)
C85.922,舌恶性淋巴瘤,023,SEXLBL,第2章 肿瘤 (C00-D48)
C85.923,胃恶性淋巴瘤,023,WEXLBL,第2章 肿瘤 (C00-D48)
C85.924,小肠恶性淋巴瘤,023,XCEXLBL,第2章 肿瘤 (C00-D48)
C85.925,眼恶性淋巴瘤,023,YEXLBL,第2章 肿瘤 (C00-D48)
C85.926,硬膜外恶性淋巴瘤,023,YMWEXLBL,第2章 肿瘤 (C00-D48)
C85.927,肢体恶性淋巴瘤,023,ZTEXLBL,第2章 肿瘤 (C00-D48)
C85.928,直肠恶性淋巴瘤,023,ZCEXLBL,第2章 肿瘤 (C00-D48)
C85.929,骨恶性淋巴瘤,023,GEXLBL,第2章 肿瘤 (C00-D48)
C88.001,巨球蛋白血症(瓦尔登斯特伦氏病),023,JQDBXZWEDSTLSB,第2章 肿瘤 (C00-D48)
C90.001,多发性骨髓瘤,023,DFXGSL,第2章 肿瘤 (C00-D48)
C90.002,浆细胞性骨髓瘤,023,JXBXGSL,第2章 肿瘤 (C00-D48)
C90.003+ N16.101*,骨髓瘤肾病,023,GSLSB,第2章 肿瘤 (C00-D48)
C90.101,浆细胞性白血病,023,JXBXBXB,第2章 肿瘤 (C00-D48)
C90.201,浆细胞瘤,023,JXBL,第2章 肿瘤 (C00-D48)
C90.202,"浆细胞性骨髓瘤,单骨性",023,JXBXGSLDGX,第2章 肿瘤 (C00-D48)
C91.001,急性淋巴细胞性白血病,039,JXLBXBXBXB,第2章 肿瘤 (C00-D48)
C91.002,急性淋巴细胞性白血病L1,039,JXLBXBXBXB,第2章 肿瘤 (C00-D48)
C91.003,急性淋巴细胞性白血病L2,039,JXLBXBXBXB,第2章 肿瘤 (C00-D48)
C91.004,急性淋巴细胞性白血病L3,039,JXLBXBXBXB,第2章 肿瘤 (C00-D48)
C91.005,"慢性粒细胞性白血病,急淋变",039,MXLXBXBXBJLB,第2章 肿瘤 (C00-D48)
C91.101,慢性淋巴细胞性白血病,039,MXLBXBXBXB,第2章 肿瘤 (C00-D48)
C91.301,幼淋巴细胞性白血病,039,YLBXBXBXB,第2章 肿瘤 (C00-D48)
C91.401,毛细胞性白血病,039,MXBXBXB,第2章 肿瘤 (C00-D48)
C91.701,非白血性淋巴细胞性白血病,039,FBXXLBXBXBXB,第2章 肿瘤 (C00-D48)
C91.702,伯基特细胞白血病,039,BJTXBBXB,第2章 肿瘤 (C00-D48)
C91.901,淋巴细胞性白血病,039,LBXBXBXB,第2章 肿瘤 (C00-D48)
C92.001,急性粒细胞性白血病，未分化型(M1型),039,JXLXBXBXBWFHXX,第2章 肿瘤 (C00-D48)
C92.002,"急性粒细胞性白血病,部分分化型(M2型)",039,JXLXBXBXBBFFHXX,第2章 肿瘤 (C00-D48)
C92.003,急性粒细胞性白血病,039,JXLXBXBXB,第2章 肿瘤 (C00-D48)
C92.101,慢性粒细胞性白血病,039,MXLXBXBXB,第2章 肿瘤 (C00-D48)
C92.102,"慢性粒细胞性白血病,急性发作",039,MXLXBXBXBJXFZ,第2章 肿瘤 (C00-D48)
C92.103,慢性中性粒细胞性白血病,039,MXZXLXBXBXB,第2章 肿瘤 (C00-D48)
C92.104,慢性粒细胞性白血病急性变,039,MXLXBXBXBJXB,第2章 肿瘤 (C00-D48)
C92.201,亚急性粒细胞性白血病,039,YJXLXBXBXB,第2章 肿瘤 (C00-D48)
C92.301,绿色瘤,039,LSL,第2章 肿瘤 (C00-D48)
C92.401,急性早幼粒细胞性白血病 M3型,039,JXZYLXBXBXBX,第2章 肿瘤 (C00-D48)
C92.501,急性粒单核细胞白血病 M4型,039,JXLDHXBBXBX,第2章 肿瘤 (C00-D48)
C92.701,慢性粒单核细胞性白血病,039,MXLDHXBXBXB,第2章 肿瘤 (C00-D48)
C92.702,嗜碱细胞性白血病,039,SJXBXBXB,第2章 肿瘤 (C00-D48)
C92.703,嗜酸细胞性白血病,039,SSXBXBXB,第2章 肿瘤 (C00-D48)
C92.901,低增生性粒细胞性白血病,039,DZSXLXBXBXB,第2章 肿瘤 (C00-D48)
C92.902,粒细胞性白血病,039,LXBXBXB,第2章 肿瘤 (C00-D48)
C93.001,急性单核细胞性白血病 M5型,039,JXDHXBXBXBX,第2章 肿瘤 (C00-D48)
C93.101,慢性单核细胞性白血病,039,MXDHXBXBXB,第2章 肿瘤 (C00-D48)
C93.901,组织细胞性白血病,039,ZZXBXBXB,第2章 肿瘤 (C00-D48)
C94.001,红白血病 M6型,039,HBXBX,第2章 肿瘤 (C00-D48)
C94.002,急性红细胞增多症,039,JXHXBZDZ,第2章 肿瘤 (C00-D48)
C94.003,红细胞增多症,039,HXBZDZ,第2章 肿瘤 (C00-D48)
C94.101,慢性红细胞增多症,039,MXHXBZDZ,第2章 肿瘤 (C00-D48)
C94.102,慢性红血病,039,MXHXB,第2章 肿瘤 (C00-D48)
C94.201,巨核细胞性白血病 M7,039,JHXBXBXB,第2章 肿瘤 (C00-D48)
C94.701,淋巴肉瘤细胞性白血病,039,LBRLXBXBXB,第2章 肿瘤 (C00-D48)
C94.702,轻微分化型白血病(M0)型,039,QWFHXBXB,第2章 肿瘤 (C00-D48)
C95.001,急性白血病,039,JXBXB,第2章 肿瘤 (C00-D48)
C95.002,急性白血病髓外复发,039,JXBXBSWFF,第2章 肿瘤 (C00-D48)
C95.003,急性非淋巴细胞性白血病,039,JXFLBXBXBXB,第2章 肿瘤 (C00-D48)
C95.004,未分化型白血病,039,WFHXBXB,第2章 肿瘤 (C00-D48)
C95.901,白血病,039,BXB,第2章 肿瘤 (C00-D48)
C95.902,混合细胞性白血病,039,HHXBXBXB,第2章 肿瘤 (C00-D48)
C95.903+ M36.101*,白血病性关节病,039,BXBXGJB,第2章 肿瘤 (C00-D48)
C95.904+ G99.801*,脑膜白血病,039,NMBXB,第2章 肿瘤 (C00-D48)
C96.001,累-塞氏病(非类脂组织细胞增多病),023,LSSBFLZZZXBZDB,第2章 肿瘤 (C00-D48)
C96.002,急性婴儿网状内皮细胞增多症,023,JXYEWZNPXBZDZ,第2章 肿瘤 (C00-D48)
C96.101,恶性组织细胞增多症,023,EXZZXBZDZ,第2章 肿瘤 (C00-D48)
C96.102,恶性组织细胞增多症累及中枢神经系统,023,EXZZXBZDZLJZSSJXT,第2章 肿瘤 (C00-D48)
D00.101,食管原位癌,040,SGYWA,第2章 肿瘤 (C00-D48)
D02.001,喉原位癌,040,HYWA,第2章 肿瘤 (C00-D48)
D02.002,声带原位癌,040,SDYWA,第2章 肿瘤 (C00-D48)
D04.101,眼皮肤原位癌,040,YPFYWA,第2章 肿瘤 (C00-D48)
D04.301,鼻沟原位癌,040,BGYWA,第2章 肿瘤 (C00-D48)
D04.701,下肢皮肤原位癌,040,XZPFYWA,第2章 肿瘤 (C00-D48)
D04.901,皮肤原位癌,040,PFYWA,第2章 肿瘤 (C00-D48)
D04.902,博温氏病（癌前皮炎）,040,BWSBAQPY,第2章 肿瘤 (C00-D48)
D05.001,小叶性原位癌,040,XYXYWA,第2章 肿瘤 (C00-D48)
D05.901,乳腺原位癌,040,RXYWA,第2章 肿瘤 (C00-D48)
D06.901,子宫颈原位癌,041,ZGJYWA,第2章 肿瘤 (C00-D48)
D07.001,子宫内膜原位癌,040,ZGNMYWA,第2章 肿瘤 (C00-D48)
D07.101,外阴原位癌,040,WYYWA,第2章 肿瘤 (C00-D48)
D07.201,阴道原位癌,040,YDYWA,第2章 肿瘤 (C00-D48)
D07.401,阴茎原位癌,040,YJYWA,第2章 肿瘤 (C00-D48)
D07.402,增殖性红斑,040,ZZXHB,第2章 肿瘤 (C00-D48)
D07.501,前列腺原位癌,040,QLXYWA,第2章 肿瘤 (C00-D48)
D09.001,膀胱原位癌,040,PGYWA,第2章 肿瘤 (C00-D48)
D09.101,尿道原位癌,040,NDYWA,第2章 肿瘤 (C00-D48)
D09.201,角膜原位癌,040,JMYWA,第2章 肿瘤 (C00-D48)
D10.001,唇良性肿瘤,042,CLXZL,第2章 肿瘤 (C00-D48)
D10.101,舌良性肿瘤,042,SLXZL,第2章 肿瘤 (C00-D48)
D10.201,口底良性肿瘤,042,KDLXZL,第2章 肿瘤 (C00-D48)
D10.202,舌下良性肿瘤,042,SXLXZL,第2章 肿瘤 (C00-D48)
D10.203,舌下腺混合瘤,042,SXXHHL,第2章 肿瘤 (C00-D48)
D10.301,齿槽良性肿瘤,042,CCLXZL,第2章 肿瘤 (C00-D48)
D10.302,腭良性肿瘤,042,ELXZL,第2章 肿瘤 (C00-D48)
D10.303,颊粘膜良性肿瘤,042,JNMLXZL,第2章 肿瘤 (C00-D48)
D10.304,口腔良性肿瘤,042,KQLXZL,第2章 肿瘤 (C00-D48)
D10.305,悬雍垂良性肿瘤,042,XYCLXZL,第2章 肿瘤 (C00-D48)
D10.306,牙龈良性肿瘤,042,YYLXZL,第2章 肿瘤 (C00-D48)
D10.307,牙源性上皮瘤,042,YYXSPL,第2章 肿瘤 (C00-D48)
D10.308,硬腭部混合瘤,042,YEBHHL,第2章 肿瘤 (C00-D48)
D10.309,腭混合瘤,042,EHHL,第2章 肿瘤 (C00-D48)
D10.310,软腭乳头状瘤,042,RERTZL,第2章 肿瘤 (C00-D48)
D10.401,扁桃体良性肿瘤,042,BTTLXZL,第2章 肿瘤 (C00-D48)
D10.601,鼻咽良性肿瘤,042,BYLXZL,第2章 肿瘤 (C00-D48)
D10.602,鼻腔浆细胞瘤,042,BQJXBL,第2章 肿瘤 (C00-D48)
D10.901,咽良性肿瘤,042,YLXZL,第2章 肿瘤 (C00-D48)
D10.902,咽旁颞下良性肿瘤,042,YPNXLXZL,第2章 肿瘤 (C00-D48)
D10.903,咽神经纤维瘤,042,YSJXWL,第2章 肿瘤 (C00-D48)
D11.001,腮腺良性肿瘤,042,SXLXZL,第2章 肿瘤 (C00-D48)
D11.002,腮腺嗜酸性细胞腺瘤,042,SXSSXXBXL,第2章 肿瘤 (C00-D48)
D11.003,腮腺多形性腺瘤,042,SXDXXXL,第2章 肿瘤 (C00-D48)
D11.701,颌下腺良性肿瘤,042,HXXLXZL,第2章 肿瘤 (C00-D48)
D11.702,舌下腺良性肿瘤,042,SXXLXZL,第2章 肿瘤 (C00-D48)
D11.901,涎腺良性肿瘤,042,XXLXZL,第2章 肿瘤 (C00-D48)
D12.001,盲肠良性肿瘤,042,MCLXZL,第2章 肿瘤 (C00-D48)
D12.101,阑尾良性肿瘤,042,LWLXZL,第2章 肿瘤 (C00-D48)
D12.201,升结肠良性肿瘤,042,SJCLXZL,第2章 肿瘤 (C00-D48)
D12.301,横结肠良性肿瘤,042,HJCLXZL,第2章 肿瘤 (C00-D48)
D12.401,降结肠良性肿瘤,042,JJCLXZL,第2章 肿瘤 (C00-D48)
D12.501,乙状结肠良性肿瘤,042,YZJCLXZL,第2章 肿瘤 (C00-D48)
D12.503,乙状结肠绒毛腺瘤,042,YZJCRMXL,第2章 肿瘤 (C00-D48)
D12.601,家族性息肉病,042,JZXXRB,第2章 肿瘤 (C00-D48)
D12.602,结肠良性肿瘤,042,JCLXZL,第2章 肿瘤 (C00-D48)
D12.603,结肠腺瘤样息肉病,042,JCXLYXRB,第2章 肿瘤 (C00-D48)
D12.604,结肠纤维瘤,042,JCXWL,第2章 肿瘤 (C00-D48)
D12.801,直肠良性肿瘤,042,ZCLXZL,第2章 肿瘤 (C00-D48)
D12.901,肛门良性肿瘤,042,GMLXZL,第2章 肿瘤 (C00-D48)
D12.902,肛管腺瘤,042,GGXL,第2章 肿瘤 (C00-D48)
D13.001,食管良性肿瘤,042,SGLXZL,第2章 肿瘤 (C00-D48)
D13.101,贲门良性肿瘤,042,BMLXZL,第2章 肿瘤 (C00-D48)
D13.102,胃良性肿瘤,042,WLXZL,第2章 肿瘤 (C00-D48)
D13.103,幽门腺瘤,042,YMXL,第2章 肿瘤 (C00-D48)
D13.104,贲门腺癌,042,BMXA,第2章 肿瘤 (C00-D48)
D13.201,Brunner's腺瘤 (十二指肠腺腺瘤),042,XLSEZCXXL,第2章 肿瘤 (C00-D48)
D13.202,十二指肠平滑肌瘤,042,SEZCPHJL,第2章 肿瘤 (C00-D48)
D13.203,胃肠自主神经瘤,042,WCZZSJL,第2章 肿瘤 (C00-D48)
D13.204,十二指肠良性肿瘤,042,SEZCLXZL,第2章 肿瘤 (C00-D48)
D13.301,小肠良性肿瘤,042,XCLXZL,第2章 肿瘤 (C00-D48)
D13.401,肝良性肿瘤,042,GLXZL,第2章 肿瘤 (C00-D48)
D13.501,胆管良性肿瘤,042,DGLXZL,第2章 肿瘤 (C00-D48)
D13.502,胆囊良性肿瘤,042,DNLXZL,第2章 肿瘤 (C00-D48)
D13.503,壶腹良性肿瘤,042,HFLXZL,第2章 肿瘤 (C00-D48)
D13.601,胰腺良性肿瘤,042,YXLXZL,第2章 肿瘤 (C00-D48)
D13.701,高血糖素瘤,042,GXTSL,第2章 肿瘤 (C00-D48)
D13.702,胰岛良性肿瘤,042,YDLXZL,第2章 肿瘤 (C00-D48)
D13.703,胰岛素瘤,042,YDSL,第2章 肿瘤 (C00-D48)
D13.704,胰岛细胞瘤,042,YDXBL,第2章 肿瘤 (C00-D48)
D13.901,脾良性肿瘤,042,PLXZL,第2章 肿瘤 (C00-D48)
D14.001,鼻窦良性肿瘤,042,BDLXZL,第2章 肿瘤 (C00-D48)
D14.002,鼻前庭良性肿瘤,042,BQTLXZL,第2章 肿瘤 (C00-D48)
D14.003,鼻腔良性肿瘤,042,BQLXZL,第2章 肿瘤 (C00-D48)
D14.004,鼻中隔良性肿瘤,042,BZGLXZL,第2章 肿瘤 (C00-D48)
D14.005,额窦良性肿瘤,042,EDLXZL,第2章 肿瘤 (C00-D48)
D14.006,筛窦良性肿瘤,042,SDLXZL,第2章 肿瘤 (C00-D48)
D14.007,上颌窦良性肿瘤,042,SHDLXZL,第2章 肿瘤 (C00-D48)
D14.008,中耳良性肿瘤,042,ZELXZL,第2章 肿瘤 (C00-D48)
D14.009,鼻腔纤维血管瘤,042,BQXWXGL,第2章 肿瘤 (C00-D48)
D14.010,鼻中隔腺瘤,042,BZGXL,第2章 肿瘤 (C00-D48)
D14.011,筛窦乳头状瘤,042,SDRTZL,第2章 肿瘤 (C00-D48)
D14.012,上颌窦乳头状瘤,042,SHDRTZL,第2章 肿瘤 (C00-D48)
D14.101,喉良性肿瘤,042,HLXZL,第2章 肿瘤 (C00-D48)
D14.102,会厌良性肿瘤,042,HYLXZL,第2章 肿瘤 (C00-D48)
D14.103,声带良性肿瘤,042,SDLXZL,第2章 肿瘤 (C00-D48)
D14.201,气管良性肿瘤,042,QGLXZL,第2章 肿瘤 (C00-D48)
D14.202,支气管良性肿瘤,042,ZQGLXZL,第2章 肿瘤 (C00-D48)
D14.301,肺良性肿瘤,042,FLXZL,第2章 肿瘤 (C00-D48)
D14.302,主支气管良性肿瘤,042,ZZQGLXZL,第2章 肿瘤 (C00-D48)
D14.303,主支气管旁良性肿瘤,042,ZZQGPLXZL,第2章 肿瘤 (C00-D48)
D15.001,良性胸腺瘤,042,LXXXL,第2章 肿瘤 (C00-D48)
D15.101,心房良性肿瘤,042,XFLXZL,第2章 肿瘤 (C00-D48)
D15.102,心脏良性肿瘤,042,XZLXZL,第2章 肿瘤 (C00-D48)
D15.103,心包间皮瘤,042,XBJPL,第2章 肿瘤 (C00-D48)
D15.104,心包良性肿瘤,042,XBLXZL,第2章 肿瘤 (C00-D48)
D15.201,后纵隔良性肿瘤,042,HZGLXZL,第2章 肿瘤 (C00-D48)
D15.202,前纵隔良性肿瘤,042,QZGLXZL,第2章 肿瘤 (C00-D48)
D15.203,纵隔良性肿瘤,042,ZGLXZL,第2章 肿瘤 (C00-D48)
D15.204,纵隔淋巴管瘤,042,ZGLBGL,第2章 肿瘤 (C00-D48)
D15.205,纵隔错构瘤,042,ZGCGL,第2章 肿瘤 (C00-D48)
D15.206,纵隔神经节细胞瘤,042,ZGSJJXBL,第2章 肿瘤 (C00-D48)
D15.701,胸膜良性肿瘤,042,XMLXZL,第2章 肿瘤 (C00-D48)
D16.-,骨瘤,042,GL,第2章 肿瘤 (C00-D48)
D16. 01,下颌骨化性纤维瘤,042,XHGHXXWL,第2章 肿瘤 (C00-D48)
D16.001,肱骨良性肿瘤,042,GGLXZL,第2章 肿瘤 (C00-D48)
D16.002,肩胛骨良性肿瘤,042,JJGLXZL,第2章 肿瘤 (C00-D48)
D16.003,桡(尺)骨良性肿瘤,042,RCGLXZL,第2章 肿瘤 (C00-D48)
D16.004,桡骨良性肿瘤,042,RGLXZL,第2章 肿瘤 (C00-D48)
D16.005,上肢长骨良性肿瘤,042,SZCGLXZL,第2章 肿瘤 (C00-D48)
D16.006,锁骨良性肿瘤,042,SGLXZL,第2章 肿瘤 (C00-D48)
D16.101,上肢短骨良性肿瘤,042,SZDGLXZL,第2章 肿瘤 (C00-D48)
D16.102,上肢关节良性肿瘤,042,SZGJLXZL,第2章 肿瘤 (C00-D48)
D16.103,掌骨良性肿瘤,042,ZGLXZL,第2章 肿瘤 (C00-D48)
D16.104,指骨良性肿瘤,042,ZGLXZL,第2章 肿瘤 (C00-D48)
D16.105,掌骨神经纤维瘤,042,ZGSJXWL,第2章 肿瘤 (C00-D48)
D16.106,掌骨神经瘤,042,ZGSJL,第2章 肿瘤 (C00-D48)
D16.201,腓骨良性肿瘤,042,FGLXZL,第2章 肿瘤 (C00-D48)
D16.202,股骨良性肿瘤,042,GGLXZL,第2章 肿瘤 (C00-D48)
D16.203,胫骨良性肿瘤,042,JGLXZL,第2章 肿瘤 (C00-D48)
D16.204,下肢骨良性肿瘤,042,XZGLXZL,第2章 肿瘤 (C00-D48)
D16.205,胫骨纤维组织细胞瘤,042,JGXWZZXBL,第2章 肿瘤 (C00-D48)
D16.301,跟骨良性肿瘤,042,GGLXZL,第2章 肿瘤 (C00-D48)
D16.302,踝骨良性肿瘤,042,HGLXZL,第2章 肿瘤 (C00-D48)
D16.303,距骨良性肿瘤,042,JGLXZL,第2章 肿瘤 (C00-D48)
D16.304,膝关节良性肿瘤,042,XGJLXZL,第2章 肿瘤 (C00-D48)
D16.305,下肢短骨良性肿瘤,042,XZDGLXZL,第2章 肿瘤 (C00-D48)
D16.306,下肢关节良性肿瘤,042,XZGJLXZL,第2章 肿瘤 (C00-D48)
D16.307,趾骨良性肿瘤,042,ZGLXZL,第2章 肿瘤 (C00-D48)
D16.401,鼻骨良性肿瘤,042,BGLXZL,第2章 肿瘤 (C00-D48)
D16.402,顶骨良性肿瘤,042,DGLXZL,第2章 肿瘤 (C00-D48)
D16.403,额骨良性肿瘤,042,EGLXZL,第2章 肿瘤 (C00-D48)
D16.404,颅骨良性肿瘤,042,LGLXZL,第2章 肿瘤 (C00-D48)
D16.405,面骨良性肿瘤,042,MGLXZL,第2章 肿瘤 (C00-D48)
D16.406,颞骨良性肿瘤,042,NGLXZL,第2章 肿瘤 (C00-D48)
D16.407,颧骨良性肿瘤,042,QGLXZL,第2章 肿瘤 (C00-D48)
D16.408,乳突骨良性肿瘤,042,RTGLXZL,第2章 肿瘤 (C00-D48)
D16.409,筛骨良性肿瘤,042,SGLXZL,第2章 肿瘤 (C00-D48)
D16.410,上颌骨良性肿瘤,042,SHGLXZL,第2章 肿瘤 (C00-D48)
D16.411,枕骨良性肿瘤,042,ZGLXZL,第2章 肿瘤 (C00-D48)
D16.501,下颌骨良性肿瘤,042,XHGLXZL,第2章 肿瘤 (C00-D48)
D16.502,牙瘤,042,YL,第2章 肿瘤 (C00-D48)
D16.601,脊柱良性肿瘤,042,JZLXZL,第2章 肿瘤 (C00-D48)
D16.701,肋骨良性肿瘤,042,LGLXZL,第2章 肿瘤 (C00-D48)
D16.702,胸骨良性肿瘤,042,XGLXZL,第2章 肿瘤 (C00-D48)
D16.703,椎旁节细胞神经瘤,042,ZPJXBSJL,第2章 肿瘤 (C00-D48)
D16.801,耻骨良性肿瘤,042,CGLXZL,第2章 肿瘤 (C00-D48)
D16.802,骶骨良性肿瘤,042,DGLXZL,第2章 肿瘤 (C00-D48)
D16.803,髋骨良性肿瘤,042,KGLXZL,第2章 肿瘤 (C00-D48)
D16.804,髂骨良性肿瘤,042,QGLXZL,第2章 肿瘤 (C00-D48)
D16.805,坐骨良性肿瘤,042,ZGLXZL,第2章 肿瘤 (C00-D48)
D16.806,骶尾部错构瘤,042,DWBCGL,第2章 肿瘤 (C00-D48)
D16.901,骨的良性肿瘤,042,GDLXZL,第2章 肿瘤 (C00-D48)
D16.902,骨纤维瘤,042,GXWL,第2章 肿瘤 (C00-D48)
D17.001,颌下腺脂肪瘤,042,HXXZFL,第2章 肿瘤 (C00-D48)
D17.002,头.面.颈部脂肪瘤,042,TMJBZFL,第2章 肿瘤 (C00-D48)
D17.101,躯干脂肪瘤,042,QGZFL,第2章 肿瘤 (C00-D48)
D17.102,乳房脂肪瘤,042,RFZFL,第2章 肿瘤 (C00-D48)
D17.103,乳腺脂肪瘤,042,RXZFL,第2章 肿瘤 (C00-D48)
D17.201,肢体脂肪瘤,042,ZTZFL,第2章 肿瘤 (C00-D48)
D17.301,大阴唇脂肪瘤,042,DYCZFL,第2章 肿瘤 (C00-D48)
D17.302,脂肪瘤,042,ZFL,第2章 肿瘤 (C00-D48)
D17.401,纵隔脂肪瘤,042,ZGZFL,第2章 肿瘤 (C00-D48)
D17.501,肠系膜脂肪瘤,042,CXMZFL,第2章 肿瘤 (C00-D48)
D17.502,肠纤维脂肪瘤,042,CXWZFL,第2章 肿瘤 (C00-D48)
D17.503,肠脂肪瘤,042,CZFL,第2章 肿瘤 (C00-D48)
D17.504,腹腔脂肪瘤,042,FQZFL,第2章 肿瘤 (C00-D48)
D17.505,盆腔脂肪瘤,042,PQZFL,第2章 肿瘤 (C00-D48)
D17.601,精索脂肪瘤,042,JSZFL,第2章 肿瘤 (C00-D48)
D17.701,鞍区脂肪瘤,042,AQZFL,第2章 肿瘤 (C00-D48)
D17.702,腹膜后脂肪瘤,042,FMHZFL,第2章 肿瘤 (C00-D48)
D17.703,喉脂肪瘤,042,HZFL,第2章 肿瘤 (C00-D48)
D17.704,脊髓圆椎脂肪瘤,042,JSYZZFL,第2章 肿瘤 (C00-D48)
D17.705,结膜脂肪瘤,042,JMZFL,第2章 肿瘤 (C00-D48)
D17.706,梨状窝脂肪瘤,042,LZWZFL,第2章 肿瘤 (C00-D48)
D17.707,颅骨脂肪瘤,042,LGZFL,第2章 肿瘤 (C00-D48)
D17.708,神经系统脂肪瘤,042,SJXTZFL,第2章 肿瘤 (C00-D48)
D17.709,肾上腺脂肪瘤,042,SSXZFL,第2章 肿瘤 (C00-D48)
D17.710,硬膜内脂肪瘤,042,YMNZFL,第2章 肿瘤 (C00-D48)
D17.711,硬膜外脂肪瘤,042,YMWZFL,第2章 肿瘤 (C00-D48)
D17.901,多发性脂肪瘤,042,DFXZFL,第2章 肿瘤 (C00-D48)
D18.001,贲门血管瘤,042,BMXGL,第2章 肿瘤 (C00-D48)
D18.002,鼻背血管瘤,042,BBXGL,第2章 肿瘤 (C00-D48)
D18.003,鼻窦血管瘤,042,BDXGL,第2章 肿瘤 (C00-D48)
D18.004,鼻腔血管瘤,042,BQXGL,第2章 肿瘤 (C00-D48)
D18.005,鼻血管瘤,042,BXGL,第2章 肿瘤 (C00-D48)
D18.006,鼻咽部血管瘤,042,BYBXGL,第2章 肿瘤 (C00-D48)
D18.007,肠系膜血管瘤,042,CXMXGL,第2章 肿瘤 (C00-D48)
D18.008,肠血管瘤,042,CXGL,第2章 肿瘤 (C00-D48)
D18.009,唇血管瘤,042,CXGL,第2章 肿瘤 (C00-D48)
D18.010,丛状血管瘤,042,CZXGL,第2章 肿瘤 (C00-D48)
D18.011,大肠血管瘤,042,DCXGL,第2章 肿瘤 (C00-D48)
D18.012,耳道血管瘤,042,EDXGL,第2章 肿瘤 (C00-D48)
D18.013,肺血管瘤,042,FXGL,第2章 肿瘤 (C00-D48)
D18.014,腹壁血管瘤,042,FBXGL,第2章 肿瘤 (C00-D48)
D18.015,腹膜后血管瘤,042,FMHXGL,第2章 肿瘤 (C00-D48)
D18.016,肝血管瘤,042,GXGL,第2章 肿瘤 (C00-D48)
D18.017,骨(脊椎)血管瘤,042,GJZXGL,第2章 肿瘤 (C00-D48)
D18.018,骨血管瘤,042,GXGL,第2章 肿瘤 (C00-D48)
D18.019,海绵状血管瘤,042,HMZXGL,第2章 肿瘤 (C00-D48)
D18.020,喉血管瘤,042,HXGL,第2章 肿瘤 (C00-D48)
D18.021,肌内血管瘤,042,JNXGL,第2章 肿瘤 (C00-D48)
D18.022,脊椎血管瘤,042,JZXGL,第2章 肿瘤 (C00-D48)
D18.023,颊部血管瘤,042,JBXGL,第2章 肿瘤 (C00-D48)
D18.024,结膜海绵状血管瘤,042,JMHMZXGL,第2章 肿瘤 (C00-D48)
D18.025,颈部血管瘤,042,JBXGL,第2章 肿瘤 (C00-D48)
D18.026,静脉性血管瘤,042,JMXXGL,第2章 肿瘤 (C00-D48)
D18.027,口腔内血管瘤,042,KQNXGL,第2章 肿瘤 (C00-D48)
D18.028,口腔血管瘤,042,KQXGL,第2章 肿瘤 (C00-D48)
D18.029,眶内血管瘤,042,KNXGL,第2章 肿瘤 (C00-D48)
D18.030,良性血管内皮瘤,042,LXXGNPL,第2章 肿瘤 (C00-D48)
D18.031,颅内血管瘤,042,LNXGL,第2章 肿瘤 (C00-D48)
D18.032,脉络膜血管瘤,042,MLMXGL,第2章 肿瘤 (C00-D48)
D18.033,蔓状血管瘤,042,MZXGL,第2章 肿瘤 (C00-D48)
D18.034,毛细血管性血管瘤,042,MXXGXXGL,第2章 肿瘤 (C00-D48)
D18.035,脑血管瘤,042,NXGL,第2章 肿瘤 (C00-D48)
D18.036,尿道口血管瘤,042,NDKXGL,第2章 肿瘤 (C00-D48)
D18.037,皮肤血管球瘤,042,PFXGQL,第2章 肿瘤 (C00-D48)
D18.038,脾血管瘤,042,PXGL,第2章 肿瘤 (C00-D48)
D18.039,其他特指部位血管瘤,042,QTTZBWXGL,第2章 肿瘤 (C00-D48)
D18.040,眼球后血管瘤,042,YQHXGL,第2章 肿瘤 (C00-D48)
D18.041,躯干血管瘤,042,QGXGL,第2章 肿瘤 (C00-D48)
D18.042,腮腺血管瘤,042,SXXGL,第2章 肿瘤 (C00-D48)
D18.043,舌口涎腺血管瘤,042,SKXXXGL,第2章 肿瘤 (C00-D48)
D18.044,舌血管瘤,042,SXGL,第2章 肿瘤 (C00-D48)
D18.045,肾上腺血管瘤,042,SSXXGL,第2章 肿瘤 (C00-D48)
D18.046,肾血管瘤,042,SXGL,第2章 肿瘤 (C00-D48)
D18.047,食道血管瘤,042,SDXGL,第2章 肿瘤 (C00-D48)
D18.048,肢体血管瘤,042,ZTXGL,第2章 肿瘤 (C00-D48)
D18.049,"头,面,颈血管瘤",042,TMJXGL,第2章 肿瘤 (C00-D48)
D18.050,头面血管瘤,042,TMXGL,第2章 肿瘤 (C00-D48)
D18.051,外阴血管瘤,042,WYXGL,第2章 肿瘤 (C00-D48)
D18.052,小肠血管瘤,042,XCXGL,第2章 肿瘤 (C00-D48)
D18.053,血管瘤,042,XGL,第2章 肿瘤 (C00-D48)
D18.054,咽、喉、鼻腔血管瘤,042,YHBQXGL,第2章 肿瘤 (C00-D48)
D18.055,咽部血管瘤,042,YBXGL,第2章 肿瘤 (C00-D48)
D18.056,胰腺血管瘤,042,YXXGL,第2章 肿瘤 (C00-D48)
D18.057,硬膜外血管瘤,042,YMWXGL,第2章 肿瘤 (C00-D48)
D18.058,椎管内血管瘤,042,ZGNXGL,第2章 肿瘤 (C00-D48)
D18.059,纵隔血管瘤,042,ZGXGL,第2章 肿瘤 (C00-D48)
D18.060,额部血管瘤,042,EBXGL,第2章 肿瘤 (C00-D48)
D18.061,阴囊血管瘤,042,YNXGL,第2章 肿瘤 (C00-D48)
D18.062,阴道壁血管瘤,042,YDBXGL,第2章 肿瘤 (C00-D48)
D18.063,新生儿血管瘤,042,XSEXGL,第2章 肿瘤 (C00-D48)
D18.064,肛周血管瘤,042,GZXGL,第2章 肿瘤 (C00-D48)
D18.065,喉室血管瘤,042,HSXGL,第2章 肿瘤 (C00-D48)
D18.066,包皮血管瘤,042,BPXGL,第2章 肿瘤 (C00-D48)
D18.067,膀胱血管瘤,042,PGXGL,第2章 肿瘤 (C00-D48)
D18.068,锁骨上窝血管瘤,042,SGSWXGL,第2章 肿瘤 (C00-D48)
D18.069,巩膜血管瘤,042,GMXGL,第2章 肿瘤 (C00-D48)
D18.070,颈部血管外皮瘤,042,JBXGWPL,第2章 肿瘤 (C00-D48)
D18.071,结膜血管瘤,042,JMXGL,第2章 肿瘤 (C00-D48)
D18.072,额叶血管瘤,042,EYXGL,第2章 肿瘤 (C00-D48)
D18.073,小脑血管瘤,042,XNXGL,第2章 肿瘤 (C00-D48)
D18.074,龟头血管瘤,042,GTXGL,第2章 肿瘤 (C00-D48)
D18.075,盆腔血管瘤,042,PQXGL,第2章 肿瘤 (C00-D48)
D18.076,骶尾部血管瘤,042,DWBXGL,第2章 肿瘤 (C00-D48)
D18.077,上肢血管瘤,042,SZXGL,第2章 肿瘤 (C00-D48)
D18.078,臀部血管瘤,042,TBXGL,第2章 肿瘤 (C00-D48)
D18.079,手指血管瘤,042,SZXGL,第2章 肿瘤 (C00-D48)
D18.080,肘部血管瘤,042,ZBXGL,第2章 肿瘤 (C00-D48)
D18.081,腕部血管瘤,042,WBXGL,第2章 肿瘤 (C00-D48)
D18.082,大腿血管瘤,042,DTXGL,第2章 肿瘤 (C00-D48)
D18.083,小腿血管瘤,042,XTXGL,第2章 肿瘤 (C00-D48)
D18.084,臂血管瘤,042,BXGL,第2章 肿瘤 (C00-D48)
D18.085,背血管瘤,042,BXGL,第2章 肿瘤 (C00-D48)
D18.086,下肢血管瘤,042,XZXGL,第2章 肿瘤 (C00-D48)
D18.087,腋下血管瘤,042,YXXGL,第2章 肿瘤 (C00-D48)
D18.088,膝血管瘤,042,XXGL,第2章 肿瘤 (C00-D48)
D18.089,足血管瘤,042,ZXGL,第2章 肿瘤 (C00-D48)
D18.090,眼球后海棉状血管瘤,042,YQHHMZXGL,第2章 肿瘤 (C00-D48)
D18.091,胎盘血管瘤,042,TPXGL,第2章 肿瘤 (C00-D48)
D18.101,肠系膜淋巴管瘤,042,CXMLBGL,第2章 肿瘤 (C00-D48)
D18.102,腹膜后淋巴管瘤,042,FMHLBGL,第2章 肿瘤 (C00-D48)
D18.103,海绵状淋巴管瘤,042,HMZLBGL,第2章 肿瘤 (C00-D48)
D18.104,口腔内淋巴管瘤,042,KQNLBGL,第2章 肿瘤 (C00-D48)
D18.105,淋巴管肌瘤,042,LBGJL,第2章 肿瘤 (C00-D48)
D18.106,淋巴管瘤,042,LBGL,第2章 肿瘤 (C00-D48)
D18.107,囊性淋巴管瘤,042,NXLBGL,第2章 肿瘤 (C00-D48)
D18.108,颞枕硬膜下淋巴管瘤,042,NZYMXLBGL,第2章 肿瘤 (C00-D48)
D18.109,躯干淋巴管瘤,042,QGLBGL,第2章 肿瘤 (C00-D48)
D18.110,腮腺淋巴管瘤,042,SXLBGL,第2章 肿瘤 (C00-D48)
D18.111,舌淋巴管瘤,042,SLBGL,第2章 肿瘤 (C00-D48)
D18.112,四肢淋巴管瘤,042,SZLBGL,第2章 肿瘤 (C00-D48)
D18.113,头.面.颈部淋巴管瘤,042,TMJBLBGL,第2章 肿瘤 (C00-D48)
D18.114,血管淋巴管瘤,042,XGLBGL,第2章 肿瘤 (C00-D48)
D18.115,脾淋巴管瘤,042,PLBGL,第2章 肿瘤 (C00-D48)
D20.001,腹膜后良性肿瘤,042,FMHLXZL,第2章 肿瘤 (C00-D48)
D20.002,腹主动脉旁良性肿瘤,042,FZDMPLXZL,第2章 肿瘤 (C00-D48)
D20.003,腹膜后畸胎瘤,042,FMHJTL,第2章 肿瘤 (C00-D48)
D20.101,肠系膜良性肿瘤,042,CXMLXZL,第2章 肿瘤 (C00-D48)
D20.102,腹膜良性肿瘤,042,FMLXZL,第2章 肿瘤 (C00-D48)
D20.103,网膜良性肿瘤,042,WMLXZL,第2章 肿瘤 (C00-D48)
D21.001,耳部结缔组织良性肿瘤,042,EBJDZZLXZL,第2章 肿瘤 (C00-D48)
D21.002,耳软骨良性肿瘤,042,ERGLXZL,第2章 肿瘤 (C00-D48)
D21.003,耳后皮下良性肿瘤,042,EHPXLXZL,第2章 肿瘤 (C00-D48)
D21.005,颈部结缔组织良性肿瘤,042,JBJDZZLXZL,第2章 肿瘤 (C00-D48)
D21.006,面部结缔组织良性肿瘤,042,MBJDZZLXZL,第2章 肿瘤 (C00-D48)
D21.007,锁骨上结缔组织良性肿瘤,042,SGSJDZZLXZL,第2章 肿瘤 (C00-D48)
D21.008,头结缔组织良性肿瘤,042,TJDZZLXZL,第2章 肿瘤 (C00-D48)
D21.009,头面部结缔组织的良性肿瘤,042,TMBJDZZDLXZL,第2章 肿瘤 (C00-D48)
D21.010,颈部错构瘤,042,JBCGL,第2章 肿瘤 (C00-D48)
D21.011,颈部多形性腺瘤,042,JBDXXXL,第2章 肿瘤 (C00-D48)
D21.012,颈部节细胞神经瘤,042,JBJXBSJL,第2章 肿瘤 (C00-D48)
D21.013,下颌部良性肿瘤,042,XHBLXZL,第2章 肿瘤 (C00-D48)
D21.101,臂结缔组织良性肿瘤,042,BJDZZLXZL,第2章 肿瘤 (C00-D48)
D21.102,上肢结缔组织良性肿瘤,042,SZJDZZLXZL,第2章 肿瘤 (C00-D48)
D21.103,肘结缔组织良性肿瘤,042,ZJDZZLXZL,第2章 肿瘤 (C00-D48)
D21.104,臂神经纤维瘤,042,BSJXWL,第2章 肿瘤 (C00-D48)
D21.201,四肢多发性结缔组织良性肿瘤,042,SZDFXJDZZLXZL,第2章 肿瘤 (C00-D48)
D21.202,足结缔组织良性肿瘤,042,ZJDZZLXZL,第2章 肿瘤 (C00-D48)
D21.301,胸壁结缔组织良性肿瘤,042,XBJDZZLXZL,第2章 肿瘤 (C00-D48)
D21.302,腋结缔组织良性肿瘤,042,YJDZZLXZL,第2章 肿瘤 (C00-D48)
D21.303,腋结缔组织良性肿瘤,042,YJDZZLXZL,第2章 肿瘤 (C00-D48)
D21.304,膈结缔组织良性肿瘤,042,GJDZZLXZL,第2章 肿瘤 (C00-D48)
D21.401,腹部结缔组织良性肿瘤,042,FBJDZZLXZL,第2章 肿瘤 (C00-D48)
D21.402,骼窝结缔组织良性肿瘤,042,GWJDZZLXZL,第2章 肿瘤 (C00-D48)
D21.403,髂腰肌结缔组织良性肿瘤,042,QYJJDZZLXZL,第2章 肿瘤 (C00-D48)
D21.404,下腔静脉良性肿瘤,042,XQJMLXZL,第2章 肿瘤 (C00-D48)
D21.501,骶部结缔组织良性肿瘤,042,DBJDZZLXZL,第2章 肿瘤 (C00-D48)
D21.502,骶前结缔组织良性肿瘤,042,DQJDZZLXZL,第2章 肿瘤 (C00-D48)
D21.503,腹股沟结缔组织良性肿瘤,042,FGGJDZZLXZL,第2章 肿瘤 (C00-D48)
D21.504,尿道旁结缔组织良性肿瘤,042,NDPJDZZLXZL,第2章 肿瘤 (C00-D48)
D21.505,坐骨绒毛结节性纤维组织细胞瘤,042,ZGRMJJXXWZZXBL,第2章 肿瘤 (C00-D48)
D21.506,尿道口纤维瘤,042,NDKXWL,第2章 肿瘤 (C00-D48)
D21.601,背部结缔组织良性肿瘤,042,BBJDZZLXZL,第2章 肿瘤 (C00-D48)
D21.602,躯干结缔组织良性肿瘤,042,QGJDZZLXZL,第2章 肿瘤 (C00-D48)
D21.603,腰部结缔组织良性肿瘤,042,YBJDZZLXZL,第2章 肿瘤 (C00-D48)
D21.901,肌肉良性肿瘤,042,JRLXZL,第2章 肿瘤 (C00-D48)
D21.902,结缔组织良性肿瘤,042,JDZZLXZL,第2章 肿瘤 (C00-D48)
D21.904,瘢痕瘤,042,BHL,第2章 肿瘤 (C00-D48)
D21.905,咽部神经鞘瘤,042,YBSJQL,第2章 肿瘤 (C00-D48)
D21.906,腹膜后神经鞘瘤,042,FMHSJQL,第2章 肿瘤 (C00-D48)
D21.907,腱鞘巨细胞瘤,042,JQJXBL,第2章 肿瘤 (C00-D48)
D21.908,小腿神经鞘瘤,042,XTSJQL,第2章 肿瘤 (C00-D48)
D21.909,椎管神经纤维瘤,042,ZGSJXWL,第2章 肿瘤 (C00-D48)
D23.101,眼睑良性肿瘤,043,YJLXZL,第2章 肿瘤 (C00-D48)
D23.201,耵聍腺瘤,043,DNXL,第2章 肿瘤 (C00-D48)
D23.202,耳廓良性肿瘤,043,EKLXZL,第2章 肿瘤 (C00-D48)
D23.203,耳皮肤良性肿瘤,043,EPFLXZL,第2章 肿瘤 (C00-D48)
D23.204,听道结缔组织良性肿瘤,043,TDJDZZLXZL,第2章 肿瘤 (C00-D48)
D23.205,外耳道良性肿瘤,043,WEDLXZL,第2章 肿瘤 (C00-D48)
D23.206,外耳道皮肤良性肿瘤,043,WEDPFLXZL,第2章 肿瘤 (C00-D48)
D23.301,鼻部皮肤良性肿瘤,043,BBPFLXZL,第2章 肿瘤 (C00-D48)
D23.302,鼻良性肿瘤,043,BLXZL,第2章 肿瘤 (C00-D48)
D23.303,鼻唇沟良性肿瘤,043,BCGLXZL,第2章 肿瘤 (C00-D48)
D23.304,颊部皮肤良性肿瘤,043,JBPFLXZL,第2章 肿瘤 (C00-D48)
D23.305,眉良性肿瘤,043,MLXZL,第2章 肿瘤 (C00-D48)
D23.306,面部皮肤良性肿瘤,043,MBPFLXZL,第2章 肿瘤 (C00-D48)
D23.307,唇部混合瘤,043,CBHHL,第2章 肿瘤 (C00-D48)
D23.308,面部神经纤维瘤,043,MBSJXWL,第2章 肿瘤 (C00-D48)
D23.401,耳后皮肤良性肿瘤,043,EHPFLXZL,第2章 肿瘤 (C00-D48)
D23.402,颈部皮肤良性肿瘤,043,JBPFLXZL,第2章 肿瘤 (C00-D48)
D23.403,头皮良性肿瘤,043,TPLXZL,第2章 肿瘤 (C00-D48)
D23.404,前额表皮样囊肿,043,QEBPYNZ,第2章 肿瘤 (C00-D48)
D23.405,头皮乳头状瘤,043,TPRTZL,第2章 肿瘤 (C00-D48)
D23.406,头皮Morton's神经瘤,043,TPSJL,第2章 肿瘤 (C00-D48)
D23.407,头皮纤维腺瘤,043,TPXWXL,第2章 肿瘤 (C00-D48)
D23.408,额顶部钙化性皮瘤,043,EDBGHXPL,第2章 肿瘤 (C00-D48)
D23.501,背部皮肤良性肿瘤,043,BBPFLXZL,第2章 肿瘤 (C00-D48)
D23.502,腹壁良性肿瘤,043,FBLXZL,第2章 肿瘤 (C00-D48)
D23.503,肛门皮肤良性肿瘤,043,GMPFLXZL,第2章 肿瘤 (C00-D48)
D23.504,躯干皮肤良性肿瘤,043,QGPFLXZL,第2章 肿瘤 (C00-D48)
D23.505,臀部皮肤良性肿瘤,043,TBPFLXZL,第2章 肿瘤 (C00-D48)
D23.506,胸壁良性肿瘤,043,XBLXZL,第2章 肿瘤 (C00-D48)
D23.507,腋下皮肤良性肿瘤,043,YXPFLXZL,第2章 肿瘤 (C00-D48)
D23.508,腋下纤维瘤,043,YXXWL,第2章 肿瘤 (C00-D48)
D23.509,腹壁粉瘤,043,FBFL,第2章 肿瘤 (C00-D48)
D23.510,腹壁纤维瘤,043,FBXWL,第2章 肿瘤 (C00-D48)
D23.511,肛周乳头状瘤,043,GZRTZL,第2章 肿瘤 (C00-D48)
D23.512,胸壁混合瘤,043,XBHHL,第2章 肿瘤 (C00-D48)
D23.601,上肢皮肤良性肿瘤,043,SZPFLXZL,第2章 肿瘤 (C00-D48)
D23.602,指皮肤良性肿瘤,043,ZPFLXZL,第2章 肿瘤 (C00-D48)
D23.701,下肢皮肤良性肿瘤,043,XZPFLXZL,第2章 肿瘤 (C00-D48)
D23.901,皮肤良性肿瘤,043,PFLXZL,第2章 肿瘤 (C00-D48)
D23.902,腕部纤维瘤,043,WBXWL,第2章 肿瘤 (C00-D48)
D24  01,良性叶状囊肉瘤,044,LXYZNRL,第2章 肿瘤 (C00-D48)
D24  02,乳房良性肿瘤,044,RFLXZL,第2章 肿瘤 (C00-D48)
D24  03,良性叶状囊性肉瘤,044,LXYZNXRL,第2章 肿瘤 (C00-D48)
D25.001,子宫粘膜下肌瘤,045,ZGNMXJL,第2章 肿瘤 (C00-D48)
D25.201,子宫浆膜下肌瘤,045,ZGJMXJL,第2章 肿瘤 (C00-D48)
D25.901,子宫多发性平滑肌瘤,045,ZGDFXPHJL,第2章 肿瘤 (C00-D48)
D25.902,子宫平滑肌瘤,045,ZGPHJL,第2章 肿瘤 (C00-D48)
D26.001,子宫颈良性肿瘤,042,ZGJLXZL,第2章 肿瘤 (C00-D48)
D26.101,子宫体良性肿瘤,042,ZGTLXZL,第2章 肿瘤 (C00-D48)
D26.701,胎盘良性肿瘤,042,TPLXZL,第2章 肿瘤 (C00-D48)
D26.901,子宫良性肿瘤,042,ZGLXZL,第2章 肿瘤 (C00-D48)
D27  01,卵巢良性肿瘤,046,LCLXZL,第2章 肿瘤 (C00-D48)
D27  02,类脂质细胞瘤,046,LZZXBL,第2章 肿瘤 (C00-D48)
D27  03,卵巢畸胎瘤,046,LCJTL,第2章 肿瘤 (C00-D48)
D27  04,卵巢甲状腺肿,046,LCJZXZ,第2章 肿瘤 (C00-D48)
D27  05,布伦纳氏瘤,046,BLNSL,第2章 肿瘤 (C00-D48)
D27  06,泡膜细胞瘤,046,PMXBL,第2章 肿瘤 (C00-D48)
D27  07,卵巢脂质细胞瘤,046,LCZZXBL,第2章 肿瘤 (C00-D48)
D27  08,子宫内膜样腺瘤,046,ZGNMYXL,第2章 肿瘤 (C00-D48)
D27  09,浆液性囊腺瘤,046,JYXNXL,第2章 肿瘤 (C00-D48)
D27  10,乳头状囊腺瘤,046,RTZNXL,第2章 肿瘤 (C00-D48)
D27  11,乳头状粘液性囊腺瘤,046,RTZNYXNXL,第2章 肿瘤 (C00-D48)
D27  12,黄体瘤,046,HTL,第2章 肿瘤 (C00-D48)
D27  13,浆液性腺纤维瘤,046,JYXXXWL,第2章 肿瘤 (C00-D48)
D28.001,外阴良性肿瘤,042,WYLXZL,第2章 肿瘤 (C00-D48)
D28.002,阴唇良性肿瘤,042,YCLXZL,第2章 肿瘤 (C00-D48)
D28.101,阴道良性肿瘤,042,YDLXZL,第2章 肿瘤 (C00-D48)
D28.102,阴道神经鞘瘤,042,YDSJQL,第2章 肿瘤 (C00-D48)
D28.103,阴囊乳头状瘤,042,YNRTZL,第2章 肿瘤 (C00-D48)
D28.201,阔韧带良性肿瘤,042,KRDLXZL,第2章 肿瘤 (C00-D48)
D28.202,卵巢冠良性肿瘤,042,LCGLXZL,第2章 肿瘤 (C00-D48)
D28.203,输卵管良性肿瘤,042,SLGLXZL,第2章 肿瘤 (C00-D48)
D29.001,龟头良性肿瘤,042,GTLXZL,第2章 肿瘤 (C00-D48)
D29.002,阴茎良性肿瘤,042,YJLXZL,第2章 肿瘤 (C00-D48)
D29.003,包皮乳头状瘤,042,BPRTZL,第2章 肿瘤 (C00-D48)
D29.101,前列腺良性肿瘤,047,QLXLXZL,第2章 肿瘤 (C00-D48)
D29.201,睾丸良性肿瘤,042,GWLXZL,第2章 肿瘤 (C00-D48)
D29.301,附睾良性肿瘤,042,FGLXZL,第2章 肿瘤 (C00-D48)
D29.302,附睾平滑肌瘤,042,FGPHJL,第2章 肿瘤 (C00-D48)
D29.401,阴囊良性肿瘤,042,YNLXZL,第2章 肿瘤 (C00-D48)
D29.701,精囊良性肿瘤,042,JNLXZL,第2章 肿瘤 (C00-D48)
D29.702,精索良性肿瘤,042,JSLXZL,第2章 肿瘤 (C00-D48)
D30.001,肾良性肿瘤,042,SLXZL,第2章 肿瘤 (C00-D48)
D30.101,肾盂良性肿瘤,042,SYLXZL,第2章 肿瘤 (C00-D48)
D30.201,输尿管良性肿瘤,042,SNGLXZL,第2章 肿瘤 (C00-D48)
D30.301,膀胱良性肿瘤,042,PGLXZL,第2章 肿瘤 (C00-D48)
D30.401,尿道良性肿瘤,042,NDLXZL,第2章 肿瘤 (C00-D48)
D31.001,结膜良性肿瘤,042,JMLXZL,第2章 肿瘤 (C00-D48)
D31.101,角膜良性肿瘤,042,JMLXZL,第2章 肿瘤 (C00-D48)
D31.201,视网膜良性肿瘤,042,SWMLXZL,第2章 肿瘤 (C00-D48)
D31.301,脉络膜良性肿瘤,042,MLMLXZL,第2章 肿瘤 (C00-D48)
D31.401,虹膜良性肿瘤,042,HMLXZL,第2章 肿瘤 (C00-D48)
D31.501,泪管良性肿瘤,042,LGLXZL,第2章 肿瘤 (C00-D48)
D31.502,泪腺良性肿瘤,042,LXLXZL,第2章 肿瘤 (C00-D48)
D31.503,泪腺混合瘤,042,LXHHL,第2章 肿瘤 (C00-D48)
D31.601,眶内良性肿瘤,042,KNLXZL,第2章 肿瘤 (C00-D48)
D31.602,眼眶内多形性腺瘤,042,YKNDXXXL,第2章 肿瘤 (C00-D48)
D31.603,眼眶良性肿瘤,042,YKLXZL,第2章 肿瘤 (C00-D48)
D31.604,球后良性肿瘤,042,QHLXZL,第2章 肿瘤 (C00-D48)
D31.901,眼良性肿瘤,042,YLXZL,第2章 肿瘤 (C00-D48)
D31.902,眼皮样瘤,042,YPYL,第2章 肿瘤 (C00-D48)
D32.-,纤维性脑膜瘤,042,XWXNML,第2章 肿瘤 (C00-D48)
D32.001,鞍部脑膜瘤,042,ABNML,第2章 肿瘤 (C00-D48)
D32.002,鞍膈脑膜瘤,042,AGNML,第2章 肿瘤 (C00-D48)
D32.003,鞍结节脑膜瘤,042,AJJNML,第2章 肿瘤 (C00-D48)
D32.004,大脑镰脑膜良性肿瘤,042,DNLNMLXZL,第2章 肿瘤 (C00-D48)
D32.005,大脑镰旁脑膜瘤,042,DNLPNML,第2章 肿瘤 (C00-D48)
D32.006,蝶鞍区脑膜良性肿瘤,042,DAQNMLXZL,第2章 肿瘤 (C00-D48)
D32.007,蝶骨嵴脑膜良性肿瘤,042,DGJNMLXZL,第2章 肿瘤 (C00-D48)
D32.008,蝶骨脑膜瘤,042,DGNML,第2章 肿瘤 (C00-D48)
D32.009,顶叶脑膜良性肿瘤,042,DYNMLXZL,第2章 肿瘤 (C00-D48)
D32.010,额叶脑膜良性肿瘤,042,EYNMLXZL,第2章 肿瘤 (C00-D48)
D32.011,横窦脑膜瘤,042,HDNML,第2章 肿瘤 (C00-D48)
D32.012,颅后窝脑膜良性肿瘤,042,LHWNMLXZL,第2章 肿瘤 (C00-D48)
D32.013,颅前窝脑膜瘤,042,LQWNML,第2章 肿瘤 (C00-D48)
D32.014,颅窝脑膜瘤,042,LWNML,第2章 肿瘤 (C00-D48)
D32.015,颅中窝脑膜良性肿瘤,042,LZWNMLXZL,第2章 肿瘤 (C00-D48)
D32.016,脑室脑膜良性肿瘤,042,NSNMLXZL,第2章 肿瘤 (C00-D48)
D32.017,颞叶脑膜良性肿瘤,042,NYNMLXZL,第2章 肿瘤 (C00-D48)
D32.018,前床突脑膜瘤,042,QCTNML,第2章 肿瘤 (C00-D48)
D32.019,桥脑脑膜瘤,042,QNNML,第2章 肿瘤 (C00-D48)
D32.020,筛窦脑膜瘤,042,SDNML,第2章 肿瘤 (C00-D48)
D32.021,矢状窦脑膜瘤,042,SZDNML,第2章 肿瘤 (C00-D48)
D32.022,矢状窦旁脑膜瘤,042,SZDPNML,第2章 肿瘤 (C00-D48)
D32.023,小脑慕脑膜瘤,042,XNMNML,第2章 肿瘤 (C00-D48)
D32.024,小脑脑膜瘤,042,XNNML,第2章 肿瘤 (C00-D48)
D32.025,嗅沟脑膜瘤,042,XGNML,第2章 肿瘤 (C00-D48)
D32.026,岩骨脑膜瘤,042,YGNML,第2章 肿瘤 (C00-D48)
D32.027,枕骨大孔脑膜瘤,042,ZGDKNML,第2章 肿瘤 (C00-D48)
D32.028,枕叶脑膜瘤,042,ZYNML,第2章 肿瘤 (C00-D48)
D32.029,中颅窝脑膜瘤,042,ZLWNML,第2章 肿瘤 (C00-D48)
D32.101,脊膜良性肿瘤,042,JMLXZL,第2章 肿瘤 (C00-D48)
D32.102,硬脊膜下良性肿瘤,042,YJMXLXZL,第2章 肿瘤 (C00-D48)
D32.103,硬脊膜下脑膜瘤,042,YJMXNML,第2章 肿瘤 (C00-D48)
D32.104,椎管内硬膜下良性肿瘤,042,ZGNYMXLXZL,第2章 肿瘤 (C00-D48)
D32.105,椎管内脑膜瘤,042,ZGNNML,第2章 肿瘤 (C00-D48)
D32.901,混合性脑膜瘤,042,HHXNML,第2章 肿瘤 (C00-D48)
D32.902,脑膜瘤,042,NML,第2章 肿瘤 (C00-D48)
D32.903,硬膜良性肿瘤,042,YMLXZL,第2章 肿瘤 (C00-D48)
D32.904,椎管内良性肿瘤,042,ZGNLXZL,第2章 肿瘤 (C00-D48)
D33.001,颅窝良性肿瘤,042,LWLXZL,第2章 肿瘤 (C00-D48)
D33.002,脉络丛乳头状瘤,042,MLCRTZL,第2章 肿瘤 (C00-D48)
D33.003,脑室良性肿瘤,042,NSLXZL,第2章 肿瘤 (C00-D48)
D33.004,矢状窦良性肿瘤,042,SZDLXZL,第2章 肿瘤 (C00-D48)
D33.101,脑干良性肿瘤,042,NGLXZL,第2章 肿瘤 (C00-D48)
D33.102,桥脑良性肿瘤,042,QNLXZL,第2章 肿瘤 (C00-D48)
D33.103,小脑良性肿瘤,042,XNLXZL,第2章 肿瘤 (C00-D48)
D33.104,小脑血管平滑肌瘤,042,XNXGPHJL,第2章 肿瘤 (C00-D48)
D33.201,颅内良性肿瘤,042,LNLXZL,第2章 肿瘤 (C00-D48)
D33.202,脑良性肿瘤,042,NLXZL,第2章 肿瘤 (C00-D48)
D33.301,颅神经良性肿瘤,042,LSJLXZL,第2章 肿瘤 (C00-D48)
D33.302,迷走神经良性肿瘤,042,MZSJLXZL,第2章 肿瘤 (C00-D48)
D33.303,面神经良性肿瘤,042,MSJLXZL,第2章 肿瘤 (C00-D48)
D33.304,三叉神经良性肿瘤,042,SCSJLXZL,第2章 肿瘤 (C00-D48)
D33.305,舌下神经良性肿瘤,042,SXSJLXZL,第2章 肿瘤 (C00-D48)
D33.306,视盘良性肿瘤,042,SPLXZL,第2章 肿瘤 (C00-D48)
D33.307,视神经良性肿瘤,042,SSJLXZL,第2章 肿瘤 (C00-D48)
D33.308,听神经良性肿瘤,042,TSJLXZL,第2章 肿瘤 (C00-D48)
D33.309,听神经瘤,042,TSJL,第2章 肿瘤 (C00-D48)
D33.401,脊髓良性肿瘤,042,JSLXZL,第2章 肿瘤 (C00-D48)
D33.402,马尾良性肿瘤,042,MWLXZL,第2章 肿瘤 (C00-D48)
D33.403,马尾圆锥良性肿瘤,042,MWYZLXZL,第2章 肿瘤 (C00-D48)
D33.404,马尾神经鞘瘤,042,MWSJQL,第2章 肿瘤 (C00-D48)
D33.901,硬膜内外良性肿瘤,042,YMNWLXZL,第2章 肿瘤 (C00-D48)
D33.902,硬脊膜外良性肿瘤,042,YJMWLXZL,第2章 肿瘤 (C00-D48)
D34  01,甲状舌管良性肿瘤,048,JZSGLXZL,第2章 肿瘤 (C00-D48)
D34  02,甲状腺良性肿瘤,048,JZXLXZL,第2章 肿瘤 (C00-D48)
D34  03,胸骨后甲状腺良性肿瘤,048,XGHJZXLXZL,第2章 肿瘤 (C00-D48)
D34  04,许特耳氏细胞腺瘤,048,XTESXBXL,第2章 肿瘤 (C00-D48)
D34  05,异位甲状腺良性肿瘤,048,YWJZXLXZL,第2章 肿瘤 (C00-D48)
D35.001,肾上腺良性肿瘤,042,SSXLXZL,第2章 肿瘤 (C00-D48)
D35.002,肾上腺皮质腺瘤,042,SSXPZXL,第2章 肿瘤 (C00-D48)
D35.003,肾上腺神经鞘瘤,042,SSXSJQL,第2章 肿瘤 (C00-D48)
D35.004,嗜铬细胞瘤,042,SGXBL,第2章 肿瘤 (C00-D48)
D35.101,甲状旁腺良性肿瘤,042,JZPXLXZL,第2章 肿瘤 (C00-D48)
D35.102,异位甲状旁腺良性肿瘤,042,YWJZPXLXZL,第2章 肿瘤 (C00-D48)
D35.103,主细胞腺瘤,042,ZXBXL,第2章 肿瘤 (C00-D48)
D35.201,垂体良性肿瘤,042,CTLXZL,第2章 肿瘤 (C00-D48)
D35.204,垂体微腺瘤,042,CTWXL,第2章 肿瘤 (C00-D48)
D35.205,垂体无功能良性肿瘤,042,CTWGNLXZL,第2章 肿瘤 (C00-D48)
D35.206,嗜酸性腺瘤,042,SSXXL,第2章 肿瘤 (C00-D48)
D35.207,垂体泌乳素瘤,042,CTMRSL,第2章 肿瘤 (C00-D48)
D35.401,松果体良性肿瘤,042,SGTLXZL,第2章 肿瘤 (C00-D48)
D35.901,异位嗜铬细胞瘤,042,YWSGXBL,第2章 肿瘤 (C00-D48)
D36.101,臂丛神经良性肿瘤,042,BCSJLXZL,第2章 肿瘤 (C00-D48)
D36.102,脊神经良性肿瘤,042,JSJLXZL,第2章 肿瘤 (C00-D48)
D36.103,颈部神经良性肿瘤,042,JBSJLXZL,第2章 肿瘤 (C00-D48)
D36.104,下肢神经纤维瘤,042,XZSJXWL,第2章 肿瘤 (C00-D48)
D36.105,正中神经良性肿瘤,042,ZZSJLXZL,第2章 肿瘤 (C00-D48)
D36.106,坐骨神经良性肿瘤,042,ZGSJLXZL,第2章 肿瘤 (C00-D48)
D36.107,臂丛神经纤维瘤,042,BCSJXWL,第2章 肿瘤 (C00-D48)
D36.108,前臂丛神经纤维瘤,042,QBCSJXWL,第2章 肿瘤 (C00-D48)
D36.109,髓外硬膜下神经鞘瘤,042,SWYMXSJQL,第2章 肿瘤 (C00-D48)
D36.110,颈部神经鞘瘤,042,JBSJQL,第2章 肿瘤 (C00-D48)
D36.111,小腿神经纤维瘤,042,XTSJXWL,第2章 肿瘤 (C00-D48)
D36.112,大腿神经纤维瘤,042,DTSJXWL,第2章 肿瘤 (C00-D48)
D36.201,髂窝良性肿瘤,042,QWLXZL,第2章 肿瘤 (C00-D48)
D36.701,头部良性肿瘤,042,TBLXZL,第2章 肿瘤 (C00-D48)
D36.702,颞部良性肿瘤,042,NBLXZL,第2章 肿瘤 (C00-D48)
D36.703,颌下良性肿瘤,042,HXLXZL,第2章 肿瘤 (C00-D48)
D36.704,颊部良性肿瘤,042,JBLXZL,第2章 肿瘤 (C00-D48)
D36.705,面部良性肿瘤,042,MBLXZL,第2章 肿瘤 (C00-D48)
D36.706,颈部良性肿瘤,042,JBLXZL,第2章 肿瘤 (C00-D48)
D36.707,胸腔良性肿瘤,042,XQLXZL,第2章 肿瘤 (C00-D48)
D36.708,腹腔良性肿瘤,042,FQLXZL,第2章 肿瘤 (C00-D48)
D36.709,骶前良性肿瘤,042,DQLXZL,第2章 肿瘤 (C00-D48)
D36.710,骶尾区良性肿瘤,042,DWQLXZL,第2章 肿瘤 (C00-D48)
D36.711,会阴部良性肿瘤,042,HYBLXZL,第2章 肿瘤 (C00-D48)
D36.712,腘窝良性肿瘤,042,WLXZL,第2章 肿瘤 (C00-D48)
D36.713,髋良性肿瘤,042,KLXZL,第2章 肿瘤 (C00-D48)
D36.714,盆腔良性肿瘤,042,PQLXZL,第2章 肿瘤 (C00-D48)
D36.715,上肢和肩良性肿瘤,042,SZHJLXZL,第2章 肿瘤 (C00-D48)
D36.716,臀部良性肿瘤,042,TBLXZL,第2章 肿瘤 (C00-D48)
D36.717,下肢良性肿瘤,042,XZLXZL,第2章 肿瘤 (C00-D48)
D36.718,小腿良性肿瘤,042,XTLXZL,第2章 肿瘤 (C00-D48)
D36.719,直肠旁良性肿瘤,042,ZCPLXZL,第2章 肿瘤 (C00-D48)
D36.720,直肠阴道膈良性肿瘤,042,ZCYDGLXZL,第2章 肿瘤 (C00-D48)
D36.721,足良性肿瘤,042,ZLXZL,第2章 肿瘤 (C00-D48)
D36.722,腹股沟良性肿瘤,042,FGGLXZL,第2章 肿瘤 (C00-D48)
D36.723,颌下区良性肿瘤,042,HXQLXZL,第2章 肿瘤 (C00-D48)
D36.724,颌下毛细血管瘤,042,HXMXXGL,第2章 肿瘤 (C00-D48)
D36.725,骶尾部粉瘤,042,DWBFL,第2章 肿瘤 (C00-D48)
D36.726,手指神经纤维瘤,042,SZSJXWL,第2章 肿瘤 (C00-D48)
D36.727,手指纤维瘤,042,SZXWL,第2章 肿瘤 (C00-D48)
D36.728,骶尾部畸胎瘤,042,DWBJTL,第2章 肿瘤 (C00-D48)
D36.729,拇指粘液瘤,042,MZNYL,第2章 肿瘤 (C00-D48)
D36.901,多发性腺瘤样息肉,042,DFXXLYXR,第2章 肿瘤 (C00-D48)
D36.902,消化道多发息肉综合征,042,XHDDFXRZHZ,第2章 肿瘤 (C00-D48)
D37.001,扁桃体肿瘤,050,BTTZL,第2章 肿瘤 (C00-D48)
D37.002,唇交界恶性肿瘤,049,CJJEXZL,第2章 肿瘤 (C00-D48)
D37.003,腮腺交界恶性肿瘤,049,SXJJEXZL,第2章 肿瘤 (C00-D48)
D37.004,涎腺交界恶性肿瘤,049,XXJJEXZL,第2章 肿瘤 (C00-D48)
D37.005,咽部交界恶性肿瘤,049,YBJJEXZL,第2章 肿瘤 (C00-D48)
D37.101,贲门交界恶性肿瘤,049,BMJJEXZL,第2章 肿瘤 (C00-D48)
D37.102,胃交界恶性肿瘤,049,WJJEXZL,第2章 肿瘤 (C00-D48)
D37.201,十二指肠交界恶性肿瘤,049,SEZCJJEXZL,第2章 肿瘤 (C00-D48)
D37.301,阑尾交界恶性肿瘤,049,LWJJEXZL,第2章 肿瘤 (C00-D48)
D37.401,结肠交界恶性肿瘤,049,JCJJEXZL,第2章 肿瘤 (C00-D48)
D37.402,乙状结肠交界恶性肿瘤,049,YZJCJJEXZL,第2章 肿瘤 (C00-D48)
D37.501,直肠交界恶性肿瘤,049,ZCJJEXZL,第2章 肿瘤 (C00-D48)
D37.601,胆囊交界恶性肿瘤,049,DNJJEXZL,第2章 肿瘤 (C00-D48)
D37.602,壶腹部交界恶性肿瘤,049,HFBJJEXZL,第2章 肿瘤 (C00-D48)
D37.603,腹部囊性畸胎瘤,050,FBNXJTL,第2章 肿瘤 (C00-D48)
D37.701,肠交界恶性肿瘤,049,CJJEXZL,第2章 肿瘤 (C00-D48)
D37.702,食道交界恶性肿瘤,049,SDJJEXZL,第2章 肿瘤 (C00-D48)
D37.703,胰腺交界恶性肿瘤,049,YXJJEXZL,第2章 肿瘤 (C00-D48)
D37.704,胰腺肿瘤,050,YXZL,第2章 肿瘤 (C00-D48)
D37.901,其他消化器官交界恶性肿瘤,049,QTXHQGJJEXZL,第2章 肿瘤 (C00-D48)
D37.902,消化系统肿瘤,050,XHXTZL,第2章 肿瘤 (C00-D48)
D38.001,会厌交界恶性肿瘤,049,HYJJEXZL,第2章 肿瘤 (C00-D48)
D38.101,肺交界恶性肿瘤,049,FJJEXZL,第2章 肿瘤 (C00-D48)
D38.102,气管交界恶性肿瘤,049,QGJJEXZL,第2章 肿瘤 (C00-D48)
D38.103,支气管交界恶性肿瘤,049,ZQGJJEXZL,第2章 肿瘤 (C00-D48)
D38.301,纵隔交界恶性肿瘤,049,ZGJJEXZL,第2章 肿瘤 (C00-D48)
D38.302,纵隔畸胎瘤,050,ZGJTL,第2章 肿瘤 (C00-D48)
D38.401,胸腺动态未定肿瘤,049,XXDTWDZL,第2章 肿瘤 (C00-D48)
D38.501,鼻腔交界恶性肿瘤,049,BQJJEXZL,第2章 肿瘤 (C00-D48)
D38.502,鼓室颈静脉交界恶性肿瘤,049,GSJJMJJEXZL,第2章 肿瘤 (C00-D48)
D38.601,呼吸系统交界恶性肿瘤,049,HXXTJJEXZL,第2章 肿瘤 (C00-D48)
D38.602,呼吸系统肿瘤,050,HXXTZL,第2章 肿瘤 (C00-D48)
D38.603,胸腔畸胎瘤,050,XQJTL,第2章 肿瘤 (C00-D48)
D39.001,淋巴管内性间质异位症,049,LBGNXJZYWZ,第2章 肿瘤 (C00-D48)
D39.002,子宫交界恶性肿瘤,049,ZGJJEXZL,第2章 肿瘤 (C00-D48)
D39.003,子宫内膜交界恶性肿瘤,049,ZGNMJJEXZL,第2章 肿瘤 (C00-D48)
D39.101,多房囊肿,050,DFNZ,第2章 肿瘤 (C00-D48)
D39.102,交界恶性纤维上皮瘤(交界恶性布伦纳氏,049,JJEXXWSPLJJEXBLNS,第2章 肿瘤 (C00-D48)
D39.103,交界性子宫内膜样腺瘤,049,JJXZGNMYXL,第2章 肿瘤 (C00-D48)
D39.104,粒膜泡膜细胞瘤,049,LMPMXBL,第2章 肿瘤 (C00-D48)
D39.105,粒膜细胞瘤,049,LMXBL,第2章 肿瘤 (C00-D48)
D39.106,两性母细胞瘤,049,LXMXBL,第2章 肿瘤 (C00-D48)
D39.107,卵巢交界恶性肿瘤,049,LCJJEXZL,第2章 肿瘤 (C00-D48)
D39.108,卵巢颗粒细胞瘤,049,LCKLXBL,第2章 肿瘤 (C00-D48)
D39.201,恶性葡萄胎,049,EXPTT,第2章 肿瘤 (C00-D48)
D39.701,输卵管交界恶性肿瘤,049,SLGJJEXZL,第2章 肿瘤 (C00-D48)
D39.702,阴道交界恶性肿瘤,049,YDJJEXZL,第2章 肿瘤 (C00-D48)
D40.101,间质细胞瘤,049,JZXBL,第2章 肿瘤 (C00-D48)
D40.102,睾丸交界恶性肿瘤,049,GWJJEXZL,第2章 肿瘤 (C00-D48)
D40.103,前列腺交界瘤,049,QLXJJL,第2章 肿瘤 (C00-D48)
D40.701,附睾交界恶性肿瘤,049,FGJJEXZL,第2章 肿瘤 (C00-D48)
D40.702,精囊交界恶性肿瘤,049,JNJJEXZL,第2章 肿瘤 (C00-D48)
D40.703,阴茎肿瘤,050,YJZL,第2章 肿瘤 (C00-D48)
D41.001,肾交界恶性肿瘤,049,SJJEXZL,第2章 肿瘤 (C00-D48)
D41.002,肾占位性病变,050,SZWXBB,第2章 肿瘤 (C00-D48)
D41.101,肾盂交界恶性肿瘤,049,SYJJEXZL,第2章 肿瘤 (C00-D48)
D41.201,输尿管交界恶性肿瘤,049,SNGJJEXZL,第2章 肿瘤 (C00-D48)
D41.401,膀胱交界恶性肿瘤,049,PGJJEXZL,第2章 肿瘤 (C00-D48)
D41.402,膀胱颈息肉,049,PGJXR,第2章 肿瘤 (C00-D48)
D41.403,膀胱内翻性移行上皮乳头状瘤,049,PGNFXYXSPRTZL,第2章 肿瘤 (C00-D48)
D41.404,膀胱乳头状瘤,049,PGRTZL,第2章 肿瘤 (C00-D48)
D41.405,膀胱乳头状息肉,049,PGRTZXR,第2章 肿瘤 (C00-D48)
D41.406,膀胱息肉,049,PGXR,第2章 肿瘤 (C00-D48)
D41.407,膀胱移行上皮息肉,049,PGYXSPXR,第2章 肿瘤 (C00-D48)
D41.408,膀胱移行性细胞乳头状瘤,049,PGYXXXBRTZL,第2章 肿瘤 (C00-D48)
D41.901,泌尿生殖系统交界恶性肿瘤,049,MNSZXTJJEXZL,第2章 肿瘤 (C00-D48)
D41.902,泌尿生殖系统肿瘤,050,MNSZXTZL,第2章 肿瘤 (C00-D48)
D42.001,脑膜交界恶性肿瘤,049,NMJJEXZL,第2章 肿瘤 (C00-D48)
D42.101,脊膜交界恶性肿瘤,049,JMJJEXZL,第2章 肿瘤 (C00-D48)
D43.-,粘液乳头状室管膜瘤,049,NYRTZSGML,第2章 肿瘤 (C00-D48)
D43.001,枕叶交界恶性肿瘤,049,ZYJJEXZL,第2章 肿瘤 (C00-D48)
D43.101,脑干交界恶性肿瘤,049,NGJJEXZL,第2章 肿瘤 (C00-D48)
D43.102,小脑交界恶性肿瘤,049,XNJJEXZL,第2章 肿瘤 (C00-D48)
D43.103,延髓交界恶性肿瘤,049,YSJJEXZL,第2章 肿瘤 (C00-D48)
D43.104,小脑血管母细胞瘤,050,XNXGMXBL,第2章 肿瘤 (C00-D48)
D43.201,颅内交界恶性肿瘤,049,LNJJEXZL,第2章 肿瘤 (C00-D48)
D43.202,脑交界恶性肿瘤,049,NJJEXZL,第2章 肿瘤 (C00-D48)
D43.203,脑瘤,050,NL,第2章 肿瘤 (C00-D48)
D43.205,脑血管交界恶性肿瘤,049,NXGJJEXZL,第2章 肿瘤 (C00-D48)
D43.301,鼻腔恶性黑色素瘤,050,BQEXHSSL,第2章 肿瘤 (C00-D48)
D43.401,脊髓交界恶性肿瘤,049,JSJJEXZL,第2章 肿瘤 (C00-D48)
D43.701,椎管内交界性恶性肿瘤,049,ZGNJJXEXZL,第2章 肿瘤 (C00-D48)
D43.901,中枢神经系统其他交界性恶性肿瘤,049,ZSSJXTQTJJXEXZL,第2章 肿瘤 (C00-D48)
D43.902,硬膜外交界恶性肿瘤,049,YMWJJEXZL,第2章 肿瘤 (C00-D48)
D44.101,肾上腺交界恶性肿瘤,049,SSXJJEXZL,第2章 肿瘤 (C00-D48)
D44.301,垂体交界恶性肿瘤,049,CTJJEXZL,第2章 肿瘤 (C00-D48)
D44.302,垂体生长激素瘤,050,CTSCJSL,第2章 肿瘤 (C00-D48)
D44.306,角化棘皮瘤恶变,050,JHJPLWB,第2章 肿瘤 (C00-D48)
D44.401,颅咽管交界恶性肿瘤,049,LYGJJEXZL,第2章 肿瘤 (C00-D48)
D44.402,颅咽管瘤,049,LYGL,第2章 肿瘤 (C00-D48)
D44.501,松果体交界恶性肿瘤,049,SGTJJEXZL,第2章 肿瘤 (C00-D48)
D44.502,松果体瘤,049,SGTL,第2章 肿瘤 (C00-D48)
D44.503,松果体区交界恶性肿瘤,049,SGTQJJEXZL,第2章 肿瘤 (C00-D48)
D44.601,颈动脉体瘤,049,JDMTL,第2章 肿瘤 (C00-D48)
D44.602,颈动脉体交界恶性肿瘤,049,JDMTJJEXZL,第2章 肿瘤 (C00-D48)
D44.701,颈静脉血管球瘤,049,JJMXGQL,第2章 肿瘤 (C00-D48)
D44.702,主动脉体瘤,049,ZDMTL,第2章 肿瘤 (C00-D48)
D44.801,多发性内分泌腺瘤病,049,DFXNFMXLB,第2章 肿瘤 (C00-D48)
D44.901,内分泌腺肿瘤,049,NFMXZL,第2章 肿瘤 (C00-D48)
D45  01,真性红细胞增多[症],049,ZXHXBZDZ,第2章 肿瘤 (C00-D48)
D46.401,难治性贫血,049,NZXPX,第2章 肿瘤 (C00-D48)
D46.901,骨髓增生异常综合征,049,GSZSYCZHZ,第2章 肿瘤 (C00-D48)
D46.902,高白细胞综合症,049,GBXBZHZ,第2章 肿瘤 (C00-D48)
D47.101,骨髓纤维化,049,GSXWH,第2章 肿瘤 (C00-D48)
D47.102,骨髓增生病,049,GSZSB,第2章 肿瘤 (C00-D48)
D47.103,慢性骨髓增生病,049,MXGSZSB,第2章 肿瘤 (C00-D48)
D47.201,单克隆丙种球蛋白病,049,DKLBZQDBB,第2章 肿瘤 (C00-D48)
D47.301,特发性血小板增多症,049,TFXXXBZDZ,第2章 肿瘤 (C00-D48)
D48.001,骶骨交界恶性肿瘤,049,DGJJEXZL,第2章 肿瘤 (C00-D48)
D48.002,额骨骨瘤,050,EGGL,第2章 肿瘤 (C00-D48)
D48.003,骨交界恶性肿瘤,049,GJJEXZL,第2章 肿瘤 (C00-D48)
D48.004,骨软骨瘤病,049,GRGLB,第2章 肿瘤 (C00-D48)
D48.006,关节交界性恶性肿瘤,049,GJJJXEXZL,第2章 肿瘤 (C00-D48)
D48.007,颌骨交界恶性肿瘤,049,HGJJEXZL,第2章 肿瘤 (C00-D48)
D48.008,脊椎交界性恶性肿瘤,049,JZJJXEXZL,第2章 肿瘤 (C00-D48)
D48.009,颅骨交界性恶性肿瘤,049,LGJJXEXZL,第2章 肿瘤 (C00-D48)
D48.010,上肢骨交界恶性肿瘤,049,SZGJJEXZL,第2章 肿瘤 (C00-D48)
D48.011,下肢骨交界恶性肿瘤,049,XZGJJEXZL,第2章 肿瘤 (C00-D48)
D48.012,颈椎占位性病变,050,JZZWXBB,第2章 肿瘤 (C00-D48)
D48.101,骨巨细胞瘤,049,GJXBL,第2章 肿瘤 (C00-D48)
D48.102,硬纤维瘤,049,YXWL,第2章 肿瘤 (C00-D48)
D48.103,骶前结缔组织交界恶性肿瘤,049,DQJDZZJJEXZL,第2章 肿瘤 (C00-D48)
D48.104,腹壁交界恶性肿瘤,049,FBJJEXZL,第2章 肿瘤 (C00-D48)
D48.105,腹壁硬纤维瘤,049,FBYXWL,第2章 肿瘤 (C00-D48)
D48.106,滑膜交界恶性肿瘤,049,HMJJEXZL,第2章 肿瘤 (C00-D48)
D48.107,结缔组织及其他软组织交界性恶性肿瘤,049,JDZZJQTRZZJJXEXZL,第2章 肿瘤 (C00-D48)
D48.108,颈静脉交界恶性肿瘤,049,JJMJJEXZL,第2章 肿瘤 (C00-D48)
D48.109,软组织交界恶性肿瘤,049,RZZJJEXZL,第2章 肿瘤 (C00-D48)
D48.110,上肢结缔组织交界恶性肿瘤,049,SZJDZZJJEXZL,第2章 肿瘤 (C00-D48)
D48.111,臀部结缔组织交界恶性肿瘤,049,TBJDZZJJEXZL,第2章 肿瘤 (C00-D48)
D48.112,下肢结缔组织交界性恶性肿瘤,049,XZJDZZJJXEXZL,第2章 肿瘤 (C00-D48)
D48.113,足背腱鞘巨细胞瘤,050,ZBJQJXBL,第2章 肿瘤 (C00-D48)
D48.114,耳交界恶性肿瘤,049,EJJEXZL,第2章 肿瘤 (C00-D48)
D48.115,膝腱鞘巨细胞瘤,050,XJQJXBL,第2章 肿瘤 (C00-D48)
D48.116,胫骨恶性骨巨细胞瘤,050,JGEXGJXBL,第2章 肿瘤 (C00-D48)
D48.117,颈淋巴结肿瘤,050,JLBJZL,第2章 肿瘤 (C00-D48)
D48.301,腹膜后交界恶性肿瘤,049,FMHJJEXZL,第2章 肿瘤 (C00-D48)
D48.401,肠系膜交界恶性肿瘤,049,CXMJJEXZL,第2章 肿瘤 (C00-D48)
D48.402,腹膜交界恶性肿瘤,049,FMJJEXZL,第2章 肿瘤 (C00-D48)
D48.501,基底细胞瘤,049,JDXBL,第2章 肿瘤 (C00-D48)
D48.502,鼻部皮肤交界恶性肿瘤,049,BBPFJJEXZL,第2章 肿瘤 (C00-D48)
D48.504,臂皮肤交界恶性肿瘤,049,BPFJJEXZL,第2章 肿瘤 (C00-D48)
D48.505,耳部皮肤交界恶性肿瘤,049,EBPFJJEXZL,第2章 肿瘤 (C00-D48)
D48.506,皮肤交界恶性肿瘤,049,PFJJEXZL,第2章 肿瘤 (C00-D48)
D48.507,躯干皮肤交界恶性肿瘤,049,QGPFJJEXZL,第2章 肿瘤 (C00-D48)
D48.508,眼睑交界恶性肿瘤,049,YJJJEXZL,第2章 肿瘤 (C00-D48)
D48.601,叶状囊肉瘤,049,YZNRL,第2章 肿瘤 (C00-D48)
D48.603,乳房交界恶性肿瘤,049,RFJJEXZL,第2章 肿瘤 (C00-D48)
D48.701,背部交界恶性肿瘤,049,BBJJEXZL,第2章 肿瘤 (C00-D48)
D48.702,臂交界恶性肿瘤,049,BJJEXZL,第2章 肿瘤 (C00-D48)
D48.703,骶前区交界恶性肿瘤,049,DQQJJEXZL,第2章 肿瘤 (C00-D48)
D48.704,腹部交界恶性肿瘤,049,FBJJEXZL,第2章 肿瘤 (C00-D48)
D48.705,腹股沟交界恶性肿瘤,049,FGGJJEXZL,第2章 肿瘤 (C00-D48)
D48.706,腹腔交界恶性肿瘤,049,FQJJEXZL,第2章 肿瘤 (C00-D48)
D48.707,颊部交界恶性肿瘤,049,JBJJEXZL,第2章 肿瘤 (C00-D48)
D48.708,盆腹腔交界性肿瘤,049,PFQJJEZL,第2章 肿瘤 (C00-D48)
D48.709,盆腔交界恶性肿瘤,049,PQJJEXZL,第2章 肿瘤 (C00-D48)
D48.710,其他特指部位交界恶性肿瘤,049,QTTZBWJJEXZL,第2章 肿瘤 (C00-D48)
D48.711,躯干部交界恶性肿瘤,049,QGBJJEXZL,第2章 肿瘤 (C00-D48)
D48.712,上肢性质未定肿瘤,049,SZXZWDZL,第2章 肿瘤 (C00-D48)
D48.713,手交界恶性肿瘤,049,SJJEXZL,第2章 肿瘤 (C00-D48)
D48.714,腿部交界恶性肿瘤,049,TBJJEXZL,第2章 肿瘤 (C00-D48)
D48.715,臀部交界恶性肿瘤,049,TBJJEXZL,第2章 肿瘤 (C00-D48)
D48.716,腕部交界恶性肿瘤,049,WBJJEXZL,第2章 肿瘤 (C00-D48)
D48.717,下肢交界恶性肿瘤,049,XZJJEXZL,第2章 肿瘤 (C00-D48)
D48.718,心室交界恶性肿瘤,049,XSJJEXZL,第2章 肿瘤 (C00-D48)
D48.719,胸壁交界恶性肿瘤,049,XBJJEXZL,第2章 肿瘤 (C00-D48)
D48.720,眼交界恶性肿瘤,049,YJJEXZL,第2章 肿瘤 (C00-D48)
D48.721,眼眶交界恶性肿瘤,049,YKJJEXZL,第2章 肿瘤 (C00-D48)
D48.722,眼眶肿瘤,050,YKZL,第2章 肿瘤 (C00-D48)
D48.723,腋下交界性恶性肿瘤,049,YXJJXEXZL,第2章 肿瘤 (C00-D48)
D48.724,指交界恶性肿瘤,049,ZJJEXZL,第2章 肿瘤 (C00-D48)
D48.726,脾液性占位性病变,050,PYXZWXBB,第2章 肿瘤 (C00-D48)
D48.727,眼眶占位性病变,050,YKZWXBB,第2章 肿瘤 (C00-D48)
D48.901+ G13.101*,癌性脑白质病,049,AXNBZB,第2章 肿瘤 (C00-D48)
D48.902+ G13.102*,癌性脑病,049,AXNB,第2章 肿瘤 (C00-D48)
D50.001,慢性失血性贫血,052,MXSXXPX,第2章 肿瘤 (C00-D48)
D50.002,失血性贫血,052,SXXPX,第2章 肿瘤 (C00-D48)
D50.801,低色素性小细胞性贫血,052,DSSXXXBXPX,第2章 肿瘤 (C00-D48)
D50.901,低色素性贫血,052,DSSXPX,第2章 肿瘤 (C00-D48)
D50.902,缺铁性贫血,052,QTXPX,第2章 肿瘤 (C00-D48)
D51.001,恶性贫血,052,EXPX,第2章 肿瘤 (C00-D48)
D51.901+ G32.001*,维生素B12缺乏性贫血性脊髓后侧索硬化,052,WSSQFXPXXJSHCSYH,第2章 肿瘤 (C00-D48)
D52.001,大细胞性贫血,052,DXBXPX,第2章 肿瘤 (C00-D48)
D52.002,营养性巨幼红胞性贫血,052,YYXJYHBXPX,第2章 肿瘤 (C00-D48)
D52.101,药物致叶酸缺乏性贫血,052,YWZYSQFXPX,第2章 肿瘤 (C00-D48)
D53.001,蛋白缺乏致贫血,052,DBQFZPX,第2章 肿瘤 (C00-D48)
D53.101,巨幼红细胞性贫血,052,JYHXBXPX,第2章 肿瘤 (C00-D48)
D53.201,坏血病性贫血,052,HXBXPX,第2章 肿瘤 (C00-D48)
D53.901,营养性贫血,052,YYXPX,第2章 肿瘤 (C00-D48)
D55.001,G6PD缺陷,052,QX,第2章 肿瘤 (C00-D48)
D55.002,蚕豆病,052,CDB,第2章 肿瘤 (C00-D48)
D55.003,葡萄糖-6-磷酸脱氢酶缺乏性贫血,052,PTTLSTQMQFXPX,第2章 肿瘤 (C00-D48)
D55.201,丙酮酸激酶缺乏性贫血,052,BTSJMQFXPX,第2章 肿瘤 (C00-D48)
D56.001,α型地中海贫血,052,AXDZHPX,第2章 肿瘤 (C00-D48)
D56.101,库利氏贫血,052,KLSPX,第2章 肿瘤 (C00-D48)
D56.102,β型地中海贫血,052,BXDZHPX,第2章 肿瘤 (C00-D48)
D56.901,地中海贫血,052,DZHPX,第2章 肿瘤 (C00-D48)
D57.101,镰状细胞性贫血,052,LZXBXPX,第2章 肿瘤 (C00-D48)
D57.301,血红蛋白病  HB-S,052,XHDBB,第2章 肿瘤 (C00-D48)
D58.001,先天性溶血性贫血,052,XTXRXXPX,第2章 肿瘤 (C00-D48)
D58.002,遗传性球形红细胞增多症,052,YCXQXHXBZDZ,第2章 肿瘤 (C00-D48)
D58.101,遗传性椭圆形红细胞增多症,052,YCXTYXHXBZDZ,第2章 肿瘤 (C00-D48)
D58.201,血红蛋白病,052,XHDBB,第2章 肿瘤 (C00-D48)
D58.801,遗传性红细胞膜缺陷性疾病,052,YCXHXBMQXXJB,第2章 肿瘤 (C00-D48)
D58.901,溶血性贫血,052,RXXPX,第2章 肿瘤 (C00-D48)
D58.902,遗传性溶血性贫血,052,YCXRXXPX,第2章 肿瘤 (C00-D48)
D58.903,溶血性贫血危象,052,RXXPXWX,第2章 肿瘤 (C00-D48)
D59.101,冷凝集素病,052,LNJSB,第2章 肿瘤 (C00-D48)
D59.102,自身免疫性溶血性贫血,052,ZSMYXRXXPX,第2章 肿瘤 (C00-D48)
D59.301,溶血-尿毒症性综合征,052,RXNDZXZHZ,第2章 肿瘤 (C00-D48)
D59.401,非自体免疫性溶血性贫血,052,FZTMYXRXXPX,第2章 肿瘤 (C00-D48)
D59.402,感染性溶血性贫血,052,GRXRXXPX,第2章 肿瘤 (C00-D48)
D59.403,继发性溶血性贫血,052,JFXRXXPX,第2章 肿瘤 (C00-D48)
D59.501,阵发性夜间血红蛋白尿伴再生障碍性贫,052,ZFXYJXHDBNBZSZAXP,第2章 肿瘤 (C00-D48)
D59.502,阵发性夜间性血红蛋白尿症,052,ZFXYJXXHDBNZ,第2章 肿瘤 (C00-D48)
D59.503,阵发性夜间性血红蛋白尿伴再障(PNH-AA),052,ZFXYJXXHDBNBZZ,第2章 肿瘤 (C00-D48)
D59.504,阵发性夜间血红蛋白尿,052,ZFXYJXHDBN,第2章 肿瘤 (C00-D48)
D59.601,运动性血红蛋白尿(行军性血红蛋白尿),052,YDXXHDBNXJXXHDBN,第2章 肿瘤 (C00-D48)
D59.901,后天性溶血性贫血,052,HTXRXXPX,第2章 肿瘤 (C00-D48)
D59.902,急性溶血性贫血,052,JXRXXPX,第2章 肿瘤 (C00-D48)
D59.903,溶血性黄疸,052,RXXHD,第2章 肿瘤 (C00-D48)
D60.001,鼻、咽、癌原位癌,052,BYAYWA,第2章 肿瘤 (C00-D48)
D60.901,单纯红细胞再生障碍性贫血,052,DCHXBZSZAXPX,第2章 肿瘤 (C00-D48)
D60.902,红细胞发育不伴胸腺瘤,052,HXBFYBBXXL,第2章 肿瘤 (C00-D48)
D61.001,范康尼氏贫血,052,FKNSPX,第2章 肿瘤 (C00-D48)
D61.002,家族性再生不良性贫血,052,JZXZSBLXPX,第2章 肿瘤 (C00-D48)
D61.003,先天性单纯红细胞再生障碍性贫血,052,XTXDCHXBZSZAXPX,第2章 肿瘤 (C00-D48)
D61.004,先天性再生障碍性贫血,052,XTXZSZAXPX,第2章 肿瘤 (C00-D48)
D61.101,药物性再生障碍性贫血,052,YWXZSZAXPX,第2章 肿瘤 (C00-D48)
D61.201,中毒性贫血,052,ZDXPX,第2章 肿瘤 (C00-D48)
D61.801,继发性再生障碍性贫血,052,JFXZSZAXPX,第2章 肿瘤 (C00-D48)
D61.901,骨髓抑制,052,GSYZ,第2章 肿瘤 (C00-D48)
D61.902,骨髓抑制性贫血,052,GSYZXPX,第2章 肿瘤 (C00-D48)
D61.903,慢性再生障碍性贫血,052,MXZSZAXPX,第2章 肿瘤 (C00-D48)
D61.904,全血细胞减少,052,QXXBJS,第2章 肿瘤 (C00-D48)
D61.905,再生障碍性贫血,052,ZSZAXPX,第2章 肿瘤 (C00-D48)
D62  01,急性出血性贫血,052,JXCXXPX,第2章 肿瘤 (C00-D48)
D64.301,铁粒幼红细胞性贫血,052,TLYHXBXPX,第2章 肿瘤 (C00-D48)
D64.401,先天性造血不良性贫血,052,XTXZXBLXPX,第2章 肿瘤 (C00-D48)
D64.801,雅克什病(婴儿假白血病性贫血),052,YKSBYEJBXBXPX,第2章 肿瘤 (C00-D48)
D64.901,感染性贫血,052,GRXPX,第2章 肿瘤 (C00-D48)
D64.902,继发性贫血,052,JFXPX,第2章 肿瘤 (C00-D48)
D64.903,贫血,052,PX,第2章 肿瘤 (C00-D48)
D64.904,肾性贫血,052,SXPX,第2章 肿瘤 (C00-D48)
D64.905,婴儿贫血,052,YEPX,第2章 肿瘤 (C00-D48)
D64.906,增生性贫血,052,ZSXPX,第2章 肿瘤 (C00-D48)
D65  01,播散性血管内凝血,051,BSXXGNNX,第2章 肿瘤 (C00-D48)
D65  02,去纤维蛋白综合症,051,QXWDBZHZ,第2章 肿瘤 (C00-D48)
D65  03,纤维蛋白溶解[症],051,XWDBRJZ,第2章 肿瘤 (C00-D48)
D65  04,坏疽性紫癜,051,HJXZD,第2章 肿瘤 (C00-D48)
D66  01,第Ⅷ因子缺乏,051,DBYZQF,第2章 肿瘤 (C00-D48)
D66  02,血友病,051,XYB,第2章 肿瘤 (C00-D48)
D66  03,A型血友病,051,XXYB,第2章 肿瘤 (C00-D48)
D66  04+ M36.201*,血友病性关节炎,051,XYBXGJY,第2章 肿瘤 (C00-D48)
D67  01,B型血友病,051,XXYB,第2章 肿瘤 (C00-D48)
D68.001,血管性血友病(冯维勒布兰德氏病),051,XGXXYBFWLBLDSB,第2章 肿瘤 (C00-D48)
D68.101,C型血友病,051,XXYB,第2章 肿瘤 (C00-D48)
D68.201,凝血酶原缺乏症,051,NXMYQFZ,第2章 肿瘤 (C00-D48)
D68.202,凝血因子Ⅴ缺乏症,051,NXYZWQFZ,第2章 肿瘤 (C00-D48)
D68.203,凝血因子Ⅶ缺乏症,051,NXYZQQFZ,第2章 肿瘤 (C00-D48)
D68.204,凝血因子Ⅹ缺乏症,051,NXYZSQFZ,第2章 肿瘤 (C00-D48)
D68.205,先天性纤维蛋白原缺乏,051,XTXXWDBYQF,第2章 肿瘤 (C00-D48)
D68.206,纤维蛋白原缺乏,051,XWDBYQF,第2章 肿瘤 (C00-D48)
D68.301,第八因子抗体形成,051,DBYZKTXC,第2章 肿瘤 (C00-D48)
D68.302,高肝素血症,051,GGSXZ,第2章 肿瘤 (C00-D48)
D68.303,血循环中抗凝物质存在,051,XXHZKNWZCZ,第2章 肿瘤 (C00-D48)
D68.401,后天性凝血因子缺乏,051,HTXNXYZQF,第2章 肿瘤 (C00-D48)
D68.402,获得性维生素K依赖因子缺乏症,051,HDXWSSYLYZQFZ,第2章 肿瘤 (C00-D48)
D68.403,免疫性凝血酶元减少,051,MYXNXMYJS,第2章 肿瘤 (C00-D48)
D68.901,出血倾向,051,CXQX,第2章 肿瘤 (C00-D48)
D68.902,凝血时间延长,051,NXSJYC,第2章 肿瘤 (C00-D48)
D69.001,变应性血管炎,051,BYXXGY,第2章 肿瘤 (C00-D48)
D69.002,腹型过敏性紫癜,051,FXGMXZD,第2章 肿瘤 (C00-D48)
D69.003,关节炎性紫癫,051,GJYXZD,第2章 肿瘤 (C00-D48)
D69.004,过敏性紫癜,051,GMXZD,第2章 肿瘤 (C00-D48)
D69.005,进行性色素性紫癜,051,JXXSSXZD,第2章 肿瘤 (C00-D48)
D69.005+ N08.201*,过敏性紫癜性肾炎,051,GMXZDXSY,第2章 肿瘤 (C00-D48)
D69.101,血小板病,051,XXBB,第2章 肿瘤 (C00-D48)
D69.102,血小板机能不全(血小板无力症),051,XXBJNBQXXBWLZ,第2章 肿瘤 (C00-D48)
D69.201,单纯性紫癜,051,DCXZD,第2章 肿瘤 (C00-D48)
D69.202,老年性紫癜,051,LNXZD,第2章 肿瘤 (C00-D48)
D69.203,毛细血管扩张性环状紫瘢,051,MXXGKZXHZZB,第2章 肿瘤 (C00-D48)
D69.204,紫癜,051,ZD,第2章 肿瘤 (C00-D48)
D69.301,埃文斯综合征,051,AWSZHZ,第2章 肿瘤 (C00-D48)
D69.302,出血性紫癜,051,CXXZD,第2章 肿瘤 (C00-D48)
D69.303,特发性血小板减少性紫癜,051,TFXXXBJSXZD,第2章 肿瘤 (C00-D48)
D69.401,巨核细胞再生不良,051,JHXBZSBL,第2章 肿瘤 (C00-D48)
D69.402,免疫性血小板减少性紫癜,051,MYXXXBJSXZD,第2章 肿瘤 (C00-D48)
D69.403,无巨核细胞性血小板减少性紫癜,051,WJHXBXXXBJSXZD,第2章 肿瘤 (C00-D48)
D69.404,先天性血小板减少症,051,XTXXXBJSZ,第2章 肿瘤 (C00-D48)
D69.405,血小板减少性紫癜,051,XXBJSXZD,第2章 肿瘤 (C00-D48)
D69.406,原发性血小板减少性紫癜,051,YFXXXBJSXZD,第2章 肿瘤 (C00-D48)
D69.407,原发性血小板减少症,051,YFXXXBJSZ,第2章 肿瘤 (C00-D48)
D69.501,继发性血小板减少性紫癜,051,JFXXXBJSXZD,第2章 肿瘤 (C00-D48)
D69.502,继发性血小板减少症,051,JFXXXBJSZ,第2章 肿瘤 (C00-D48)
D69.503,药物性血小板减少性紫癜,051,YWXXXBJSXZD,第2章 肿瘤 (C00-D48)
D69.504,药物性血小板减少症,051,YWXXXBJSZ,第2章 肿瘤 (C00-D48)
D69.601,获得性巨细胞性血小板减少,051,HDXJXBXXXBJS,第2章 肿瘤 (C00-D48)
D69.602,血小板减少症,051,XXBJSZ,第2章 肿瘤 (C00-D48)
D69.801,Kasabach-Merritt综合征,051,KMZHZ,第2章 肿瘤 (C00-D48)
D69.802,血管性假血友病,051,XGXJXYB,第2章 肿瘤 (C00-D48)
D70  01,白细胞减少症,051,BXBJSZ,第2章 肿瘤 (C00-D48)
D70  02,急性粒细胞缺乏症,051,JXLXBQFZ,第2章 肿瘤 (C00-D48)
D70  03,药物性粒细胞减少,051,YWXLXBJS,第2章 肿瘤 (C00-D48)
D70  04,中性白细胞减少性脾大,051,ZXBXBJSXPD,第2章 肿瘤 (C00-D48)
D72.001,网状组织发育不全,051,WZZZFYBQ,第2章 肿瘤 (C00-D48)
D72.101,反应性嗜酸细胞增多症,051,FYXSSXBZDZ,第2章 肿瘤 (C00-D48)
D72.102,嗜酸细胞增多症,051,SSXBZDZ,第2章 肿瘤 (C00-D48)
D72.103,特发性嗜酸性粒细胞增多症,051,TFXSSXLXBZDZ,第2章 肿瘤 (C00-D48)
D72.801,白细胞增多症,051,BXBZDZ,第2章 肿瘤 (C00-D48)
D72.802,类白血病反应,051,LBXBFY,第2章 肿瘤 (C00-D48)
D72.803,单核细胞增多症,051,DHXBZDZ,第2章 肿瘤 (C00-D48)
D72.804,浆细胞增多症,051,JXBZDZ,第2章 肿瘤 (C00-D48)
D72.805,淋巴细胞减少症,051,LBXBJSZ,第2章 肿瘤 (C00-D48)
D72.806,淋巴细胞增多症,051,LBXBZDZ,第2章 肿瘤 (C00-D48)
D72.807,粒细胞增多症,051,LXBZDZ,第2章 肿瘤 (C00-D48)
D73.001,非创伤性脾萎缩,051,FCSXPWS,第2章 肿瘤 (C00-D48)
D73.002,脾切除史,051,PQCS,第2章 肿瘤 (C00-D48)
D73.101,脾机能亢进,051,PJNKJ,第2章 肿瘤 (C00-D48)
D73.201,慢性充血性脾大,051,MXCXXPD,第2章 肿瘤 (C00-D48)
D73.301,脾脓肿,051,PNZ,第2章 肿瘤 (C00-D48)
D73.401,脾囊肿,051,PNZ,第2章 肿瘤 (C00-D48)
D73.501,非创伤性脾破裂,051,FCSXPPL,第2章 肿瘤 (C00-D48)
D73.502,脾包膜下出血,051,PBMXCX,第2章 肿瘤 (C00-D48)
D73.503,脾梗塞,051,PGS,第2章 肿瘤 (C00-D48)
D73.504,脾扭转,051,PNZ,第2章 肿瘤 (C00-D48)
D73.505,自发性脾破裂,051,ZFXPPL,第2章 肿瘤 (C00-D48)
D73.801,脾浆细胞性肉芽肿,051,PJXBXRYZ,第2章 肿瘤 (C00-D48)
D73.802,脾血肿机化,051,PXZJH,第2章 肿瘤 (C00-D48)
D73.803,脾周围炎,051,PZWY,第2章 肿瘤 (C00-D48)
D73.804,脾炎性假瘤,051,PYXJL,第2章 肿瘤 (C00-D48)
D73.901,脾占位性病变,051,PZWXBB,第2章 肿瘤 (C00-D48)
D73.902,脾肿物,051,PZW,第2章 肿瘤 (C00-D48)
D74.001,先天性高铁血红蛋白血症,051,XTXGTXHDBXZ,第2章 肿瘤 (C00-D48)
D74.801,后天性高铁血红蛋白血症,051,HTXGTXHDBXZ,第2章 肿瘤 (C00-D48)
D74.901,高血红蛋白血症,051,GXHDBXZ,第2章 肿瘤 (C00-D48)
D75.001,家族性红细胞增多症,051,JZXHXBZDZ,第2章 肿瘤 (C00-D48)
D75.101,一过性红细胞增多症,051,YGXHXBZDZ,第2章 肿瘤 (C00-D48)
D75.102,继发性红细胞增多症,051,JFXHXBZDZ,第2章 肿瘤 (C00-D48)
D75.201,血小板增多,051,XXBZD,第2章 肿瘤 (C00-D48)
D75.801,骨髓坏死,051,GSHS,第2章 肿瘤 (C00-D48)
D75.802,骨髓外造血灶组织,051,GSWZXZZZ,第2章 肿瘤 (C00-D48)
D75.803,骨髓硬化,051,GSYH,第2章 肿瘤 (C00-D48)
D75.804,骨髓增生,051,GSZS,第2章 肿瘤 (C00-D48)
D75.805,化疗后骨髓抑制,051,HLHGSYZ,第2章 肿瘤 (C00-D48)
D75.806,急性造血功能抑制,051,JXZXGNYZ,第2章 肿瘤 (C00-D48)
D75.807,继发性血小板增多症,051,JFXXXBZDZ,第2章 肿瘤 (C00-D48)
D75.808,药物性骨髓抑制,051,YWXGSYZ,第2章 肿瘤 (C00-D48)
D75.809,红细胞生成障碍,051,HXBSCZA,第2章 肿瘤 (C00-D48)
D75.810,噬血细胞增多症,051,SXXBZDZ,第2章 肿瘤 (C00-D48)
D75.811,巨噬细胞激化综合征,051,JSXBJHZHZ,第2章 肿瘤 (C00-D48)
D75.901,骨髓增生减低,051,GSZSJD,第2章 肿瘤 (C00-D48)
D75.902,造血功能停滞,051,ZXGNTZ,第2章 肿瘤 (C00-D48)
D75.903,造血器官疾病,051,ZXQGJB,第2章 肿瘤 (C00-D48)
D75.904,血液系统疾病,051,XYXTJB,第2章 肿瘤 (C00-D48)
D76.001,肠嗜酸性肉芽肿,051,CSSXRYZ,第2章 肿瘤 (C00-D48)
D76.002,肺嗜酸性肉芽肿,051,FSSXRYZ,第2章 肿瘤 (C00-D48)
D76.003,骨嗜酸细胞性肉芽肿,051,GSSXBXRYZ,第2章 肿瘤 (C00-D48)
D76.004,嗜酸细胞性肉芽肿,051,SSXBXRYZ,第2章 肿瘤 (C00-D48)
D76.005,汉-许-克氏病 (慢性特发性黄瘤病),051,HXKSBMXTFXHLB,第2章 肿瘤 (C00-D48)
D76.006,颏下嗜酸性细胞增生性淋巴肉芽肿,051,KXSSXXBZSXLBRYZ,第2章 肿瘤 (C00-D48)
D76.007,胃嗜酸性肉芽肿,051,WSSXRYZ,第2章 肿瘤 (C00-D48)
D76.008,骨嗜酸性肉芽肿,051,GSSXRYZ,第2章 肿瘤 (C00-D48)
D76.009,肝嗜酸性肉芽肿,051,GSSXRYZ,第2章 肿瘤 (C00-D48)
D76.010,朗格汉斯细胞组织细胞增多症,051,LGHSXBZZXBZDZ,第2章 肿瘤 (C00-D48)
D76.301,黄色肉芽肿,051,HSRYZ,第2章 肿瘤 (C00-D48)
D76.302,网状组织细胞瘤,051,WZZZXBL,第2章 肿瘤 (C00-D48)
D76.303,组织细胞增多症,051,ZZXBZDZ,第2章 肿瘤 (C00-D48)
D76.304,组织细胞增生症X,051,ZZXBZSZ,第2章 肿瘤 (C00-D48)
D76.305,腹壁黄色肉芽肿,051,FBHSRYZ,第2章 肿瘤 (C00-D48)
D76.306,肾上腺黄色肉芽肿,051,SSXHSRYZ,第2章 肿瘤 (C00-D48)
D76.307,海蓝组织细胞综合征,051,HLZZXBZHZ,第2章 肿瘤 (C00-D48)
D80.101,低丙种球蛋白血症,051,DBZQDBXZ,第2章 肿瘤 (C00-D48)
D80.201,IgA缺乏,051,QF,第2章 肿瘤 (C00-D48)
D80.801,ANCA相关性血管炎,051,XGXXGY,第2章 肿瘤 (C00-D48)
D80.901,免疫球蛋白缺乏,051,MYQDBQF,第2章 肿瘤 (C00-D48)
D80.902,体液免疫缺乏,051,TYMYQF,第2章 肿瘤 (C00-D48)
D81.903,联合免疫缺乏,051,LHMYQF,第2章 肿瘤 (C00-D48)
D82.001,维斯科特-奥尔德里奇综合征,051,WSKTAEDLQZHZ,第2章 肿瘤 (C00-D48)
D84.101,补体成分缺乏,051,BTCFQF,第2章 肿瘤 (C00-D48)
D84.102,遗传性血管神经性水肿,051,YCXXGSJXSZ,第2章 肿瘤 (C00-D48)
D84.901,免疫缺陷病,051,MYQXB,第2章 肿瘤 (C00-D48)
D86.001,肺结节病,051,FJJB,第2章 肿瘤 (C00-D48)
D86.101,良性淋巴肉芽肿,051,LXLBRYZ,第2章 肿瘤 (C00-D48)
D86.901,结节病,051,JJB,第2章 肿瘤 (C00-D48)
D86.902,肉样瘤病(结节病),051,RYLBJJB,第2章 肿瘤 (C00-D48)
D89.001,多克隆高丙种球蛋白血症,051,DKLGBZQDBXZ,第2章 肿瘤 (C00-D48)
D89.002,高球蛋白血症性紫癜,051,GQDBXZXZD,第2章 肿瘤 (C00-D48)
D89.201,高丙种球蛋白血症,051,GBZQDBXZ,第2章 肿瘤 (C00-D48)
D89.901,POEMS综合征,051,POEMSZHZ,第2章 肿瘤 (C00-D48)
E00.901,呆小病(克汀病),053,DXBKTB,第3章 血液及造血器官疾病和某些涉及免疫机制的疾患 (D50-D89)
E01.201,幼年期缺碘性甲状腺肿,053,YNQQDXJZXZ,第3章 血液及造血器官疾病和某些涉及免疫机制的疾患 (D50-D89)
E01.801,碘性甲状腺机能减退,053,DXJZXJNJT,第3章 血液及造血器官疾病和某些涉及免疫机制的疾患 (D50-D89)
E03.001,先天性甲状腺肿,053,XTXJZXZ,第3章 血液及造血器官疾病和某些涉及免疫机制的疾患 (D50-D89)
E03.101,先天性甲状腺机能不全,053,XTXJZXJNBQ,第3章 血液及造血器官疾病和某些涉及免疫机制的疾患 (D50-D89)
E03.201,药物性甲状腺机能减退,053,YWXJZXJNJT,第3章 血液及造血器官疾病和某些涉及免疫机制的疾患 (D50-D89)
E03.202,医原性甲状腺机能减退,053,YYXJZXJNJT,第3章 血液及造血器官疾病和某些涉及免疫机制的疾患 (D50-D89)
E03.401,甲状腺萎缩,053,JZXWS,第3章 血液及造血器官疾病和某些涉及免疫机制的疾患 (D50-D89)
E03.801,继发性甲状腺机能减退,053,JFXJZXJNJT,第3章 血液及造血器官疾病和某些涉及免疫机制的疾患 (D50-D89)
E03.802,原发性甲状腺机能减退,053,YFXJZXJNJT,第3章 血液及造血器官疾病和某些涉及免疫机制的疾患 (D50-D89)
E03.901+ G73.501*,粘液水肿性肌病,053,NYSZXJB,第3章 血液及造血器官疾病和某些涉及免疫机制的疾患 (D50-D89)
E03.902,粘液性水肿,053,NYXSZ,第3章 血液及造血器官疾病和某些涉及免疫机制的疾患 (D50-D89)
E03.903+ G73.501*,甲状腺机能减退性肌病,053,JZXJNJTXJB,第3章 血液及造血器官疾病和某些涉及免疫机制的疾患 (D50-D89)
E03.904+ I43.801*,甲状腺机能减退性心脏病,053,JZXJNJTXXZB,第3章 血液及造血器官疾病和某些涉及免疫机制的疾患 (D50-D89)
E03.905,低T3综合征,053,DZHZ,第3章 血液及造血器官疾病和某些涉及免疫机制的疾患 (D50-D89)
E04.001,单纯性甲状腺肿,053,DCXJZXZ,第3章 血液及造血器官疾病和某些涉及免疫机制的疾患 (D50-D89)
E04.002,弥漫性甲状腺肿,053,MMXJZXZ,第3章 血液及造血器官疾病和某些涉及免疫机制的疾患 (D50-D89)
E04.101,甲状腺囊肿,053,JZXNZ,第3章 血液及造血器官疾病和某些涉及免疫机制的疾患 (D50-D89)
E04.102,胸骨后甲状腺囊肿,053,XGHJZXNZ,第3章 血液及造血器官疾病和某些涉及免疫机制的疾患 (D50-D89)
E04.103,甲状腺结节,053,JZXJJ,第3章 血液及造血器官疾病和某些涉及免疫机制的疾患 (D50-D89)
E04.104,甲状腺脓肿,053,JZXNZ,第3章 血液及造血器官疾病和某些涉及免疫机制的疾患 (D50-D89)
E04.801,青春期甲状腺肿,053,QCQJZXZ,第3章 血液及造血器官疾病和某些涉及免疫机制的疾患 (D50-D89)
E04.901,甲状腺肿,053,JZXZ,第3章 血液及造血器官疾病和某些涉及免疫机制的疾患 (D50-D89)
E04.902,结节性甲状腺肿,053,JJXJZXZ,第3章 血液及造血器官疾病和某些涉及免疫机制的疾患 (D50-D89)
E04.903,胸骨后甲状腺肿,053,XGHJZXZ,第3章 血液及造血器官疾病和某些涉及免疫机制的疾患 (D50-D89)
E04.904,胸骨后结节性甲状腺肿,053,XGHJJXJZXZ,第3章 血液及造血器官疾病和某些涉及免疫机制的疾患 (D50-D89)
E04.905,甲状腺肿伴囊性变,053,JZXZBNXB,第3章 血液及造血器官疾病和某些涉及免疫机制的疾患 (D50-D89)
E05.001,毒性结节性甲状腺肿,054,DXJJXJZXZ,第3章 血液及造血器官疾病和某些涉及免疫机制的疾患 (D50-D89)
E05.002,毒性弥漫性甲状腺肿,054,DXMMXJZXZ,第3章 血液及造血器官疾病和某些涉及免疫机制的疾患 (D50-D89)
E05.003+  H06.203*,恶性突眼(Graves'突眼)(浸润性突眼),054,EXTYTYJRXTY,第3章 血液及造血器官疾病和某些涉及免疫机制的疾患 (D50-D89)
E05.003+ H06.202*,眼型格林氏病,054,YXGLSB,第3章 血液及造血器官疾病和某些涉及免疫机制的疾患 (D50-D89)
E05.003+ N06.201*,弥漫性甲状腺肿伴甲状腺机能亢进,054,MMXJZXZBJZXJNKJ,第3章 血液及造血器官疾病和某些涉及免疫机制的疾患 (D50-D89)
E05.004+ H06.202*,甲状腺机能亢进性突眼,054,JZXJNKJXTY,第3章 血液及造血器官疾病和某些涉及免疫机制的疾患 (D50-D89)
E05.201,结节性甲状腺肿伴甲状腺机能亢进,054,JJXJZXZBJZXJNKJ,第3章 血液及造血器官疾病和某些涉及免疫机制的疾患 (D50-D89)
E05.301,异位甲状腺肿,054,YWJZXZ,第3章 血液及造血器官疾病和某些涉及免疫机制的疾患 (D50-D89)
E05.302,纵隔甲状腺肿,054,ZGJZXZ,第3章 血液及造血器官疾病和某些涉及免疫机制的疾患 (D50-D89)
E05.501,甲状腺危象,054,JZXWX,第3章 血液及造血器官疾病和某些涉及免疫机制的疾患 (D50-D89)
E05.801,碘原性甲状腺机能亢进,054,DYXJZXJNKJ,第3章 血液及造血器官疾病和某些涉及免疫机制的疾患 (D50-D89)
E05.802,药物性甲状腺机能亢进,054,YWXJZXJNKJ,第3章 血液及造血器官疾病和某些涉及免疫机制的疾患 (D50-D89)
E05.803,原发性甲状腺机能亢进,054,YFXJZXJNKJ,第3章 血液及造血器官疾病和某些涉及免疫机制的疾患 (D50-D89)
E05.804,亚临床甲状腺机能亢进,054,YLCJZXJNKJ,第3章 血液及造血器官疾病和某些涉及免疫机制的疾患 (D50-D89)
E05.901,甲状腺机能亢进,054,JZXJNKJ,第3章 血液及造血器官疾病和某些涉及免疫机制的疾患 (D50-D89)
E05.902+ G73.001*,肌无力综合征伴甲状腺机能亢进,054,JWLZHZBJZXJNKJ,第3章 血液及造血器官疾病和某些涉及免疫机制的疾患 (D50-D89)
E05.903+ K77.801*,甲状腺功能亢进性肝病,054,JZXGNKJXGB,第3章 血液及造血器官疾病和某些涉及免疫机制的疾患 (D50-D89)
E05.904+ I43.802*,甲状腺机能亢进性心脏病,054,JZXJNKJXXZB,第3章 血液及造血器官疾病和某些涉及免疫机制的疾患 (D50-D89)
E05.905+ G73.502*,甲状腺机能亢进性肌病,054,JZXJNKJXJB,第3章 血液及造血器官疾病和某些涉及免疫机制的疾患 (D50-D89)
E05.906,甲亢性皮肤病,054,JKXPFB,第3章 血液及造血器官疾病和某些涉及免疫机制的疾患 (D50-D89)
E06.001,急性甲状腺炎,053,JXJZXY,第3章 血液及造血器官疾病和某些涉及免疫机制的疾患 (D50-D89)
E06.101,肉芽肿型甲状腺炎,053,RYZXJZXY,第3章 血液及造血器官疾病和某些涉及免疫机制的疾患 (D50-D89)
E06.102,亚急性甲状腺炎(德.奎尔万氏甲状腺炎),053,YJXJZXYDKEWSJZXY,第3章 血液及造血器官疾病和某些涉及免疫机制的疾患 (D50-D89)
E06.301,淋巴细胞性甲状腺炎,053,LBXBXJZXY,第3章 血液及造血器官疾病和某些涉及免疫机制的疾患 (D50-D89)
E06.302,桥本氏病,053,QBSB,第3章 血液及造血器官疾病和某些涉及免疫机制的疾患 (D50-D89)
E06.303,淋巴瘤样甲状腺肿,053,LBLYJZXZ,第3章 血液及造血器官疾病和某些涉及免疫机制的疾患 (D50-D89)
E06.501,甲状腺炎性包块,053,JZXYXBK,第3章 血液及造血器官疾病和某些涉及免疫机制的疾患 (D50-D89)
E06.502,慢性甲状腺炎,053,MXJZXY,第3章 血液及造血器官疾病和某些涉及免疫机制的疾患 (D50-D89)
E06.901,甲状腺炎,053,JZXY,第3章 血液及造血器官疾病和某些涉及免疫机制的疾患 (D50-D89)
E07.001,高降钙素血症,053,GJGSXZ,第3章 血液及造血器官疾病和某些涉及免疫机制的疾患 (D50-D89)
E07.101,激素障碍性甲状腺肿,053,JSZAXJZXZ,第3章 血液及造血器官疾病和某些涉及免疫机制的疾患 (D50-D89)
E07.801,甲状腺出血,053,JZXCX,第3章 血液及造血器官疾病和某些涉及免疫机制的疾患 (D50-D89)
E07.802,甲状腺钙化,053,JZXGH,第3章 血液及造血器官疾病和某些涉及免疫机制的疾患 (D50-D89)
E07.803,甲状腺激素不敏感综合征(T4抵抗综合征),053,JZXJSBMGZHZDKZHZ,第3章 血液及造血器官疾病和某些涉及免疫机制的疾患 (D50-D89)
E07.804,甲状腺肿物,053,JZXZW,第3章 血液及造血器官疾病和某些涉及免疫机制的疾患 (D50-D89)
E07.805,手术后甲状腺瘘,053,SSHJZXL,第3章 血液及造血器官疾病和某些涉及免疫机制的疾患 (D50-D89)
E10.301,糖尿病伴有眼部改变(幼年型),055,TNBBYYBGBYNX,第3章 血液及造血器官疾病和某些涉及免疫机制的疾患 (D50-D89)
E10.401,糖尿病伴有神经炎(幼年起病型),055,TNBBYSJYYNQBX,第3章 血液及造血器官疾病和某些涉及免疫机制的疾患 (D50-D89)
E10.601,糖尿病伴有生长发育障碍(幼年起病型),055,TNBBYSCFYZAYNQBX,第3章 血液及造血器官疾病和某些涉及免疫机制的疾患 (D50-D89)
E10.901,Ⅰ型糖尿病,055,YXTNB,第3章 血液及造血器官疾病和某些涉及免疫机制的疾患 (D50-D89)
E11.301,糖尿病伴有眼部改变(成人起病型),055,TNBBYYBGBCRQBX,第3章 血液及造血器官疾病和某些涉及免疫机制的疾患 (D50-D89)
E11.401,糖尿病伴有神经炎(成人起病型),055,TNBBYSJYCRQBX,第3章 血液及造血器官疾病和某些涉及免疫机制的疾患 (D50-D89)
E11.901,Ⅱ型糖尿病,055,EXTNB,第3章 血液及造血器官疾病和某些涉及免疫机制的疾患 (D50-D89)
E13.901,肝性糖尿病,055,GXTNB,第3章 血液及造血器官疾病和某些涉及免疫机制的疾患 (D50-D89)
E13.902,继发性糖尿病,055,JFXTNB,第3章 血液及造血器官疾病和某些涉及免疫机制的疾患 (D50-D89)
E13.903,"类固醇性糖尿病,正确用药所致",055,LGCXTNBZQYYSZ,第3章 血液及造血器官疾病和某些涉及免疫机制的疾患 (D50-D89)
E13.904,医原性糖尿病,055,YYXTNB,第3章 血液及造血器官疾病和某些涉及免疫机制的疾患 (D50-D89)
E13.905,应激性糖尿病,055,YJXTNB,第3章 血液及造血器官疾病和某些涉及免疫机制的疾患 (D50-D89)
E14.001,糖尿病高渗性昏迷(糖尿病高渗性非酮症,055,TNBGSXHMTNBGSXFTZ,第3章 血液及造血器官疾病和某些涉及免疫机制的疾患 (D50-D89)
E14.002,糖尿病性昏迷,055,TNBXHM,第3章 血液及造血器官疾病和某些涉及免疫机制的疾患 (D50-D89)
E14.003,胰岛素昏迷,055,YDSHM,第3章 血液及造血器官疾病和某些涉及免疫机制的疾患 (D50-D89)
E14.014,糖尿病性高渗状态,055,TNBXGSZT,第3章 血液及造血器官疾病和某些涉及免疫机制的疾患 (D50-D89)
E14.101,糖尿病性酸中毒,055,TNBXSZD,第3章 血液及造血器官疾病和某些涉及免疫机制的疾患 (D50-D89)
E14.102,糖尿病性酮症,055,TNBXTZ,第3章 血液及造血器官疾病和某些涉及免疫机制的疾患 (D50-D89)
E14.103,糖尿病性酮症酸中毒,055,TNBXTZSZD,第3章 血液及造血器官疾病和某些涉及免疫机制的疾患 (D50-D89)
E14.201+ N08.301*,基-威氏综合征(毛细管间性肾小球硬化),055,JWSZHZMXGJXSXQYH,第3章 血液及造血器官疾病和某些涉及免疫机制的疾患 (D50-D89)
E14.202+ N08.302*,结节型糖尿病肾小球硬化,055,JJXTNBSXQYH,第3章 血液及造血器官疾病和某些涉及免疫机制的疾患 (D50-D89)
E14.203+ N08.303*,糖尿病性肾病,055,TNBXSB,第3章 血液及造血器官疾病和某些涉及免疫机制的疾患 (D50-D89)
E14.301,糖尿病并眼部病变,055,TNBBYBBB,第3章 血液及造血器官疾病和某些涉及免疫机制的疾患 (D50-D89)
E14.302+ H48.001*,DIDMOAD综合征,055,ZHZ,第3章 血液及造血器官疾病和某些涉及免疫机制的疾患 (D50-D89)
E14.303+ H28.001*,糖尿病性白内障,055,TNBXBNZ,第3章 血液及造血器官疾病和某些涉及免疫机制的疾患 (D50-D89)
E14.304+ H36.001*,糖尿病性视网膜病,055,TNBXSWMB,第3章 血液及造血器官疾病和某些涉及免疫机制的疾患 (D50-D89)
E14.305+ H28.001*,糖尿病性眼漏,055,TNBXYL,第3章 血液及造血器官疾病和某些涉及免疫机制的疾患 (D50-D89)
E14.401+ N33.801*,糖尿病性神经原性膀胱炎,055,TNBXSJYXPGY,第3章 血液及造血器官疾病和某些涉及免疫机制的疾患 (D50-D89)
E14.402+ G59.001*,糖尿病性单神经病,055,TNBXDSJB,第3章 血液及造血器官疾病和某些涉及免疫机制的疾患 (D50-D89)
E14.403+ G63.201*,糖尿病性多神经病,055,TNBXDSJB,第3章 血液及造血器官疾病和某些涉及免疫机制的疾患 (D50-D89)
E14.404+ G73.002*,糖尿病性肌萎缩,055,TNBXJWS,第3章 血液及造血器官疾病和某些涉及免疫机制的疾患 (D50-D89)
E14.405+ G59.002*,糖尿病性神经病变,055,TNBXSJBB,第3章 血液及造血器官疾病和某些涉及免疫机制的疾患 (D50-D89)
E14.406+ G59.003*,糖尿病性神经炎,055,TNBXSJY,第3章 血液及造血器官疾病和某些涉及免疫机制的疾患 (D50-D89)
E14.407+ G99.001*,糖尿病性植物神经紊乱,055,TNBXZWSJWL,第3章 血液及造血器官疾病和某些涉及免疫机制的疾患 (D50-D89)
E14.408+ G59.004*,糖尿病性周围神经病,055,TNBXZWSJB,第3章 血液及造血器官疾病和某些涉及免疫机制的疾患 (D50-D89)
E14.501,糖尿病性坏疽,055,TNBXHJ,第3章 血液及造血器官疾病和某些涉及免疫机制的疾患 (D50-D89)
E14.502+ I79.201*,糖尿病性脑血管病变,055,TNBXNXGBB,第3章 血液及造血器官疾病和某些涉及免疫机制的疾患 (D50-D89)
E14.503+ I79.202*,糖尿病性周围血管病变,055,TNBXZWXGBB,第3章 血液及造血器官疾病和某些涉及免疫机制的疾患 (D50-D89)
E14.504,糖尿病伴有周围循环改变,055,TNBBYZWXHGB,第3章 血液及造血器官疾病和某些涉及免疫机制的疾患 (D50-D89)
E14.601,糖尿病合并其他特指的并发症,055,TNBHBQTTZDBFZ,第3章 血液及造血器官疾病和某些涉及免疫机制的疾患 (D50-D89)
E14.602,糖尿病性骨病,055,TNBXGB,第3章 血液及造血器官疾病和某些涉及免疫机制的疾患 (D50-D89)
E14.603,糖尿病性皮肤病,055,TNBXPFB,第3章 血液及造血器官疾病和某些涉及免疫机制的疾患 (D50-D89)
E14.604,糖尿病性牙周病,055,TNBXYZB,第3章 血液及造血器官疾病和某些涉及免疫机制的疾患 (D50-D89)
E14.605,糖尿病性硬皮病,055,TNBXYPB,第3章 血液及造血器官疾病和某些涉及免疫机制的疾患 (D50-D89)
E14.606,糖尿病性足病,055,TNBXZB,第3章 血液及造血器官疾病和某些涉及免疫机制的疾患 (D50-D89)
E14.607+ R23.801*,糖尿病性大疱病,159,TNBXDPB,第3章 血液及造血器官疾病和某些涉及免疫机制的疾患 (D50-D89)
E14.608+ N33.802*,糖尿病性神经源性膀胱,055,TNBXSJYXPG,第3章 血液及造血器官疾病和某些涉及免疫机制的疾患 (D50-D89)
E14.609+ M14.602*,糖尿病性夏科氏关节病,055,TNBXXKSGJB,第3章 血液及造血器官疾病和某些涉及免疫机制的疾患 (D50-D89)
E14.610+ I43.803*,糖尿病性心脏病,055,TNBXXZB,第3章 血液及造血器官疾病和某些涉及免疫机制的疾患 (D50-D89)
E14.614,糖尿病膀胱,055,TNBPG,第3章 血液及造血器官疾病和某些涉及免疫机制的疾患 (D50-D89)
E14.615,糖尿病性腹泻(成人起病型),055,TNBXFXCRQBX,第3章 血液及造血器官疾病和某些涉及免疫机制的疾患 (D50-D89)
E14.616,糖尿病性肠病,055,TNBXCB,第3章 血液及造血器官疾病和某些涉及免疫机制的疾患 (D50-D89)
E14.617,糖尿病胃轻瘫,055,TNBWQT,第3章 血液及造血器官疾病和某些涉及免疫机制的疾患 (D50-D89)
E14.618,糖尿病伴脑血管病,055,TNBBNXGB,第3章 血液及造血器官疾病和某些涉及免疫机制的疾患 (D50-D89)
E14.619,糖尿病支气管炎,055,TNBZQGY,第3章 血液及造血器官疾病和某些涉及免疫机制的疾患 (D50-D89)
E14.620,糖尿病合并低血糖,055,TNBHBDXT,第3章 血液及造血器官疾病和某些涉及免疫机制的疾患 (D50-D89)
E14.621,糖尿病并泌尿系感染,055,TNBBMNXGR,第3章 血液及造血器官疾病和某些涉及免疫机制的疾患 (D50-D89)
E14.622,糖尿病性肝肿大,055,TNBXGZD,第3章 血液及造血器官疾病和某些涉及免疫机制的疾患 (D50-D89)
E14.623,糖尿病并皮肤损害,055,TNBBPFSH,第3章 血液及造血器官疾病和某些涉及免疫机制的疾患 (D50-D89)
E14.624,糖尿病性心肌炎,055,TNBXXJY,第3章 血液及造血器官疾病和某些涉及免疫机制的疾患 (D50-D89)
E14.901,糖尿病,055,TNB,第3章 血液及造血器官疾病和某些涉及免疫机制的疾患 (D50-D89)
E15  01,低血糖性昏迷,053,DXTXHM,第3章 血液及造血器官疾病和某些涉及免疫机制的疾患 (D50-D89)
E16.001,药物性低血糖,053,YWXDXT,第3章 血液及造血器官疾病和某些涉及免疫机制的疾患 (D50-D89)
E16.101,反应性低血糖症(餐后低血糖症),053,FYXDXTZCHDXTZ,第3章 血液及造血器官疾病和某些涉及免疫机制的疾患 (D50-D89)
E16.102,高胰岛素血症,053,GYDSXZ,第3章 血液及造血器官疾病和某些涉及免疫机制的疾患 (D50-D89)
E16.201,低血糖症,053,DXTZ,第3章 血液及造血器官疾病和某些涉及免疫机制的疾患 (D50-D89)
E16.801,促胃液素分泌异常,053,CWYSFMYC,第3章 血液及造血器官疾病和某些涉及免疫机制的疾患 (D50-D89)
E16.802,高胃泌素血症,053,GWMSXZ,第3章 血液及造血器官疾病和某些涉及免疫机制的疾患 (D50-D89)
E16.803,佐-埃氏综合征(胰的促胃液素瘤),053,ASZHZYDCWYSL,第3章 血液及造血器官疾病和某些涉及免疫机制的疾患 (D50-D89)
E16.901,胰岛细胞增生症,053,YDXBZSZ,第3章 血液及造血器官疾病和某些涉及免疫机制的疾患 (D50-D89)
E16.902,胰岛素抵抗综合征,053,YDSDKZHZ,第3章 血液及造血器官疾病和某些涉及免疫机制的疾患 (D50-D89)
E20.001,原发性甲状旁腺机能减退,053,YFXJZPXJNJT,第3章 血液及造血器官疾病和某些涉及免疫机制的疾患 (D50-D89)
E20.101,假假性甲状旁腺机能亢进,053,JJXJZPXJNKJ,第3章 血液及造血器官疾病和某些涉及免疫机制的疾患 (D50-D89)
E20.102,假性甲状旁腺机能减退,053,JXJZPXJNJT,第3章 血液及造血器官疾病和某些涉及免疫机制的疾患 (D50-D89)
E20.801,继发性甲状旁腺机能减退,053,JFXJZPXJNJT,第3章 血液及造血器官疾病和某些涉及免疫机制的疾患 (D50-D89)
E20.901,甲状旁腺机能减退,053,JZPXJNJT,第3章 血液及造血器官疾病和某些涉及免疫机制的疾患 (D50-D89)
E20.902,甲状旁腺性手足搐搦,053,JZPXXSZCN,第3章 血液及造血器官疾病和某些涉及免疫机制的疾患 (D50-D89)
E20.903+ H28.101*,"低钙性白内障,于甲状旁腺机能减退",053,DGXBNZYJZPXJNJT,第3章 血液及造血器官疾病和某些涉及免疫机制的疾患 (D50-D89)
E21.001,甲状旁腺增生,053,JZPXZS,第3章 血液及造血器官疾病和某些涉及免疫机制的疾患 (D50-D89)
E21.002,上肢骨囊性纤维性骨炎,053,SZGNXXWXGY,第3章 血液及造血器官疾病和某些涉及免疫机制的疾患 (D50-D89)
E21.003,下颌骨囊性纤维性骨炎,053,XHGNXXWXGY,第3章 血液及造血器官疾病和某些涉及免疫机制的疾患 (D50-D89)
E21.004,下肢骨囊性纤维性骨炎,053,XZGNXXWXGY,第3章 血液及造血器官疾病和某些涉及免疫机制的疾患 (D50-D89)
E21.005,原发性甲状旁腺机能亢进,053,YFXJZPXJNKJ,第3章 血液及造血器官疾病和某些涉及免疫机制的疾患 (D50-D89)
E21.101,继发性甲状旁腺机能亢进,053,JFXJZPXJNKJ,第3章 血液及造血器官疾病和某些涉及免疫机制的疾患 (D50-D89)
E21.301,甲状旁腺机能亢进,053,JZPXJNKJ,第3章 血液及造血器官疾病和某些涉及免疫机制的疾患 (D50-D89)
E21.401,甲状旁腺出血,053,JZPXCX,第3章 血液及造血器官疾病和某些涉及免疫机制的疾患 (D50-D89)
E21.402,甲状旁腺囊肿,053,JZPXNZ,第3章 血液及造血器官疾病和某些涉及免疫机制的疾患 (D50-D89)
E22.001,巨人症,053,JRZ,第3章 血液及造血器官疾病和某些涉及免疫机制的疾患 (D50-D89)
E22.002,生长激素生成过多,053,SCJSSCGD,第3章 血液及造血器官疾病和某些涉及免疫机制的疾患 (D50-D89)
E22.003,肢端肥大症,053,ZDFDZ,第3章 血液及造血器官疾病和某些涉及免疫机制的疾患 (D50-D89)
E22.101,高泌乳素血症,053,GMRSXZ,第3章 血液及造血器官疾病和某些涉及免疫机制的疾患 (D50-D89)
E22.201,抗利尿激素分泌异常综合征,053,KLNJSFMYCZHZ,第3章 血液及造血器官疾病和某些涉及免疫机制的疾患 (D50-D89)
E22.901,垂体机能亢进,053,CTJNKJ,第3章 血液及造血器官疾病和某些涉及免疫机制的疾患 (D50-D89)
E23.001+ G73.503*,垂体功能减退性肌病,053,CTGNJTXJB,第3章 血液及造血器官疾病和某些涉及免疫机制的疾患 (D50-D89)
E23.002,卡尔曼氏综合征(嗅觉缺失-性腺机能减退,053,KEMSZHZXJQSXXJNJT,第3章 血液及造血器官疾病和某些涉及免疫机制的疾患 (D50-D89)
E23.003,产后垂体坏死(席汉氏病),053,CHCTHSXHSB,第3章 血液及造血器官疾病和某些涉及免疫机制的疾患 (D50-D89)
E23.004,席汉氏综合征(产后垂体机能不全综合征),053,XHSZHZCHCTJNBQZHZ,第3章 血液及造血器官疾病和某些涉及免疫机制的疾患 (D50-D89)
E23.005,产后垂体前叶机能减退危象,053,CHCTQYJNJTWX,第3章 血液及造血器官疾病和某些涉及免疫机制的疾患 (D50-D89)
E23.006,垂体功能低下,053,CTGNDX,第3章 血液及造血器官疾病和某些涉及免疫机制的疾患 (D50-D89)
E23.007,垂体机能减退,053,CTJNJT,第3章 血液及造血器官疾病和某些涉及免疫机制的疾患 (D50-D89)
E23.008,垂体前叶机能减退,053,CTQYJNJT,第3章 血液及造血器官疾病和某些涉及免疫机制的疾患 (D50-D89)
E23.009,垂体前叶机能减退危象,053,CTQYJNJTWX,第3章 血液及造血器官疾病和某些涉及免疫机制的疾患 (D50-D89)
E23.010,垂体性侏儒,053,CTXZR,第3章 血液及造血器官疾病和某些涉及免疫机制的疾患 (D50-D89)
E23.011,孤立性促性腺激素缺乏,053,GLXCXXJSQF,第3章 血液及造血器官疾病和某些涉及免疫机制的疾患 (D50-D89)
E23.012,全垂体机能减退,053,QCTJNJT,第3章 血液及造血器官疾病和某些涉及免疫机制的疾患 (D50-D89)
E23.013,生长激素缺乏症,053,SCJSQFZ,第3章 血液及造血器官疾病和某些涉及免疫机制的疾患 (D50-D89)
E23.014,停经泌乳综合征,053,TJMRZHZ,第3章 血液及造血器官疾病和某些涉及免疫机制的疾患 (D50-D89)
E23.015,西蒙氏病,053,XMSB,第3章 血液及造血器官疾病和某些涉及免疫机制的疾患 (D50-D89)
E23.016,垂体柄阻断综合征,053,CTBZDZHZ,第3章 血液及造血器官疾病和某些涉及免疫机制的疾患 (D50-D89)
E23.201,脑外伤后尿崩症,053,NWSHNBZ,第3章 血液及造血器官疾病和某些涉及免疫机制的疾患 (D50-D89)
E23.202,尿崩症(垂体性尿崩症),053,NBZCTXNBZ,第3章 血液及造血器官疾病和某些涉及免疫机制的疾患 (D50-D89)
E23.203,垂体尿崩症,053,CTNBZ,第3章 血液及造血器官疾病和某些涉及免疫机制的疾患 (D50-D89)
E23.204,中枢性完全性尿崩症,053,ZSXWQXNBZ,第3章 血液及造血器官疾病和某些涉及免疫机制的疾患 (D50-D89)
E23.205,继发性尿崩症,053,JFXNBZ,第3章 血液及造血器官疾病和某些涉及免疫机制的疾患 (D50-D89)
E23.301,垂体机能不良,053,CTJNBL,第3章 血液及造血器官疾病和某些涉及免疫机制的疾患 (D50-D89)
E23.302,下丘脑综合征,053,XQNZHZ,第3章 血液及造血器官疾病和某些涉及免疫机制的疾患 (D50-D89)
E23.303,下丘脑--垂体功能紊乱,053,XQNCTGNWL,第3章 血液及造血器官疾病和某些涉及免疫机制的疾患 (D50-D89)
E23.601,鞍区病变,053,AQBB,第3章 血液及造血器官疾病和某些涉及免疫机制的疾患 (D50-D89)
E23.602,垂体疤痕形成,053,CTBHXC,第3章 血液及造血器官疾病和某些涉及免疫机制的疾患 (D50-D89)
E23.603,垂体出血,053,CTCX,第3章 血液及造血器官疾病和某些涉及免疫机制的疾患 (D50-D89)
E23.604,垂体钙化,053,CTGH,第3章 血液及造血器官疾病和某些涉及免疫机制的疾患 (D50-D89)
E23.605,垂体管囊肿,053,CTGNZ,第3章 血液及造血器官疾病和某些涉及免疫机制的疾患 (D50-D89)
E23.606,垂体囊肿,053,CTNZ,第3章 血液及造血器官疾病和某些涉及免疫机制的疾患 (D50-D89)
E23.607,垂体脓肿,053,CTNZ,第3章 血液及造血器官疾病和某些涉及免疫机制的疾患 (D50-D89)
E23.608,垂体炎,053,CTY,第3章 血液及造血器官疾病和某些涉及免疫机制的疾患 (D50-D89)
E23.608+,垂体腺炎,053,CTXY,第3章 血液及造血器官疾病和某些涉及免疫机制的疾患 (D50-D89)
E23.609,垂体性肥胖,053,CTXFP,第3章 血液及造血器官疾病和某些涉及免疫机制的疾患 (D50-D89)
E23.610,垂体增大,053,CTZD,第3章 血液及造血器官疾病和某些涉及免疫机制的疾患 (D50-D89)
E23.611,下丘脑性肥胖,053,XQNXFP,第3章 血液及造血器官疾病和某些涉及免疫机制的疾患 (D50-D89)
E23.612,垂体肿物,053,CTZW,第3章 血液及造血器官疾病和某些涉及免疫机制的疾患 (D50-D89)
E23.613,垂体卒中,053,CTZZ,第3章 血液及造血器官疾病和某些涉及免疫机制的疾患 (D50-D89)
E23.614,蝶鞍扩大,053,DAKD,第3章 血液及造血器官疾病和某些涉及免疫机制的疾患 (D50-D89)
E23.615,反馈性垂体瘤综合征,053,FKXCTLZHZ,第3章 血液及造血器官疾病和某些涉及免疫机制的疾患 (D50-D89)
E23.616,肥胖性生殖无能症,053,FPXSZWNZ,第3章 血液及造血器官疾病和某些涉及免疫机制的疾患 (D50-D89)
E23.617,间脑综合征,053,JNZHZ,第3章 血液及造血器官疾病和某些涉及免疫机制的疾患 (D50-D89)
E23.618,空泡蝶鞍综合症,053,KPDAZHZ,第3章 血液及造血器官疾病和某些涉及免疫机制的疾患 (D50-D89)
E23.620,拉克氏(Rathke’s)囊肿,053,LKSNZ,第3章 血液及造血器官疾病和某些涉及免疫机制的疾患 (D50-D89)
E23.621,垂体危象,053,CTWX,第3章 血液及造血器官疾病和某些涉及免疫机制的疾患 (D50-D89)
E24.001,垂体促肾上腺皮质激素分类过多,053,CTCSSXPZJSFLGD,第3章 血液及造血器官疾病和某些涉及免疫机制的疾患 (D50-D89)
E24.002,促肾上腺皮质激素生成过多,053,CSSXPZJSSCGD,第3章 血液及造血器官疾病和某些涉及免疫机制的疾患 (D50-D89)
E24.003,垂体性嗜碱细胞增生,053,CTXSJXBZS,第3章 血液及造血器官疾病和某些涉及免疫机制的疾患 (D50-D89)
E24.101,纳尔逊氏综合征,053,NEXSZHZ,第3章 血液及造血器官疾病和某些涉及免疫机制的疾患 (D50-D89)
E24.201,"药物性皮质醇增多症,正确用药",053,YWXPZCZDZZQYY,第3章 血液及造血器官疾病和某些涉及免疫机制的疾患 (D50-D89)
E24.202,类库欣综合征,053,LKXZHZ,第3章 血液及造血器官疾病和某些涉及免疫机制的疾患 (D50-D89)
E24.203,医原性皮质醇增多症,053,YYXPZCZDZ,第3章 血液及造血器官疾病和某些涉及免疫机制的疾患 (D50-D89)
E24.301,异位促肾上腺皮质激素瘤,053,YWCSSXPZJSL,第3章 血液及造血器官疾病和某些涉及免疫机制的疾患 (D50-D89)
E24.302,异位促肾上腺皮质激素综合征(ACTH),053,YWCSSXPZJSZHZ,第3章 血液及造血器官疾病和某些涉及免疫机制的疾患 (D50-D89)
E24.801,继发性肾上腺皮质功能亢进,053,JFXSSXPZGNKJ,第3章 血液及造血器官疾病和某些涉及免疫机制的疾患 (D50-D89)
E24.901,库欣综合征,053,KXZHZ,第3章 血液及造血器官疾病和某些涉及免疫机制的疾患 (D50-D89)
E25.001,11-羟化酶缺陷,053,QHMQX,第3章 血液及造血器官疾病和某些涉及免疫机制的疾患 (D50-D89)
E25.002,17-羟化酶缺陷,053,QHMQX,第3章 血液及造血器官疾病和某些涉及免疫机制的疾患 (D50-D89)
E25.003,21-羟化酶缺陷,053,QHMQX,第3章 血液及造血器官疾病和某些涉及免疫机制的疾患 (D50-D89)
E25.004,男性肾上腺增生性性早熟,053,NXSSXZSXXZS,第3章 血液及造血器官疾病和某些涉及免疫机制的疾患 (D50-D89)
E25.005,女性男性化,053,NXNXH,第3章 血液及造血器官疾病和某些涉及免疫机制的疾患 (D50-D89)
E25.006,先天性肾上腺皮质增生,053,XTXSSXPZZS,第3章 血液及造血器官疾病和某些涉及免疫机制的疾患 (D50-D89)
E25.007,早熟性巨睾症,053,ZSXJGZ,第3章 血液及造血器官疾病和某些涉及免疫机制的疾患 (D50-D89)
E25.008,3-甲基巴豆酶辅酶A羟化酶缺乏症,053,JJBDMFMQHMQFZ,第3章 血液及造血器官疾病和某些涉及免疫机制的疾患 (D50-D89)
E25.801,假性性早熟,053,JXXZS,第3章 血液及造血器官疾病和某些涉及免疫机制的疾患 (D50-D89)
E25.802,女性肾上腺性假两性畸形,053,NXSSXXJLXJX,第3章 血液及造血器官疾病和某些涉及免疫机制的疾患 (D50-D89)
E25.901,肾上腺性征综合征,053,SSXXZZHZ,第3章 血液及造血器官疾病和某些涉及免疫机制的疾患 (D50-D89)
E26.001,Liddle's综合症,053,ZHZ,第3章 血液及造血器官疾病和某些涉及免疫机制的疾患 (D50-D89)
E26.002,原发性醛固酮增多症(低肾素性醛固酮增,053,YFXQGTZDZDSSXQGTZ,第3章 血液及造血器官疾病和某些涉及免疫机制的疾患 (D50-D89)
E26.101,继发性醛固酮增多症,053,JFXQGTZDZ,第3章 血液及造血器官疾病和某些涉及免疫机制的疾患 (D50-D89)
E26.801,巴特综合征(血压正常性醛固酮增多),053,BTZHZXYZCXQGTZD,第3章 血液及造血器官疾病和某些涉及免疫机制的疾患 (D50-D89)
E26.802,高肾素性醛固酮增多症,053,GSSXQGTZDZ,第3章 血液及造血器官疾病和某些涉及免疫机制的疾患 (D50-D89)
E26.901,醛固酮增多症,053,QGTZDZ,第3章 血液及造血器官疾病和某些涉及免疫机制的疾患 (D50-D89)
E27.001,肾上腺皮质机能亢进,053,SSXPZJNKJ,第3章 血液及造血器官疾病和某些涉及免疫机制的疾患 (D50-D89)
E27.101,阿狄森氏病,053,ADSSB,第3章 血液及造血器官疾病和某些涉及免疫机制的疾患 (D50-D89)
E27.201,阿狄森氏病危象,053,ADSSBWX,第3章 血液及造血器官疾病和某些涉及免疫机制的疾患 (D50-D89)
E27.202,肾上腺皮质危象,053,SSXPZWX,第3章 血液及造血器官疾病和某些涉及免疫机制的疾患 (D50-D89)
E27.401,假性低醛固酮血症,053,JXDQGTXZ,第3章 血液及造血器官疾病和某些涉及免疫机制的疾患 (D50-D89)
E27.402,肾上腺出血,053,SSXCX,第3章 血液及造血器官疾病和某些涉及免疫机制的疾患 (D50-D89)
E27.403,肾上腺坏死,053,SSXHS,第3章 血液及造血器官疾病和某些涉及免疫机制的疾患 (D50-D89)
E27.404,肾上腺皮质机能减退,053,SSXPZJNJT,第3章 血液及造血器官疾病和某些涉及免疫机制的疾患 (D50-D89)
E27.405,肾上腺皮质萎缩,053,SSXPZWS,第3章 血液及造血器官疾病和某些涉及免疫机制的疾患 (D50-D89)
E27.406,继发性肾上皮质功能不全,053,JFXSSPZGNBQ,第3章 血液及造血器官疾病和某些涉及免疫机制的疾患 (D50-D89)
E27.501,儿茶酚胺分泌过多,053,ECFAFMGD,第3章 血液及造血器官疾病和某些涉及免疫机制的疾患 (D50-D89)
E27.801,肾上腺囊肿,053,SSXNZ,第3章 血液及造血器官疾病和某些涉及免疫机制的疾患 (D50-D89)
E27.802,肾上腺脓肿,053,SSXNZ,第3章 血液及造血器官疾病和某些涉及免疫机制的疾患 (D50-D89)
E27.803,肾上腺皮质增生,053,SSXPZZS,第3章 血液及造血器官疾病和某些涉及免疫机制的疾患 (D50-D89)
E27.804,肾上腺炎,053,SSXY,第3章 血液及造血器官疾病和某些涉及免疫机制的疾患 (D50-D89)
E27.805,肾上腺增生,053,SSXZS,第3章 血液及造血器官疾病和某些涉及免疫机制的疾患 (D50-D89)
E27.806,肾上腺肿块,053,SSXZK,第3章 血液及造血器官疾病和某些涉及免疫机制的疾患 (D50-D89)
E27.807,肾上腺肿物,053,SSXZW,第3章 血液及造血器官疾病和某些涉及免疫机制的疾患 (D50-D89)
E27.808,佐滕综合征,053,TZHZ,第3章 血液及造血器官疾病和某些涉及免疫机制的疾患 (D50-D89)
E27.809,肾上腺假囊肿,053,SSXJNZ,第3章 血液及造血器官疾病和某些涉及免疫机制的疾患 (D50-D89)
E27.901,肾上腺病变,053,SSXBB,第3章 血液及造血器官疾病和某些涉及免疫机制的疾患 (D50-D89)
E28.001,雌激素过多症,053,CJSGDZ,第3章 血液及造血器官疾病和某些涉及免疫机制的疾患 (D50-D89)
E28.101,卵巢雄激素分泌过多,053,LCXJSFMGD,第3章 血液及造血器官疾病和某些涉及免疫机制的疾患 (D50-D89)
E28.201,多囊卵巢综合征(斯-利二氏综合征),053,DNLCZHZSLESZHZ,第3章 血液及造血器官疾病和某些涉及免疫机制的疾患 (D50-D89)
E28.202,多囊性卵巢综合症,053,DNXLCZHZ,第3章 血液及造血器官疾病和某些涉及免疫机制的疾患 (D50-D89)
E28.301,早发绝经,053,ZFJJ,第3章 血液及造血器官疾病和某些涉及免疫机制的疾患 (D50-D89)
E28.302,卵巢功能减退,053,LCGNJT,第3章 血液及造血器官疾病和某些涉及免疫机制的疾患 (D50-D89)
E28.303,卵巢衰竭,053,LCSJ,第3章 血液及造血器官疾病和某些涉及免疫机制的疾患 (D50-D89)
E28.304,卵巢早衰,053,LCZS,第3章 血液及造血器官疾病和某些涉及免疫机制的疾患 (D50-D89)
E28.305,女性性腺功能低下,053,NXXXGNDX,第3章 血液及造血器官疾病和某些涉及免疫机制的疾患 (D50-D89)
E28.801,卵巢过度刺激综合征,053,LCGDCJZHZ,第3章 血液及造血器官疾病和某些涉及免疫机制的疾患 (D50-D89)
E28.802,卵巢机能低下,053,LCJNDX,第3章 血液及造血器官疾病和某些涉及免疫机制的疾患 (D50-D89)
E29.001,睾丸激素分泌过多,053,GWJSFMGD,第3章 血液及造血器官疾病和某些涉及免疫机制的疾患 (D50-D89)
E29.101,5α-还原酶缺乏,053,AHYMQF,第3章 血液及造血器官疾病和某些涉及免疫机制的疾患 (D50-D89)
E29.102,男性性腺功能低下,053,NXXXGNDX,第3章 血液及造血器官疾病和某些涉及免疫机制的疾患 (D50-D89)
E29.103,原发性睾丸机能减退,053,YFXGWJNJT,第3章 血液及造血器官疾病和某些涉及免疫机制的疾患 (D50-D89)
E29.801,幼稚型睾丸,053,YZXGW,第3章 血液及造血器官疾病和某些涉及免疫机制的疾患 (D50-D89)
E30.001,第二性征发育不全,053,DEXZFYBQ,第3章 血液及造血器官疾病和某些涉及免疫机制的疾患 (D50-D89)
E30.002,青春期延迟,053,QCQYC,第3章 血液及造血器官疾病和某些涉及免疫机制的疾患 (D50-D89)
E30.003,性发育迟缓,053,XFYCH,第3章 血液及造血器官疾病和某些涉及免疫机制的疾患 (D50-D89)
E30.004,幼稚型子宫,053,YZXZG,第3章 血液及造血器官疾病和某些涉及免疫机制的疾患 (D50-D89)
E30.101,性早熟,053,XZS,第3章 血液及造血器官疾病和某些涉及免疫机制的疾患 (D50-D89)
E30.102,真性性早熟,053,ZXXZS,第3章 血液及造血器官疾病和某些涉及免疫机制的疾患 (D50-D89)
E30.103,中枢性性早熟,053,ZSXXZS,第3章 血液及造血器官疾病和某些涉及免疫机制的疾患 (D50-D89)
E31.001,施密特氏综合征(甲状腺-肾上腺皮质的),053,SMTSZHZJZXSSXPZD,第3章 血液及造血器官疾病和某些涉及免疫机制的疾患 (D50-D89)
E31.901,多发性内分泌腺病,053,DFXNFMXB,第3章 血液及造血器官疾病和某些涉及免疫机制的疾患 (D50-D89)
E31.902,多腺体功能障碍,053,DXTGNZA,第3章 血液及造血器官疾病和某些涉及免疫机制的疾患 (D50-D89)
E32.001,先天性胸腺肥大,053,XTXXXFD,第3章 血液及造血器官疾病和某些涉及免疫机制的疾患 (D50-D89)
E32.002,胸腺增生,053,XXZS,第3章 血液及造血器官疾病和某些涉及免疫机制的疾患 (D50-D89)
E32.101,胸腺脓肿,053,XXNZ,第3章 血液及造血器官疾病和某些涉及免疫机制的疾患 (D50-D89)
E32.801,胸腺淋巴体质,053,XXLBTZ,第3章 血液及造血器官疾病和某些涉及免疫机制的疾患 (D50-D89)
E32.802,胸腺囊肿,053,XXNZ,第3章 血液及造血器官疾病和某些涉及免疫机制的疾患 (D50-D89)
E32.803,胸腺萎缩,053,XXWS,第3章 血液及造血器官疾病和某些涉及免疫机制的疾患 (D50-D89)
E32.804,胸腺咽管瘘,053,XXYGL,第3章 血液及造血器官疾病和某些涉及免疫机制的疾患 (D50-D89)
E34.001,类癌综合征,053,LAZHZ,第3章 血液及造血器官疾病和某些涉及免疫机制的疾患 (D50-D89)
E34.301,家族性身材矮小,053,JZXSCAX,第3章 血液及造血器官疾病和某些涉及免疫机制的疾患 (D50-D89)
E34.302,侏儒症,053,ZRZ,第3章 血液及造血器官疾病和某些涉及免疫机制的疾患 (D50-D89)
E34.303,体质性矮小,053,TZXAX,第3章 血液及造血器官疾病和某些涉及免疫机制的疾患 (D50-D89)
E34.304,原基性侏儒,053,YJXZR,第3章 血液及造血器官疾病和某些涉及免疫机制的疾患 (D50-D89)
E34.305,生长激素不敏感综合征（Laron综合征）,053,SZJSBMGZHZZHZ,第3章 血液及造血器官疾病和某些涉及免疫机制的疾患 (D50-D89)
E34.501,睾丸女性化,053,GWNXH,第3章 血液及造血器官疾病和某些涉及免疫机制的疾患 (D50-D89)
E34.502,男性假两性畸形伴有睾丸女性化,053,NXJLXJXBYGWNXH,第3章 血液及造血器官疾病和某些涉及免疫机制的疾患 (D50-D89)
E34.801,松果体功能障碍,053,SGTGNZA,第3章 血液及造血器官疾病和某些涉及免疫机制的疾患 (D50-D89)
E34.802,早老症,053,ZLZ,第3章 血液及造血器官疾病和某些涉及免疫机制的疾患 (D50-D89)
E34.803,松果体囊肿,053,SGTNZ,第3章 血液及造血器官疾病和某些涉及免疫机制的疾患 (D50-D89)
E34.901+ G73.504*,内分泌性肌病,053,NFMXJB,第3章 血液及造血器官疾病和某些涉及免疫机制的疾患 (D50-D89)
E40  01,恶性营养不良(夸希奥科病),053,EXYYBLKXAKB,第3章 血液及造血器官疾病和某些涉及免疫机制的疾患 (D50-D89)
E41  01,消瘦,053,XS,第3章 血液及造血器官疾病和某些涉及免疫机制的疾患 (D50-D89)
E43  01,严重营养不良,053,YCYYBL,第3章 血液及造血器官疾病和某些涉及免疫机制的疾患 (D50-D89)
E43  02,营养性水肿,053,YYXSZ,第3章 血液及造血器官疾病和某些涉及免疫机制的疾患 (D50-D89)
E43  03,重度营养不良,053,ZDYYBL,第3章 血液及造血器官疾病和某些涉及免疫机制的疾患 (D50-D89)
E44.001,中度营养不良,053,ZDYYBL,第3章 血液及造血器官疾病和某些涉及免疫机制的疾患 (D50-D89)
E44.101,轻度营养不良,053,QDYYBL,第3章 血液及造血器官疾病和某些涉及免疫机制的疾患 (D50-D89)
E45  01,营养不良性发育缓慢,053,YYBLXFYHM,第3章 血液及造血器官疾病和某些涉及免疫机制的疾患 (D50-D89)
E46  01,蛋白缺乏,053,DBQF,第3章 血液及造血器官疾病和某些涉及免疫机制的疾患 (D50-D89)
E46  02,低蛋白性营养不良,053,DDBXYYBL,第3章 血液及造血器官疾病和某些涉及免疫机制的疾患 (D50-D89)
E46  03,营养不良,053,YYBL,第3章 血液及造血器官疾病和某些涉及免疫机制的疾患 (D50-D89)
E50.001+ H13.801*,维生素Ａ缺乏合并结膜干燥病,053,WSSQFHBJMGZB,第3章 血液及造血器官疾病和某些涉及免疫机制的疾患 (D50-D89)
E50.201+ H19.801*,维生素Ａ缺乏合并角膜干燥病,053,WSSQFHBJMGZB,第3章 血液及造血器官疾病和某些涉及免疫机制的疾患 (D50-D89)
E50.401+ H19.804*,维生素Ａ缺乏合并角膜软化,053,WSSQFHBJMRH,第3章 血液及造血器官疾病和某些涉及免疫机制的疾患 (D50-D89)
E50.501+ H58.101*,维生素Ａ缺乏合并夜盲症,053,WSSQFHBYMZ,第3章 血液及造血器官疾病和某些涉及免疫机制的疾患 (D50-D89)
E50.601+ H19.802*,维生素Ａ缺乏合并角膜干眼性瘢痕,053,WSSQFHBJMGYXBH,第3章 血液及造血器官疾病和某些涉及免疫机制的疾患 (D50-D89)
E50.701+ H19.803*,维生素Ａ缺乏合并干眼症,053,WSSQFHBGYZ,第3章 血液及造血器官疾病和某些涉及免疫机制的疾患 (D50-D89)
E50.801+ L86  01*,维生素Ａ缺乏合并皮肤干燥病,053,WSSQFHBPFGZB,第3章 血液及造血器官疾病和某些涉及免疫机制的疾患 (D50-D89)
E50.901,维生素A缺乏,053,WSSQF,第3章 血液及造血器官疾病和某些涉及免疫机制的疾患 (D50-D89)
E51.101,脚气病,053,JQB,第3章 血液及造血器官疾病和某些涉及免疫机制的疾患 (D50-D89)
E51.102+ G63.401,糙皮病性多神经炎,053,CPBXDSJY,第3章 血液及造血器官疾病和某些涉及免疫机制的疾患 (D50-D89)
E51.103+ G63.402*,脚气病性多神经炎,060,JQBXDSJY,第3章 血液及造血器官疾病和某些涉及免疫机制的疾患 (D50-D89)
E51.104+ I98.801*,脚气病性心脏病,053,JQBXXZB,第3章 血液及造血器官疾病和某些涉及免疫机制的疾患 (D50-D89)
E51.201+ G32.801*,韦尼克氏脑病(急性出血性脑灰质炎),053,WNKSNBJXCXXNHZY,第3章 血液及造血器官疾病和某些涉及免疫机制的疾患 (D50-D89)
E51.901,维生素B1缺乏(硫胺素缺乏),053,WSSQFLASQF,第3章 血液及造血器官疾病和某些涉及免疫机制的疾患 (D50-D89)
E52  01,糙皮病(陪粒格),053,CPBPLG,第3章 血液及造血器官疾病和某些涉及免疫机制的疾患 (D50-D89)
E52  02,酒精性糙皮病,053,JJXCPB,第3章 血液及造血器官疾病和某些涉及免疫机制的疾患 (D50-D89)
E52  03,眼睑蜀黍红斑(睑糙皮病),053,YJSSHBJCPB,第3章 血液及造血器官疾病和某些涉及免疫机制的疾患 (D50-D89)
E53.001,核黄素缺乏,053,HHSQF,第3章 血液及造血器官疾病和某些涉及免疫机制的疾患 (D50-D89)
E53.101,维生素B6缺乏,053,WSSQF,第3章 血液及造血器官疾病和某些涉及免疫机制的疾患 (D50-D89)
E53.801,维生素B12缺乏,053,WSSQF,第3章 血液及造血器官疾病和某些涉及免疫机制的疾患 (D50-D89)
E53.802,叶酸缺乏,053,YSQF,第3章 血液及造血器官疾病和某些涉及免疫机制的疾患 (D50-D89)
E53.803+ G32.002*,侧索联合变性病,053,CSLHBXB,第3章 血液及造血器官疾病和某些涉及免疫机制的疾患 (D50-D89)
E53.804+ G32.003*,达纳-普特南氏综合征(脊髓后侧索综合征 亚急性联合,053,DNPTNSZHZJSHCSZHZYJXLH,第3章 血液及造血器官疾病和某些涉及免疫机制的疾患 (D50-D89)
E53.805+ G32.004*,脊髓后恻索硬化,053,JSHCSYH,第3章 血液及造血器官疾病和某些涉及免疫机制的疾患 (D50-D89)
E53.806+ G32.005*,达-普综合征(脊髓后侧索综合征 亚急性联合变性),053,DPZHZJSHCSZHZYJXLHBX,第3章 血液及造血器官疾病和某些涉及免疫机制的疾患 (D50-D89)
E53.807+ G32.006*,脊髓亚急性联合变性病,053,JSYJXLHBXB,第3章 血液及造血器官疾病和某些涉及免疫机制的疾患 (D50-D89)
E53.808+ G63.403*,维生素B12缺乏性周围神经病,053,WSSQFXZWSJB,第3章 血液及造血器官疾病和某些涉及免疫机制的疾患 (D50-D89)
E53.809+ G32.007*,亚急性联合病变,053,YJXLHBB,第3章 血液及造血器官疾病和某些涉及免疫机制的疾患 (D50-D89)
E53.901,复合维生素Ｂ缺乏,053,FHWSSQF,第3章 血液及造血器官疾病和某些涉及免疫机制的疾患 (D50-D89)
E53.902+ G63.404*,维生素缺乏性周围神经病,053,WSSQFXZWSJB,第3章 血液及造血器官疾病和某些涉及免疫机制的疾患 (D50-D89)
E54  01,坏血病,053,HXB,第3章 血液及造血器官疾病和某些涉及免疫机制的疾患 (D50-D89)
E54  02,维生素C缺乏(抗坏血酸缺乏),053,WSSQFKHXSQF,第3章 血液及造血器官疾病和某些涉及免疫机制的疾患 (D50-D89)
E55.001,佝偻病,053,GLB,第3章 血液及造血器官疾病和某些涉及免疫机制的疾患 (D50-D89)
E55.901,维生素D缺乏,053,WSSQF,第3章 血液及造血器官疾病和某些涉及免疫机制的疾患 (D50-D89)
E55.902,维生素D缺乏性手足搐搦症,053,WSSQFXSZCNZ,第3章 血液及造血器官疾病和某些涉及免疫机制的疾患 (D50-D89)
E56.001,维生素E缺乏,053,WSSQF,第3章 血液及造血器官疾病和某些涉及免疫机制的疾患 (D50-D89)
E56.101,维生素K缺乏,053,WSSQF,第3章 血液及造血器官疾病和某些涉及免疫机制的疾患 (D50-D89)
E56.801,维生素P缺乏,053,WSSQF,第3章 血液及造血器官疾病和某些涉及免疫机制的疾患 (D50-D89)
E56.901,维生素缺乏,053,WSSQF,第3章 血液及造血器官疾病和某些涉及免疫机制的疾患 (D50-D89)
E56.902+ G63.405*,维生素缺乏性多神经炎,053,WSSQFXDSJY,第3章 血液及造血器官疾病和某些涉及免疫机制的疾患 (D50-D89)
E59  01,克山病,053,KSB,第3章 血液及造血器官疾病和某些涉及免疫机制的疾患 (D50-D89)
E60  01,锌缺乏,053,XQF,第3章 血液及造血器官疾病和某些涉及免疫机制的疾患 (D50-D89)
E63.901+ G63.406*,营养缺乏性多神经炎,053,YYQFXDSJY,第3章 血液及造血器官疾病和某些涉及免疫机制的疾患 (D50-D89)
E63.902+ G63.407*,营养性周围神经病,053,YYXZWSJB,第3章 血液及造血器官疾病和某些涉及免疫机制的疾患 (D50-D89)
E64.301,佝偻病晚期效应,053,GLBWQXY,第3章 血液及造血器官疾病和某些涉及免疫机制的疾患 (D50-D89)
E65  01,脂肪垫,053,ZFD,第3章 血液及造血器官疾病和某些涉及免疫机制的疾患 (D50-D89)
E66.201,皮克威克综合征(肥胖-低通气综合征),053,PKWKZHZFPDTQZHZ,第3章 血液及造血器官疾病和某些涉及免疫机制的疾患 (D50-D89)
E66.901,单纯性肥胖,053,DCXFP,第3章 血液及造血器官疾病和某些涉及免疫机制的疾患 (D50-D89)
E66.902,肥胖,053,FP,第3章 血液及造血器官疾病和某些涉及免疫机制的疾患 (D50-D89)
E67.001,维生素A过多症,053,WSSGDZ,第3章 血液及造血器官疾病和某些涉及免疫机制的疾患 (D50-D89)
E67.101,高胡萝卜素血症,053,GHLBSXZ,第3章 血液及造血器官疾病和某些涉及免疫机制的疾患 (D50-D89)
E67.301,维生素D过多症,053,WSSGDZ,第3章 血液及造血器官疾病和某些涉及免疫机制的疾患 (D50-D89)
E70.101,苯丙酮尿症,053,BBTNZ,第3章 血液及造血器官疾病和某些涉及免疫机制的疾患 (D50-D89)
E70.102,苯酮尿症,053,BTNZ,第3章 血液及造血器官疾病和某些涉及免疫机制的疾患 (D50-D89)
E70.103,高苯丙氨酸血症,053,GBBASXZ,第3章 血液及造血器官疾病和某些涉及免疫机制的疾患 (D50-D89)
E70.201,高酪氨酸血症,053,GLASXZ,第3章 血液及造血器官疾病和某些涉及免疫机制的疾患 (D50-D89)
E70.202,褐黄病,053,HHB,第3章 血液及造血器官疾病和某些涉及免疫机制的疾患 (D50-D89)
E70.203,酪氨酸代谢(紊乱)症,053,LASDXWLZ,第3章 血液及造血器官疾病和某些涉及免疫机制的疾患 (D50-D89)
E70.204,酪氨酸尿症,053,LASNZ,第3章 血液及造血器官疾病和某些涉及免疫机制的疾患 (D50-D89)
E70.301,白化病,053,BHB,第3章 血液及造血器官疾病和某些涉及免疫机制的疾患 (D50-D89)
E70.302,眼白化病,053,YBHB,第3章 血液及造血器官疾病和某些涉及免疫机制的疾患 (D50-D89)
E71.001,槭糖尿病,053,QTNB,第3章 血液及造血器官疾病和某些涉及免疫机制的疾患 (D50-D89)
E71.101,丙酸血症,053,BSXZ,第3章 血液及造血器官疾病和某些涉及免疫机制的疾患 (D50-D89)
E71.301,肾上腺脑白质营养不良,053,SSXNBZYYBL,第3章 血液及造血器官疾病和某些涉及免疫机制的疾患 (D50-D89)
E72.001,范康尼氏综合征,053,FKNSZHZ,第3章 血液及造血器官疾病和某些涉及免疫机制的疾患 (D50-D89)
E72.002,甘氨酸尿症,053,GASNZ,第3章 血液及造血器官疾病和某些涉及免疫机制的疾患 (D50-D89)
E72.003,胱氨酸尿症,053,GASNZ,第3章 血液及造血器官疾病和某些涉及免疫机制的疾患 (D50-D89)
E72.004,哈特纳普病,053,HTNPB,第3章 血液及造血器官疾病和某些涉及免疫机制的疾患 (D50-D89)
E72.005,洛氏综合征(眼-脑-肾综合征),053,LSZHZYNSZHZ,第3章 血液及造血器官疾病和某些涉及免疫机制的疾患 (D50-D89)
E72.201,高氨血症,053,GAXZ,第3章 血液及造血器官疾病和某些涉及免疫机制的疾患 (D50-D89)
E72.901,高氨基酸尿症,053,GAJSNZ,第3章 血液及造血器官疾病和某些涉及免疫机制的疾患 (D50-D89)
E72.902,氨基酸尿,053,AJSN,第3章 血液及造血器官疾病和某些涉及免疫机制的疾患 (D50-D89)
E72.903,低氨基酸血症,053,DAJSXZ,第3章 血液及造血器官疾病和某些涉及免疫机制的疾患 (D50-D89)
E73.901,乳糖耐受不良,053,RTNSBL,第3章 血液及造血器官疾病和某些涉及免疫机制的疾患 (D50-D89)
E73.902,乳糖吸收不良,053,RTXSBL,第3章 血液及造血器官疾病和某些涉及免疫机制的疾患 (D50-D89)
E74.001,肝糖原贮积症,053,GTYZJZ,第3章 血液及造血器官疾病和某些涉及免疫机制的疾患 (D50-D89)
E74.002,糖原贮积病,053,TYZJB,第3章 血液及造血器官疾病和某些涉及免疫机制的疾患 (D50-D89)
E74.003+ I43.101*,糖原性心肥大,053,TYXXFD,第3章 血液及造血器官疾病和某些涉及免疫机制的疾患 (D50-D89)
E74.004+ G73.601*,糖原贮积病肌病,053,TYZJBJB,第3章 血液及造血器官疾病和某些涉及免疫机制的疾患 (D50-D89)
E74.005+ I43.102*,心脏糖原贮积病,053,XZTYZJB,第3章 血液及造血器官疾病和某些涉及免疫机制的疾患 (D50-D89)
E74.101,遗传性果糖耐受不良,053,YCXGTNSBL,第3章 血液及造血器官疾病和某些涉及免疫机制的疾患 (D50-D89)
E74.201,半乳糖血症,053,BRTXZ,第3章 血液及造血器官疾病和某些涉及免疫机制的疾患 (D50-D89)
E74.801,肾性糖尿病,053,SXTNB,第3章 血液及造血器官疾病和某些涉及免疫机制的疾患 (D50-D89)
E75.101,神经节苷脂沉积病,053,SJJGZCJB,第3章 血液及造血器官疾病和某些涉及免疫机制的疾患 (D50-D89)
E75.201,高歇氏病(脑苷脂贮积综合征),053,GXSBNGZZJZHZ,第3章 血液及造血器官疾病和某些涉及免疫机制的疾患 (D50-D89)
E75.202,脑白质营养不良,053,NBZYYBL,第3章 血液及造血器官疾病和某些涉及免疫机制的疾患 (D50-D89)
E75.203,神经鞘磷脂沉积病(尼曼－皮克氏病,053,SJQLZCJBNMPKSB,第3章 血液及造血器官疾病和某些涉及免疫机制的疾患 (D50-D89)
E75.205,异染性脑白质营养不良,053,YRXNBZYYBL,第3章 血液及造血器官疾病和某些涉及免疫机制的疾患 (D50-D89)
E75.206,家族性脑硬化,053,JZXNYH,第3章 血液及造血器官疾病和某些涉及免疫机制的疾患 (D50-D89)
E75.501,黄色瘤,053,HSL,第3章 血液及造血器官疾病和某些涉及免疫机制的疾患 (D50-D89)
E75.502,幼年性黄色瘤,053,YNXHSL,第3章 血液及造血器官疾病和某些涉及免疫机制的疾患 (D50-D89)
E75.503,原发性家族性黄瘤病,053,YFXJZXHLB,第3章 血液及造血器官疾病和某些涉及免疫机制的疾患 (D50-D89)
E75.601,脂贮积病,053,ZZJB,第3章 血液及造血器官疾病和某些涉及免疫机制的疾患 (D50-D89)
E75.602+ G32.802*,全身性脂沉积症性大脑变性,053,QSXZCJZXDNBX,第3章 血液及造血器官疾病和某些涉及免疫机制的疾患 (D50-D89)
E75.603+ G73.602*,脂质沉积性肌病,053,ZZCJXJB,第3章 血液及造血器官疾病和某些涉及免疫机制的疾患 (D50-D89)
E76.301,粘多糖贮积病,053,NDTZJB,第3章 血液及造血器官疾病和某些涉及免疫机制的疾患 (D50-D89)
E76.302+ I52.801*,粘多糖贮积性心脏病,053,NDTZJXXZB,第3章 血液及造血器官疾病和某些涉及免疫机制的疾患 (D50-D89)
E77.801,低蛋白血症,053,DDBXZ,第3章 血液及造血器官疾病和某些涉及免疫机制的疾患 (D50-D89)
E78.001,高胆固醇血症,053,GDGCXZ,第3章 血液及造血器官疾病和某些涉及免疫机制的疾患 (D50-D89)
E78.002,家族性高胆固醇血症,053,JZXGDGCXZ,第3章 血液及造血器官疾病和某些涉及免疫机制的疾患 (D50-D89)
E78.101,高甘油脂血症,053,GGYZXZ,第3章 血液及造血器官疾病和某些涉及免疫机制的疾患 (D50-D89)
E78.201,扁平黄瘤,053,BPHL,第3章 血液及造血器官疾病和某些涉及免疫机制的疾患 (D50-D89)
E78.202,播散性黄色瘤,053,BSXHSL,第3章 血液及造血器官疾病和某些涉及免疫机制的疾患 (D50-D89)
E78.203,复合性高脂血症,053,FHXGZXZ,第3章 血液及造血器官疾病和某些涉及免疫机制的疾患 (D50-D89)
E78.204,结节性黄色瘤,053,JJXHSL,第3章 血液及造血器官疾病和某些涉及免疫机制的疾患 (D50-D89)
E78.501,高脂血症,053,GZXZ,第3章 血液及造血器官疾病和某些涉及免疫机制的疾患 (D50-D89)
E78.502,视网膜脂血症,053,SWMZXZ,第3章 血液及造血器官疾病和某些涉及免疫机制的疾患 (D50-D89)
E78.601,棘红细胞(增多)症,053,JHXBZDZ,第3章 血液及造血器官疾病和某些涉及免疫机制的疾患 (D50-D89)
E78.801,脂肪肉芽肿病,053,ZFRYZB,第3章 血液及造血器官疾病和某些涉及免疫机制的疾患 (D50-D89)
E78.802,高同型半胱胺酸血症,053,GTXBGASXZ,第3章 血液及造血器官疾病和某些涉及免疫机制的疾患 (D50-D89)
E78.901,骨软骨营养不良,053,GRGYYBL,第3章 血液及造血器官疾病和某些涉及免疫机制的疾患 (D50-D89)
E79.001,高尿酸血症,053,GNSXZ,第3章 血液及造血器官疾病和某些涉及免疫机制的疾患 (D50-D89)
E80.201,卟啉症(紫质症),053,BLZZZZ,第3章 血液及造血器官疾病和某些涉及免疫机制的疾患 (D50-D89)
E80.401,吉伯特氏病(良性非结合性胆红素血症),053,JBTSBLXFJHXDHSXZ,第3章 血液及造血器官疾病和某些涉及免疫机制的疾患 (D50-D89)
E80.501,克-纳二氏综合征(先天性高胆红素血症),053,KNESZHZXTXGDHSXZ,第3章 血液及造血器官疾病和某些涉及免疫机制的疾患 (D50-D89)
E80.601,迪宾-约翰逊综合征,053,DBYHXZHZ,第3章 血液及造血器官疾病和某些涉及免疫机制的疾患 (D50-D89)
E80.602,肝炎后高胆红素血症,053,GYHGDHSXZ,第3章 血液及造血器官疾病和某些涉及免疫机制的疾患 (D50-D89)
E80.603,"高胆红素血症,非新生儿",053,GDHSXZFXSE,第3章 血液及造血器官疾病和某些涉及免疫机制的疾患 (D50-D89)
E80.604,罗特尔氏综合征(慢性家族性非溶血性黄,053,LTESZHZMXJZXFRXXH,第3章 血液及造血器官疾病和某些涉及免疫机制的疾患 (D50-D89)
E83.001,肝豆状核变性(威尔逊病),053,GDZHBXWEXB,第3章 血液及造血器官疾病和某些涉及免疫机制的疾患 (D50-D89)
E83.002,门凯氏综合征,053,MKSZHZ,第3章 血液及造血器官疾病和某些涉及免疫机制的疾患 (D50-D89)
E83.003,铜代谢紊乱,053,TDXWL,第3章 血液及造血器官疾病和某些涉及免疫机制的疾患 (D50-D89)
E83.004+ F02.803*,肝豆状核变性痴呆,053,GDZHBXCD,第3章 血液及造血器官疾病和某些涉及免疫机制的疾患 (D50-D89)
E83.101,血色病,053,XSB,第3章 血液及造血器官疾病和某些涉及免疫机制的疾患 (D50-D89)
E83.102,血色病性心肌病,053,XSBXXJB,第3章 血液及造血器官疾病和某些涉及免疫机制的疾患 (D50-D89)
E83.103+ J99.814*,肺含铁血黄素沉积症,053,FHTXHSCJZ,第3章 血液及造血器官疾病和某些涉及免疫机制的疾患 (D50-D89)
E83.104+ K77.802*,肝含铁血黄素沉积症,053,GHTXHSCJZ,第3章 血液及造血器官疾病和某些涉及免疫机制的疾患 (D50-D89)
E83.105+ J99.815*,特发性肺含铁血黄素沉积症,053,TFXFHTXHSCJZ,第3章 血液及造血器官疾病和某些涉及免疫机制的疾患 (D50-D89)
E83.106+ J99.815*,特发性肺棕色硬结症,053,TFXFZSYJZ,第3章 血液及造血器官疾病和某些涉及免疫机制的疾患 (D50-D89)
E83.107,铁过载,053,TGZ,第3章 血液及造血器官疾病和某些涉及免疫机制的疾患 (D50-D89)
E83.301+ M90.891*,低磷抗D性软骨病,053,DLKXRGB,第3章 血液及造血器官疾病和某些涉及免疫机制的疾患 (D50-D89)
E83.302,低磷血症,053,DLXZ,第3章 血液及造血器官疾病和某些涉及免疫机制的疾患 (D50-D89)
E83.303,高磷尿症,053,GLNZ,第3章 血液及造血器官疾病和某些涉及免疫机制的疾患 (D50-D89)
E83.304,高磷酸盐血症,053,GLSYXZ,第3章 血液及造血器官疾病和某些涉及免疫机制的疾患 (D50-D89)
E83.305,高磷血盐症,053,GLXYZ,第3章 血液及造血器官疾病和某些涉及免疫机制的疾患 (D50-D89)
E83.306,磷代谢紊乱,053,LDXWL,第3章 血液及造血器官疾病和某些涉及免疫机制的疾患 (D50-D89)
E83.307+ M90.892*,抗维生素Ｄ性佝偻病,053,KWSSXGLB,第3章 血液及造血器官疾病和某些涉及免疫机制的疾患 (D50-D89)
E83.308+ M90.893*,维生素Ｄ依赖性佝偻病,053,WSSYLXGLB,第3章 血液及造血器官疾病和某些涉及免疫机制的疾患 (D50-D89)
E83.401,低镁血症,053,DMXZ,第3章 血液及造血器官疾病和某些涉及免疫机制的疾患 (D50-D89)
E83.501,低钙血性惊厥,053,DGXXJJ,第3章 血液及造血器官疾病和某些涉及免疫机制的疾患 (D50-D89)
E83.502,低钙血症,053,DGXZ,第3章 血液及造血器官疾病和某些涉及免疫机制的疾患 (D50-D89)
E83.503,钙代谢紊乱,053,GDXWL,第3章 血液及造血器官疾病和某些涉及免疫机制的疾患 (D50-D89)
E83.504,高钙尿症,053,GGNZ,第3章 血液及造血器官疾病和某些涉及免疫机制的疾患 (D50-D89)
E83.505,高钙血症,053,GGXZ,第3章 血液及造血器官疾病和某些涉及免疫机制的疾患 (D50-D89)
E83.506+ H28.102*,低钙血性白内障(手足搐搦性白内障),053,DGXXBNZSZCNXBNZ,第3章 血液及造血器官疾病和某些涉及免疫机制的疾患 (D50-D89)
E84.101+ P75  01*,胎粪性肠梗阻,145,TFXCGZ,第3章 血液及造血器官疾病和某些涉及免疫机制的疾患 (D50-D89)
E84.901,胰腺囊性纤维变性,053,YXNXXWBX,第3章 血液及造血器官疾病和某些涉及免疫机制的疾患 (D50-D89)
E85.001,家族性地中海热,053,JZXDZHR,第3章 血液及造血器官疾病和某些涉及免疫机制的疾患 (D50-D89)
E85.002,周期热,053,ZQR,第3章 血液及造血器官疾病和某些涉及免疫机制的疾患 (D50-D89)
E85.401,膀胱淀粉样病变,053,PGDFYBB,第3章 血液及造血器官疾病和某些涉及免疫机制的疾患 (D50-D89)
E85.402,喉淀粉样变性,053,HDFYBX,第3章 血液及造血器官疾病和某些涉及免疫机制的疾患 (D50-D89)
E85.403,睑淀粉样变,053,JDFYB,第3章 血液及造血器官疾病和某些涉及免疫机制的疾患 (D50-D89)
E85.404,脾淀粉样变性,053,PDFYBX,第3章 血液及造血器官疾病和某些涉及免疫机制的疾患 (D50-D89)
E85.405,上呼吸道淀粉样变性,053,SHXDDFYBX,第3章 血液及造血器官疾病和某些涉及免疫机制的疾患 (D50-D89)
E85.406,咽淀粉样变,053,YDFYB,第3章 血液及造血器官疾病和某些涉及免疫机制的疾患 (D50-D89)
E85.407,颌下淀粉样变,053,HXDFYB,第3章 血液及造血器官疾病和某些涉及免疫机制的疾患 (D50-D89)
E85.407+ J99.816*,鼻咽淀粉样变性,053,BYDFYBX,第3章 血液及造血器官疾病和某些涉及免疫机制的疾患 (D50-D89)
E85.408+ G99.002*,淀粉样变性性周围神经病,053,DFYBXXZWSJB,第3章 血液及造血器官疾病和某些涉及免疫机制的疾患 (D50-D89)
E85.409+ L99.001*,皮肤淀粉样变性,053,PFDFYBX,第3章 血液及造血器官疾病和某些涉及免疫机制的疾患 (D50-D89)
E85.410,肝淀粉样变,053,GDFYB,第3章 血液及造血器官疾病和某些涉及免疫机制的疾患 (D50-D89)
E85.411+ N08.401*,肾脏淀粉样变性,053,SZDFYBX,第3章 血液及造血器官疾病和某些涉及免疫机制的疾患 (D50-D89)
E85.412+ I43.101*,淀粉样心肌病,056,DFYXJB,第3章 血液及造血器官疾病和某些涉及免疫机制的疾患 (D50-D89)
E85.413,眼眶淀粉样变,053,YKDFYB,第3章 血液及造血器官疾病和某些涉及免疫机制的疾患 (D50-D89)
E85.901,淀粉样变性,053,DFYBX,第3章 血液及造血器官疾病和某些涉及免疫机制的疾患 (D50-D89)
E86  01,低血容量,053,DXRL,第3章 血液及造血器官疾病和某些涉及免疫机制的疾患 (D50-D89)
E86  02,脱水,053,TS,第3章 血液及造血器官疾病和某些涉及免疫机制的疾患 (D50-D89)
E87.001,高钠血症,053,GNXZ,第3章 血液及造血器官疾病和某些涉及免疫机制的疾患 (D50-D89)
E87.101,低钠血症,053,DNXZ,第3章 血液及造血器官疾病和某些涉及免疫机制的疾患 (D50-D89)
E87.201,代谢性酸中毒,053,DXXSZD,第3章 血液及造血器官疾病和某些涉及免疫机制的疾患 (D50-D89)
E87.202,高血氯性酸中毒,053,GXLXSZD,第3章 血液及造血器官疾病和某些涉及免疫机制的疾患 (D50-D89)
E87.203,呼吸性酸中毒,053,HXXSZD,第3章 血液及造血器官疾病和某些涉及免疫机制的疾患 (D50-D89)
E87.204,混合性酸中毒,053,HHXSZD,第3章 血液及造血器官疾病和某些涉及免疫机制的疾患 (D50-D89)
E87.205,乳酸性酸中毒,053,RSXSZD,第3章 血液及造血器官疾病和某些涉及免疫机制的疾患 (D50-D89)
E87.206,酸中毒,053,SZD,第3章 血液及造血器官疾病和某些涉及免疫机制的疾患 (D50-D89)
E87.301,代谢性碱中毒,053,DXXJZD,第3章 血液及造血器官疾病和某些涉及免疫机制的疾患 (D50-D89)
E87.302,低钾性碱中毒,053,DJXJZD,第3章 血液及造血器官疾病和某些涉及免疫机制的疾患 (D50-D89)
E87.303,呼吸性碱中毒,053,HXXJZD,第3章 血液及造血器官疾病和某些涉及免疫机制的疾患 (D50-D89)
E87.304,碱中毒,053,JZD,第3章 血液及造血器官疾病和某些涉及免疫机制的疾患 (D50-D89)
E87.401,混合性酸碱平衡失调,053,HHXSJPHST,第3章 血液及造血器官疾病和某些涉及免疫机制的疾患 (D50-D89)
E87.501,高钾血症,053,GJXZ,第3章 血液及造血器官疾病和某些涉及免疫机制的疾患 (D50-D89)
E87.601,低钾性抽搐,053,DJXCC,第3章 血液及造血器官疾病和某些涉及免疫机制的疾患 (D50-D89)
E87.602,低钾血症,053,DJXZ,第3章 血液及造血器官疾病和某些涉及免疫机制的疾患 (D50-D89)
E87.701,水中毒,053,SZD,第3章 血液及造血器官疾病和某些涉及免疫机制的疾患 (D50-D89)
E87.801,低氯血症,053,DLXZ,第3章 血液及造血器官疾病和某些涉及免疫机制的疾患 (D50-D89)
E87.802,电解质紊乱,053,DJZWL,第3章 血液及造血器官疾病和某些涉及免疫机制的疾患 (D50-D89)
E87.803,高氯血症,053,GLXZ,第3章 血液及造血器官疾病和某些涉及免疫机制的疾患 (D50-D89)
E87.804,三低(低钾、钠、氯)综合征,053,SDDJNLZHZ,第3章 血液及造血器官疾病和某些涉及免疫机制的疾患 (D50-D89)
E88.001,高蛋白血症,053,GDBXZ,第3章 血液及造血器官疾病和某些涉及免疫机制的疾患 (D50-D89)
E88.002,α1-抗胰蛋白酶缺乏,053,AKYDBMQF,第3章 血液及造血器官疾病和某些涉及免疫机制的疾患 (D50-D89)
E88.003,低铜蓝蛋白血症,053,DTLDBXZ,第3章 血液及造血器官疾病和某些涉及免疫机制的疾患 (D50-D89)
E88.101,部分性脂肪营养不良,053,BFXZFYYBL,第3章 血液及造血器官疾病和某些涉及免疫机制的疾患 (D50-D89)
E88.102,进行性脂肪营养不良,053,JXXZFYYBL,第3章 血液及造血器官疾病和某些涉及免疫机制的疾患 (D50-D89)
E88.103,全身性脂肪营养不良,053,QSXZFYYBL,第3章 血液及造血器官疾病和某些涉及免疫机制的疾患 (D50-D89)
E88.201,德尔肯氏病(痛性肥胖病),053,DEKSBTXFPB,第3章 血液及造血器官疾病和某些涉及免疫机制的疾患 (D50-D89)
E88.202,脂肪堆积,053,ZFDJ,第3章 血液及造血器官疾病和某些涉及免疫机制的疾患 (D50-D89)
E88.203,脂肪过多症,053,ZFGDZ,第3章 血液及造血器官疾病和某些涉及免疫机制的疾患 (D50-D89)
E88.801,霍法氏综合征(髌骨后脂肪垫综合征),053,HFSZHZBGHZFDZHZ,第3章 血液及造血器官疾病和某些涉及免疫机制的疾患 (D50-D89)
E88.802,饥饿性酮症,053,JEXTZ,第3章 血液及造血器官疾病和某些涉及免疫机制的疾患 (D50-D89)
E88.803,酮症,053,TZ,第3章 血液及造血器官疾病和某些涉及免疫机制的疾患 (D50-D89)
E88.804+ G73.602*,代谢性肌病,053,DXXJB,第3章 血液及造血器官疾病和某些涉及免疫机制的疾患 (D50-D89)
E88.901,代谢综合征,053,DXZHZ,第3章 血液及造血器官疾病和某些涉及免疫机制的疾患 (D50-D89)
E88.901+ H28.103*,代谢性白内障,053,DXXBNZ,第3章 血液及造血器官疾病和某些涉及免疫机制的疾患 (D50-D89)
E88.902+ M90.894*,代谢性骨病,053,DXXGB,第3章 血液及造血器官疾病和某些涉及免疫机制的疾患 (D50-D89)
E88.903+ G99.201*,代谢性脊髓病,053,DXXJSB,第3章 血液及造血器官疾病和某些涉及免疫机制的疾患 (D50-D89)
E88.904+ I43.103*,代谢性心肌病,053,DXXXJB,第3章 血液及造血器官疾病和某些涉及免疫机制的疾患 (D50-D89)
E88.905,低补体血症,053,DBTXZ,第3章 血液及造血器官疾病和某些涉及免疫机制的疾患 (D50-D89)
E89.001,放射治疗后甲状腺机能减退,053,FSZLHJZXJNJT,第3章 血液及造血器官疾病和某些涉及免疫机制的疾患 (D50-D89)
E89.002,手术后甲状腺机能减退,053,SSHJZXJNJT,第3章 血液及造血器官疾病和某些涉及免疫机制的疾患 (D50-D89)
E89.101,手术后低胰岛素血症,053,SSHDYDSXZ,第3章 血液及造血器官疾病和某些涉及免疫机制的疾患 (D50-D89)
E89.102,手术后胰腺外分泌功能不全,053,SSHYXWFMGNBQ,第3章 血液及造血器官疾病和某些涉及免疫机制的疾患 (D50-D89)
E89.201,甲状旁腺缺失性手足搐搦,053,JZPXQSXSZCN,第3章 血液及造血器官疾病和某些涉及免疫机制的疾患 (D50-D89)
E89.202,手术后甲状旁腺机能减退,053,SSHJZPXJNJT,第3章 血液及造血器官疾病和某些涉及免疫机制的疾患 (D50-D89)
E89.301,手术后垂体机能减退,053,SSHCTJNJT,第3章 血液及造血器官疾病和某些涉及免疫机制的疾患 (D50-D89)
E89.302,医原性垂体障碍,053,YYXCTZA,第3章 血液及造血器官疾病和某些涉及免疫机制的疾患 (D50-D89)
E89.401,放射后卵巢衰竭,053,FSHLCSJ,第3章 血液及造血器官疾病和某些涉及免疫机制的疾患 (D50-D89)
E89.402,手术后卵巢衰竭,053,SSHLCSJ,第3章 血液及造血器官疾病和某些涉及免疫机制的疾患 (D50-D89)
E89.403,医原性卵巢衰竭,053,YYXLCSJ,第3章 血液及造血器官疾病和某些涉及免疫机制的疾患 (D50-D89)
E89.501,继发性睾丸机能减退(操作后),053,JFXGWJNJTCZH,第3章 血液及造血器官疾病和某些涉及免疫机制的疾患 (D50-D89)
E89.502,手术后睾丸机能减退,053,SSHGWJNJT,第3章 血液及造血器官疾病和某些涉及免疫机制的疾患 (D50-D89)
E89.601,手术后肾上腺皮质机能减退,053,SSHSSXPZJNJT,第3章 血液及造血器官疾病和某些涉及免疫机制的疾患 (D50-D89)
E89.801,血透后失衡综合征,053,XTHSHZHZ,第3章 血液及造血器官疾病和某些涉及免疫机制的疾患 (D50-D89)
E89.802,手术后尿崩症,053,SSHNBZ,第3章 血液及造血器官疾病和某些涉及免疫机制的疾患 (D50-D89)
F01.901,动脉硬化性痴呆,056,DMYHXCD,第5章 精神和行为障碍 (F00-F99)
F01.902,动脉硬化性精神病,056,DMYHXJSB,第5章 精神和行为障碍 (F00-F99)
F03  01,痴呆,056,CD,第5章 精神和行为障碍 (F00-F99)
F03  02,老年精神病态,056,LNJSBT,第5章 精神和行为障碍 (F00-F99)
F03  03,老年期痴呆、抑郁型或妄想型,056,LNQCDYYXHWXX,第5章 精神和行为障碍 (F00-F99)
F03  04,老年性痴呆,056,LNXCD,第5章 精神和行为障碍 (F00-F99)
F03  05,老年性精神病,056,LNXJSB,第5章 精神和行为障碍 (F00-F99)
F03  06,器质性痴呆,056,QZXCD,第5章 精神和行为障碍 (F00-F99)
F03  07,早老性痴呆,056,ZLXCD,第5章 精神和行为障碍 (F00-F99)
F05.901,感染性精神病,056,GRXJSB,第5章 精神和行为障碍 (F00-F99)
F05.902,谵妄,056,ZW,第5章 精神和行为障碍 (F00-F99)
F06.201,精神分裂样精神病,056,JSFLYJSB,第5章 精神和行为障碍 (F00-F99)
F06.801,感染后器质性精神病,056,GRHQZXJSB,第5章 精神和行为障碍 (F00-F99)
F06.802,甲亢性精神病,056,JKXJSB,第5章 精神和行为障碍 (F00-F99)
F06.901,肠伤寒所致的精神障碍,056,CSHSZDJSZA,第5章 精神和行为障碍 (F00-F99)
F06.902,胆道感染所致的精神障碍,056,DDGRSZDJSZA,第5章 精神和行为障碍 (F00-F99)
F06.903,胆道术后精神障碍,056,DDSHJSZA,第5章 精神和行为障碍 (F00-F99)
F06.904,低血糖所致的精神障碍,056,DXTSZDJSZA,第5章 精神和行为障碍 (F00-F99)
F06.905,肺结核所致的精神障碍,056,FJHSZDJSZA,第5章 精神和行为障碍 (F00-F99)
F06.906,肺气肿所致的精神障碍,056,FQZSZDJSZA,第5章 精神和行为障碍 (F00-F99)
F06.907,肺炎所致的精神障碍,056,FYSZDJSZA,第5章 精神和行为障碍 (F00-F99)
F06.908,肝硬化所致的精神障碍,056,GYHSZDJSZA,第5章 精神和行为障碍 (F00-F99)
F06.909,感冒所致的精神障碍,056,GMSZDJSZA,第5章 精神和行为障碍 (F00-F99)
F06.910,高烧致精神障碍,056,GSZJSZA,第5章 精神和行为障碍 (F00-F99)
F06.911,高血压所致的精神障碍,056,GXYSZDJSZA,第5章 精神和行为障碍 (F00-F99)
F06.912,过敏性紫癜所致的精神障碍,056,GMXZDSZDJSZA,第5章 精神和行为障碍 (F00-F99)
F06.913,甲状腺机能亢进所致的精神障碍,056,JZXJNKJSZDJSZA,第5章 精神和行为障碍 (F00-F99)
F06.914,疟疾所致的精神障碍,056,NJSZDJSZA,第5章 精神和行为障碍 (F00-F99)
F06.915,肾炎所致的精神障碍,056,SYSZDJSZA,第5章 精神和行为障碍 (F00-F99)
F06.916,细菌性痢疾所致的精神障碍,056,XJXLJSZDJSZA,第5章 精神和行为障碍 (F00-F99)
F06.917,心脏病所致的精神障碍,056,XZBSZDJSZA,第5章 精神和行为障碍 (F00-F99)
F06.918,营养不良所致的精神障碍,056,YYBLSZDJSZA,第5章 精神和行为障碍 (F00-F99)
F06.919,有害气体中毒后精神障碍,056,YHQTZDHJSZA,第5章 精神和行为障碍 (F00-F99)
F06.920,中暑伴发精神障碍,056,ZSBFJSZA,第5章 精神和行为障碍 (F00-F99)
F07.001,顶叶综合征,056,DYZHZ,第5章 精神和行为障碍 (F00-F99)
F07.002,额叶综合征,056,EYZHZ,第5章 精神和行为障碍 (F00-F99)
F07.101,脑炎后综合征,056,NYHZHZ,第5章 精神和行为障碍 (F00-F99)
F07.102,颅内感染所致精神障碍,056,LNGRSZJSZA,第5章 精神和行为障碍 (F00-F99)
F07.103,脑膜炎后精神障碍,056,NMYHJSZA,第5章 精神和行为障碍 (F00-F99)
F07.104,脑炎后精神障碍,056,NYHJSZA,第5章 精神和行为障碍 (F00-F99)
F07.201,创伤性脑病,056,CSXNB,第5章 精神和行为障碍 (F00-F99)
F07.202,颅脑外伤所致的精神障碍,056,LNWSSZDJSZA,第5章 精神和行为障碍 (F00-F99)
F07.203,脑损伤后人格障碍,056,NSSHRGZA,第5章 精神和行为障碍 (F00-F99)
F07.204,脑外伤后综合征,056,NWSHZHZ,第5章 精神和行为障碍 (F00-F99)
F07.205,脑震荡后综合征,056,NZDHZHZ,第5章 精神和行为障碍 (F00-F99)
F07.801,一氧化碳中毒致精神障碍,056,YYHTZDZJSZA,第5章 精神和行为障碍 (F00-F99)
F07.802,脑血管病所致的精神障碍,056,NXGBSZDJSZA,第5章 精神和行为障碍 (F00-F99)
F09  01,脑病性精神病,056,NBXJSB,第5章 精神和行为障碍 (F00-F99)
F09  02,脑器质性精神病,056,NQZXJSB,第5章 精神和行为障碍 (F00-F99)
F09  03,器质性精神病,056,QZXJSB,第5章 精神和行为障碍 (F00-F99)
F10.001,急性酒精中毒,056,JXJJZD,第5章 精神和行为障碍 (F00-F99)
F10.002,酒精中毒,056,JJZD,第5章 精神和行为障碍 (F00-F99)
F10.201,酒瘾综合症,056,JYZHZ,第5章 精神和行为障碍 (F00-F99)
F10.202,慢性酒精中毒,056,MXJJZD,第5章 精神和行为障碍 (F00-F99)
F10.501,酒精性精神病,056,JJXJSB,第5章 精神和行为障碍 (F00-F99)
F10.502,酒精中毒致精神障碍,056,JJZDZJSZA,第5章 精神和行为障碍 (F00-F99)
F11.201,杜冷丁药物瘾,057,DLDYWY,第5章 精神和行为障碍 (F00-F99)
F11.202,吗啡型药物瘾,057,MFXYWY,第5章 精神和行为障碍 (F00-F99)
F11.203,镇痛药物瘾,057,ZTYWY,第5章 精神和行为障碍 (F00-F99)
F13.201,安眠药物瘾,057,AMYWY,第5章 精神和行为障碍 (F00-F99)
F19.201,A.P.C药物瘾,057,YWY,第5章 精神和行为障碍 (F00-F99)
F19.202,药物瘾,057,YWY,第5章 精神和行为障碍 (F00-F99)
F19.301,戒药综合征(成人),057,JYZHZCR,第5章 精神和行为障碍 (F00-F99)
F19.501,A.P.C中毒致精神障碍,057,ZDZJSZA,第5章 精神和行为障碍 (F00-F99)
F19.502,阿的平中毒致精神障碍,057,ADPZDZJSZA,第5章 精神和行为障碍 (F00-F99)
F19.503,合霉素中毒致精神障碍,057,HMSZDZJSZA,第5章 精神和行为障碍 (F00-F99)
F19.504,考的松中毒致精神障碍,057,KDSZDZJSZA,第5章 精神和行为障碍 (F00-F99)
F19.505,眠尔通中毒致精神障碍,057,METZDZJSZA,第5章 精神和行为障碍 (F00-F99)
F19.506,药物性幻觉,057,YWXHJ,第5章 精神和行为障碍 (F00-F99)
F19.507,药物性精神病,057,YWXJSB,第5章 精神和行为障碍 (F00-F99)
F19.508,药物中毒致精神障碍,057,YWZDZJSZA,第5章 精神和行为障碍 (F00-F99)
F20.001,妄想型精神分裂症,058,WXXJSFLZ,第5章 精神和行为障碍 (F00-F99)
F20.101,青春型精神分裂症,058,QCXJSFLZ,第5章 精神和行为障碍 (F00-F99)
F20.201,紧张型精神分裂症,058,JZXJSFLZ,第5章 精神和行为障碍 (F00-F99)
F20.501,残留型精神分裂症,058,CLXJSFLZ,第5章 精神和行为障碍 (F00-F99)
F20.601,单纯型精神分裂症,058,DCXJSFLZ,第5章 精神和行为障碍 (F00-F99)
F20.901,精神分裂症,058,JSFLZ,第5章 精神和行为障碍 (F00-F99)
F20.902,精神分裂症性精神病,058,JSFLZXJSB,第5章 精神和行为障碍 (F00-F99)
F21  01,潜伏性精神分裂症,058,QFXJSFLZ,第5章 精神和行为障碍 (F00-F99)
F22.001,偏执性精神病,058,PZXJSB,第5章 精神和行为障碍 (F00-F99)
F22.002,妄想狂,058,WXK,第5章 精神和行为障碍 (F00-F99)
F22.003,妄想状态,058,WXZT,第5章 精神和行为障碍 (F00-F99)
F22.801,更年期妄想狂样状态,058,GNQWXKYZT,第5章 精神和行为障碍 (F00-F99)
F23.901,反应性精神病,058,FYXJSB,第5章 精神和行为障碍 (F00-F99)
F25.201,周期性精神病,058,ZQXJSB,第5章 精神和行为障碍 (F00-F99)
F25.901,情感分裂症,058,QGFLZ,第5章 精神和行为障碍 (F00-F99)
F28  01,更年期精神病,058,GNQJSB,第5章 精神和行为障碍 (F00-F99)
F29  01,精神病,058,JSB,第5章 精神和行为障碍 (F00-F99)
F29  02,精神错乱,058,JSCL,第5章 精神和行为障碍 (F00-F99)
F30.201,躁狂型精神病,059,ZKXJSB,第5章 精神和行为障碍 (F00-F99)
F30.801,兴奋型精神病,059,XFXJSB,第5章 精神和行为障碍 (F00-F99)
F30.901,老年性躁狂病,059,LNXZKB,第5章 精神和行为障碍 (F00-F99)
F31.201,躁狂抑郁性精神病当前为躁狂相,059,ZKYYXJSBDQWZKX,第5章 精神和行为障碍 (F00-F99)
F31.901,躁狂抑郁性精神病,059,ZKYYXJSB,第5章 精神和行为障碍 (F00-F99)
F32.301,抑郁性精神病,059,YYXJSB,第5章 精神和行为障碍 (F00-F99)
F32.801,更年期忧郁症,059,GNQYYZ,第5章 精神和行为障碍 (F00-F99)
F32.901,精神抑郁症,059,JSYYZ,第5章 精神和行为障碍 (F00-F99)
F32.902,抑郁症,059,YYZ,第5章 精神和行为障碍 (F00-F99)
F32.903,抑郁状态,059,YYZT,第5章 精神和行为障碍 (F00-F99)
F33.201,躁狂抑郁性精神病当前为抑郁相,059,ZKYYXJSBDQWYYX,第5章 精神和行为障碍 (F00-F99)
F34.001,情感性人格障碍,059,QGXRGZA,第5章 精神和行为障碍 (F00-F99)
F34.101,神经官能性抑郁症,059,SJGNXYYZ,第5章 精神和行为障碍 (F00-F99)
F39  01,情感性精神病,059,QGXJSB,第5章 精神和行为障碍 (F00-F99)
F40.901,恐怖状态,056,KBZT,第5章 精神和行为障碍 (F00-F99)
F41.101,焦虑型神经官能症,056,JLXSJGNZ,第5章 精神和行为障碍 (F00-F99)
F41.102,焦虑状态,056,JLZT,第5章 精神和行为障碍 (F00-F99)
F41.201,焦虑性抑郁症,056,JLXYYZ,第5章 精神和行为障碍 (F00-F99)
F42.001,强迫观念,056,QPGN,第5章 精神和行为障碍 (F00-F99)
F42.002,强迫性神经症,056,QPXSJZ,第5章 精神和行为障碍 (F00-F99)
F42.101,强迫型行为疾患,056,QPXXWJH,第5章 精神和行为障碍 (F00-F99)
F44.101,分离性神游症,056,FLXSYZ,第5章 精神和行为障碍 (F00-F99)
F44.401,癔病性截瘫,056,YBXJT,第5章 精神和行为障碍 (F00-F99)
F44.402,癔病性失音,056,YBXSY,第5章 精神和行为障碍 (F00-F99)
F44.403,癔病性瘫痪,056,YBXTH,第5章 精神和行为障碍 (F00-F99)
F44.404,癔病性麻痹,056,YBXMB,第5章 精神和行为障碍 (F00-F99)
F44.405,癔病痉挛发作,056,YBJLFZ,第5章 精神和行为障碍 (F00-F99)
F44.501,癔病性抽搐,056,YBXCC,第5章 精神和行为障碍 (F00-F99)
F44.601,癔病性耳聋,056,YBXEL,第5章 精神和行为障碍 (F00-F99)
F44.602,癔病性失明,056,YBXSM,第5章 精神和行为障碍 (F00-F99)
F44.801,反应性精神错乱,056,FYXJSCL,第5章 精神和行为障碍 (F00-F99)
F44.802,精神错乱(心因性),056,JSCLXYX,第5章 精神和行为障碍 (F00-F99)
F44.803,癔病性童样痴呆,056,YBXTYCD,第5章 精神和行为障碍 (F00-F99)
F44.804,癔症性睡梦状态,056,YZXSMZT,第5章 精神和行为障碍 (F00-F99)
F44.901,癔病性精神障碍,056,YBXJSZA,第5章 精神和行为障碍 (F00-F99)
F44.902,癔症,056,YZ,第5章 精神和行为障碍 (F00-F99)
F44.903,癔症性精神病,056,YZXJSB,第5章 精神和行为障碍 (F00-F99)
F45.001,躯体化障碍,056,QTHZA,第5章 精神和行为障碍 (F00-F99)
F45.101,未分化的躯体化障碍,056,WFHDQTHZA,第5章 精神和行为障碍 (F00-F99)
F45.201,疑病(症),056,YBZ,第5章 精神和行为障碍 (F00-F99)
F45.301,肠神经官能症,056,CSJGNZ,第5章 精神和行为障碍 (F00-F99)
F45.302,功能性咳嗽,056,GNXKS,第5章 精神和行为障碍 (F00-F99)
F45.303,换气过度综合征,056,HQGDZHZ,第5章 精神和行为障碍 (F00-F99)
F45.304,吞气症,056,TQZ,第5章 精神和行为障碍 (F00-F99)
F45.305,胃肠神经官能症,056,WCSJGNZ,第5章 精神和行为障碍 (F00-F99)
F45.306,胃神经官能症,056,WSJGNZ,第5章 精神和行为障碍 (F00-F99)
F45.307,心血管性神经官能症,056,XXGXSJGNZ,第5章 精神和行为障碍 (F00-F99)
F45.308,心脏神经官能症,056,XZSJGNZ,第5章 精神和行为障碍 (F00-F99)
F45.309,膀胱过度活动症(神经性尿频),056,PGGDHDZSJXNP,第5章 精神和行为障碍 (F00-F99)
F45.310,肠激惹综合征,056,CJRZHZ,第5章 精神和行为障碍 (F00-F99)
F45.401,精神性疼痛,056,JSXTT,第5章 精神和行为障碍 (F00-F99)
F45.801,功能性肌无力,056,GNXJWL,第5章 精神和行为障碍 (F00-F99)
F45.802,功能性吞咽困难,056,GNXTYKN,第5章 精神和行为障碍 (F00-F99)
F45.803,精神性多饮,056,JSXDY,第5章 精神和行为障碍 (F00-F99)
F45.804,精神原性痛经,056,JSYXTJ,第5章 精神和行为障碍 (F00-F99)
F45.805,皮肤神经官能症,056,PFSJGNZ,第5章 精神和行为障碍 (F00-F99)
F48.001,疲劳综合征,056,PLZHZ,第5章 精神和行为障碍 (F00-F99)
F48.002,神经衰弱,056,SJSR,第5章 精神和行为障碍 (F00-F99)
F48.801,精神衰弱,056,JSSR,第5章 精神和行为障碍 (F00-F99)
F48.802,脑心综合征,056,NXZHZ,第5章 精神和行为障碍 (F00-F99)
F48.803,书写痉挛症,056,SXJLZ,第5章 精神和行为障碍 (F00-F99)
F48.804,可逆性缺血性神经功能缺失,056,KNXQXXSJGNQS,第5章 精神和行为障碍 (F00-F99)
F48.805,自主神经病变,056,ZZSJBB,第5章 精神和行为障碍 (F00-F99)
F48.901,脑外伤后神经官能症性反应,056,NWSHSJGNZXFY,第5章 精神和行为障碍 (F00-F99)
F48.902,神经官能性疾患,056,SJGNXJH,第5章 精神和行为障碍 (F00-F99)
F48.903,神经官能症,056,SJGNZ,第5章 精神和行为障碍 (F00-F99)
F48.904,神经功能失调,056,SJGNST,第5章 精神和行为障碍 (F00-F99)
F50.001,神经性厌食,056,SJXYS,第5章 精神和行为障碍 (F00-F99)
F50.401,精神原性进食过多,056,JSYXJSGD,第5章 精神和行为障碍 (F00-F99)
F50.501,神经性呕吐,056,SJXOT,第5章 精神和行为障碍 (F00-F99)
F50.502,习惯性呕吐,056,XGXOT,第5章 精神和行为障碍 (F00-F99)
F51.301,梦游,056,MY,第5章 精神和行为障碍 (F00-F99)
F52.001,性欲缺失,056,XYQS,第5章 精神和行为障碍 (F00-F99)
F52.201,阳萎(精神原性),056,YWJSYX,第5章 精神和行为障碍 (F00-F99)
F52.202,阴茎拔起不坚,056,YJBQBJ,第5章 精神和行为障碍 (F00-F99)
F52.401,早泄,056,ZX,第5章 精神和行为障碍 (F00-F99)
F52.901,性功能障碍(男性),056,XGNZANX,第5章 精神和行为障碍 (F00-F99)
F54  01,皮肤塬着病,056,PFYZB,第5章 精神和行为障碍 (F00-F99)
F59  01,精神原性多饮,056,JSYXDY,第5章 精神和行为障碍 (F00-F99)
F60.001,妄想狂样人格疾患,056,WXKYRGJH,第5章 精神和行为障碍 (F00-F99)
F60.101,精神分裂样人格,056,JSFLYRG,第5章 精神和行为障碍 (F00-F99)
F60.901,人格疾病,056,RGJB,第5章 精神和行为障碍 (F00-F99)
F64.001,易性癖,056,YXP,第5章 精神和行为障碍 (F00-F99)
F71.901,"智力低下,智商 35-49",056,ZLDXZS,第5章 精神和行为障碍 (F00-F99)
F79.901,智力(精神)发育迟缓,056,ZLJSFYCH,第5章 精神和行为障碍 (F00-F99)
F79.902,智力低下,056,ZLDX,第5章 精神和行为障碍 (F00-F99)
F80.201,发育性失语,056,FYXSY,第5章 精神和行为障碍 (F00-F99)
F80.202,感觉性失语,056,GJXSY,第5章 精神和行为障碍 (F00-F99)
F81.001,发育性诵读困难,056,FYXSDKN,第5章 精神和行为障碍 (F00-F99)
F81.002,计算困难,056,JSKN,第5章 精神和行为障碍 (F00-F99)
F84.001,儿童期的精神症,056,ETQDJSZ,第5章 精神和行为障碍 (F00-F99)
F84.002,婴儿性孤独癖,056,YEXGDP,第5章 精神和行为障碍 (F00-F99)
F84.003,自闭症,056,ZBZ,第5章 精神和行为障碍 (F00-F99)
F84.201,Rett's综合征 (脑萎缩性高血氨症),056,ZHZNWSXGXAZ,第5章 精神和行为障碍 (F00-F99)
F84.501,儿童性精神分裂症,056,ETXJSFLZ,第5章 精神和行为障碍 (F00-F99)
F84.502,阿斯珀格综合征（Aaperger）,056,ASPGZHZ,第5章 精神和行为障碍 (F00-F99)
F90.901,多动症,056,DDZ,第5章 精神和行为障碍 (F00-F99)
F95.201,多动秽语综合征,056,DDHYZHZ,第5章 精神和行为障碍 (F00-F99)
F95.801,眨眼症,056,ZYZ,第5章 精神和行为障碍 (F00-F99)
F95.901,抽搐,056,CC,第5章 精神和行为障碍 (F00-F99)
F95.902,面肌抽搐,056,MJCC,第5章 精神和行为障碍 (F00-F99)
F98.501,口吃,056,KC,第5章 精神和行为障碍 (F00-F99)
F98.801,手淫,056,SY,第5章 精神和行为障碍 (F00-F99)
F98.901,儿童躯体化形式障碍,056,ETQTHXSZA,第5章 精神和行为障碍 (F00-F99)
F99  01,精神障碍,056,JSZA,第5章 精神和行为障碍 (F00-F99)
F99  02,气功致精神障碍,056,QGZJSZA,第5章 精神和行为障碍 (F00-F99)
F99  03,大脑功能失调,056,DNGNST,第5章 精神和行为障碍 (F00-F99)
G00.801,变形杆菌性脑膜炎,061,BXGJXNMY,第6章 神经系统疾病 (G00-G99)
G00.901,化脓性脑膜炎,061,HNXNMY,第6章 神经系统疾病 (G00-G99)
G00.902,细菌性脑膜炎,061,XJXNMY,第6章 神经系统疾病 (G00-G99)
G00.903,新生儿化脓性脑膜炎,061,XSEHNXNMY,第6章 神经系统疾病 (G00-G99)
G03.001,无菌性脑膜炎,061,WJXNMY,第6章 神经系统疾病 (G00-G99)
G03.101,慢性脑膜炎,061,MXNMY,第6章 神经系统疾病 (G00-G99)
G03.801,癌性脑膜炎,061,AXNMY,第6章 神经系统疾病 (G00-G99)
G03.901,耳源性脑膜炎,061,EYXNMY,第6章 神经系统疾病 (G00-G99)
G03.902,脊髓蛛网膜炎,061,JSZWMY,第6章 神经系统疾病 (G00-G99)
G03.903,局限性脑膜炎,061,JXXNMY,第6章 神经系统疾病 (G00-G99)
G03.904,颅底蛛网膜炎,061,LDZWMY,第6章 神经系统疾病 (G00-G99)
G03.905,脑膜炎,061,NMY,第6章 神经系统疾病 (G00-G99)
G03.906,蛛网膜炎,061,ZWMY,第6章 神经系统疾病 (G00-G99)
G04.001,急性播散性脑脊髓炎,061,JXBSXNJSY,第6章 神经系统疾病 (G00-G99)
G04.002,急性播散性脑炎,061,JXBSXNY,第6章 神经系统疾病 (G00-G99)
G04.003,疫苗接种后脑炎,061,YMJZHNY,第6章 神经系统疾病 (G00-G99)
G04.201,化脓性脑膜脑炎,061,HNXNMNY,第6章 神经系统疾病 (G00-G99)
G04.801,变态反应性脑炎,061,BTFYXNY,第6章 神经系统疾病 (G00-G99)
G04.802,反应性脑膜炎,061,FYXNMY,第6章 神经系统疾病 (G00-G99)
G04.803,感染后脑炎,061,GRHNY,第6章 神经系统疾病 (G00-G99)
G04.804,化脓性脊髓炎,061,HNXJSY,第6章 神经系统疾病 (G00-G99)
G04.805,化学性脑膜炎,061,HXXNMY,第6章 神经系统疾病 (G00-G99)
G04.901,非特异性脑炎,061,FTYXNY,第6章 神经系统疾病 (G00-G99)
G04.902,化脓性脑室炎,061,HNXNSY,第6章 神经系统疾病 (G00-G99)
G04.903,急性脊髓炎,061,JXJSY,第6章 神经系统疾病 (G00-G99)
G04.904,急性神经根脊髓炎,061,JXSJGJSY,第6章 神经系统疾病 (G00-G99)
G04.905,脊髓神经根病,061,JSSJGB,第6章 神经系统疾病 (G00-G99)
G04.906,脊髓神经根炎,061,JSSJGY,第6章 神经系统疾病 (G00-G99)
G04.907,脊髓炎,061,JSY,第6章 神经系统疾病 (G00-G99)
G04.908,局限性脑炎,061,JXXNY,第6章 神经系统疾病 (G00-G99)
G04.909,局灶性脑炎,061,JZXNY,第6章 神经系统疾病 (G00-G99)
G04.910,脑干脑炎,061,NGNY,第6章 神经系统疾病 (G00-G99)
G04.911,脑脊髓神经根神经炎,061,NJSSJGSJY,第6章 神经系统疾病 (G00-G99)
G04.912,脑脊髓炎,061,NJSY,第6章 神经系统疾病 (G00-G99)
G04.913,脑膜脑炎,061,NMNY,第6章 神经系统疾病 (G00-G99)
G04.914,脑室炎,061,NSY,第6章 神经系统疾病 (G00-G99)
G04.915,脑性发热,061,NXFR,第6章 神经系统疾病 (G00-G99)
G04.916,脑炎,061,NY,第6章 神经系统疾病 (G00-G99)
G04.917,脑炎性假瘤,061,NYXJL,第6章 神经系统疾病 (G00-G99)
G04.918,脑炎性肿块,061,NYXZK,第6章 神经系统疾病 (G00-G99)
G04.919,散发性脑炎,061,SFXNY,第6章 神经系统疾病 (G00-G99)
G04.920,上行性脊髓炎,061,SXXJSY,第6章 神经系统疾病 (G00-G99)
G04.921,神经根脊髓病,061,SJGJSB,第6章 神经系统疾病 (G00-G99)
G04.922,神经根脊髓炎,061,SJGJSY,第6章 神经系统疾病 (G00-G99)
G04.923,室管膜炎,061,SGMY,第6章 神经系统疾病 (G00-G99)
G04.924,小脑炎,061,XNY,第6章 神经系统疾病 (G00-G99)
G04.925,中枢神经系统感染,061,ZSSJXTGR,第6章 神经系统疾病 (G00-G99)
G06.001,侧窦周围脓肿,061,CDZWNZ,第6章 神经系统疾病 (G00-G99)
G06.002,耳源性脑脓肿,061,EYXNNZ,第6章 神经系统疾病 (G00-G99)
G06.003,颅内感染,061,LNGR,第6章 神经系统疾病 (G00-G99)
G06.004,颅内脓肿,061,LNNZ,第6章 神经系统疾病 (G00-G99)
G06.005,颅内炎性肉芽肿,061,LNYXRYZ,第6章 神经系统疾病 (G00-G99)
G06.006,脑脓肿,061,NNZ,第6章 神经系统疾病 (G00-G99)
G06.007,脑肉芽肿,061,NRYZ,第6章 神经系统疾病 (G00-G99)
G06.008,小脑脓肿,061,XNNZ,第6章 神经系统疾病 (G00-G99)
G06.009,乙状窦周围脓肿,061,YZDZWNZ,第6章 神经系统疾病 (G00-G99)
G06.101,硬脊膜外脓肿,061,YJMWNZ,第6章 神经系统疾病 (G00-G99)
G06.102,椎管内脓肿,061,ZGNNZ,第6章 神经系统疾病 (G00-G99)
G06.201,硬膜外脓肿,061,YMWNZ,第6章 神经系统疾病 (G00-G99)
G06.202,硬膜下脓肿,061,YMXNZ,第6章 神经系统疾病 (G00-G99)
G06.203,硬膜下炎性肉芽肿,061,YMXYXRYZ,第6章 神经系统疾病 (G00-G99)
G08  01,侧窦栓塞,061,CDSS,第6章 神经系统疾病 (G00-G99)
G08  02,海绵窦血栓形成,061,HMDXSXC,第6章 神经系统疾病 (G00-G99)
G08  03,海绵窦血栓性静脉炎,061,HMDXSXJMY,第6章 神经系统疾病 (G00-G99)
G08  04,海绵窦炎,061,HMDY,第6章 神经系统疾病 (G00-G99)
G08  05,海绵窦综合征(海绵窦血栓形成综合征),061,HMDZHZHMDXSXCZHZ,第6章 神经系统疾病 (G00-G99)
G08  06,硬脑膜横窦血栓形成,061,YNMHDXSXC,第6章 神经系统疾病 (G00-G99)
G08  07,颅内静脉窦非化脓性血栓形成,061,LNJMDFHNXXSXC,第6章 神经系统疾病 (G00-G99)
G08  08,颅内静脉窦静脉炎,061,LNJMDJMY,第6章 神经系统疾病 (G00-G99)
G08  09,颅内静脉窦血栓形成,061,LNJMDXSXC,第6章 神经系统疾病 (G00-G99)
G08  10,上矢状窦血栓形成,061,SSZDXSXC,第6章 神经系统疾病 (G00-G99)
G08  11,乙状窦栓塞,061,YZDSS,第6章 神经系统疾病 (G00-G99)
G08  12,乙状窦血栓性静脉炎,061,YZDXSXJMY,第6章 神经系统疾病 (G00-G99)
G08.06,硬脑膜横窦血栓形成,061,YNMHDXSXC,第6章 神经系统疾病 (G00-G99)
G09  01,脊髓炎后遗症,061,JSYHYZ,第6章 神经系统疾病 (G00-G99)
G09  02,脑炎后遗症,061,NYHYZ,第6章 神经系统疾病 (G00-G99)
G09  03,未特指的非创伤性脑损伤后遗症,061,WTZDFCSXNSSHYZ,第6章 神经系统疾病 (G00-G99)
G10  01,杭廷顿氏舞蹈病(大舞蹈病),060,HTDSWDBDWDB,第6章 神经系统疾病 (G00-G99)
G11.101,弗里德赖希氏共济失调,060,FLDLXSGJST,第6章 神经系统疾病 (G00-G99)
G11.301,共济失调性毛细血管扩张,060,GJSTXMXXGKZ,第6章 神经系统疾病 (G00-G99)
G11.401,遗传性痉挛性截瘫,060,YCXJLXJT,第6章 神经系统疾病 (G00-G99)
G11.901,共济失调综合征,060,GJSTZHZ,第6章 神经系统疾病 (G00-G99)
G11.902,马里氏共济失调(遗传性小脑性共济失调),060,MLSGJSTYCXXNXGJST,第6章 神经系统疾病 (G00-G99)
G11.903,小脑共济失调,060,XNGJST,第6章 神经系统疾病 (G00-G99)
G11.904,遗传性共济失调,060,YCXGJST,第6章 神经系统疾病 (G00-G99)
G11.905,原发性小脑变性,060,YFXXNBX,第6章 神经系统疾病 (G00-G99)
G12.001,松软婴儿综合征,060,SRYEZHZ,第6章 神经系统疾病 (G00-G99)
G12.002,婴儿性脊髓性肌萎缩,060,YEXJSXJWS,第6章 神经系统疾病 (G00-G99)
G12.201,肌萎缩侧索硬化,060,JWSCSYH,第6章 神经系统疾病 (G00-G99)
G12.202,继发性侧索硬化,060,JFXCSYH,第6章 神经系统疾病 (G00-G99)
G12.203,假性球麻痹,060,JXQMB,第6章 神经系统疾病 (G00-G99)
G12.204,进行性核上性麻痹,060,JXXHSXMB,第6章 神经系统疾病 (G00-G99)
G12.205,进行性肌萎缩,060,JXXJWS,第6章 神经系统疾病 (G00-G99)
G12.206,进行性脊髓性肌萎缩,060,JXXJSXJWS,第6章 神经系统疾病 (G00-G99)
G12.207,进行性球麻痹,060,JXXQMB,第6章 神经系统疾病 (G00-G99)
G12.208,原发性侧索硬化,060,YFXCSYH,第6章 神经系统疾病 (G00-G99)
G12.209,运动神经元变性病,060,YDSJYBXB,第6章 神经系统疾病 (G00-G99)
G12.210,运动神经元病,060,YDSJYB,第6章 神经系统疾病 (G00-G99)
G12.211,进行性延髓麻痹,060,JXXYSMB,第6章 神经系统疾病 (G00-G99)
G12.212,球麻庳,060,QMB,第6章 神经系统疾病 (G00-G99)
G12.213,延髓麻庳,060,YSMB,第6章 神经系统疾病 (G00-G99)
G12.214,平山病,060,PSB,第6章 神经系统疾病 (G00-G99)
G12.901,脊髓性肌萎缩,060,JSXJWS,第6章 神经系统疾病 (G00-G99)
G20  01,帕金森叠加综合征,062,PJSDJZHZ,第6章 神经系统疾病 (G00-G99)
G20  02,帕金森氏病,062,PJSSB,第6章 神经系统疾病 (G00-G99)
G20  03,原发性帕金森氏综合征,062,YFXPJSSZHZ,第6章 神经系统疾病 (G00-G99)
G20  04,震颤性麻庳,062,ZCXMB,第6章 神经系统疾病 (G00-G99)
G21.001,恶性抗精神病药综合征,060,WXKJSBYZHZ,第6章 神经系统疾病 (G00-G99)
G21.901,继发性帕金森氏综合征,060,JFXPJSSZHZ,第6章 神经系统疾病 (G00-G99)
G23.801,橄榄体脑桥小脑萎缩,060,GLTNQXNWS,第6章 神经系统疾病 (G00-G99)
G23.802,橄榄体脑桥小脑变性,060,GLTNQXNBX,第6章 神经系统疾病 (G00-G99)
G24.101,扭转痉挛,060,NZJL,第6章 神经系统疾病 (G00-G99)
G24.102,特发性家族性肌张力障碍,060,TFXJZXJZLZA,第6章 神经系统疾病 (G00-G99)
G24.301,痉挛性斜颈,060,JLXXJ,第6章 神经系统疾病 (G00-G99)
G24.401,口面运动障碍,060,KMYDZA,第6章 神经系统疾病 (G00-G99)
G24.501,眼睑痉挛,060,YJJL,第6章 神经系统疾病 (G00-G99)
G24.502,Meige综合征（特发性眼睑痉挛-口下颌肌张力障碍）,060,ZHZTFXYJJLKXHJZLZA,第6章 神经系统疾病 (G00-G99)
G24.801,多巴反应性肌张力障碍,060,DBFYXJZLZA,第6章 神经系统疾病 (G00-G99)
G24.901,肌紧张异常,060,JJZYC,第6章 神经系统疾病 (G00-G99)
G24.902,运动障碍,060,YDZA,第6章 神经系统疾病 (G00-G99)
G24.903,肌张力障碍,060,JZLZA,第6章 神经系统疾病 (G00-G99)
G25.001,良性特发性震颤,060,LXTFXZC,第6章 神经系统疾病 (G00-G99)
G25.301,肌阵挛,060,JZL,第6章 神经系统疾病 (G00-G99)
G25.501,偏身舞蹈病,060,PSWDB,第6章 神经系统疾病 (G00-G99)
G25.502,舞蹈病,060,WDB,第6章 神经系统疾病 (G00-G99)
G25.503,舞蹈样手足搐动症,060,WDYSZCDZ,第6章 神经系统疾病 (G00-G99)
G25.504,小舞蹈病,060,XWDB,第6章 神经系统疾病 (G00-G99)
G25.801,不安腿综合征,060,BATZHZ,第6章 神经系统疾病 (G00-G99)
G25.802,进行性苍白球萎缩,060,JXXCBQWS,第6章 神经系统疾病 (G00-G99)
G25.803,纹状体综合征,060,WZTZHZ,第6章 神经系统疾病 (G00-G99)
G25.901,基底节病变,060,JDJBB,第6章 神经系统疾病 (G00-G99)
G25.902,"神经节(基底神经节,脑)综合征",060,SJJJDSJJNZHZ,第6章 神经系统疾病 (G00-G99)
G25.903,锥体外系疾病,060,ZTWXJB,第6章 神经系统疾病 (G00-G99)
G25.905,锥体外系疾病,060,ZTWXJB,第6章 神经系统疾病 (G00-G99)
G30.904,阿耳茨海默氏病(早老性痴呆),060,AECHMSBZLXCD,第6章 神经系统疾病 (G00-G99)
G31.001,皮克氏病(脑叶萎缩),060,PKSBNYWS,第6章 神经系统疾病 (G00-G99)
G31.101,老年性脑变性,060,LNXNBX,第6章 神经系统疾病 (G00-G99)
G31.102,老年性脑萎缩,060,LNXNWS,第6章 神经系统疾病 (G00-G99)
G31.201,慢性酒精中毒性神经系统损害,060,MXJJZDXSJXTSH,第6章 神经系统疾病 (G00-G99)
G31.202,酒精中毒性脑病,060,JJZDXNB,第6章 神经系统疾病 (G00-G99)
G31.801,脊髓变性,060,JSBX,第6章 神经系统疾病 (G00-G99)
G31.802,亚速尔病(Azorean Disease),060,YSEB,第6章 神经系统疾病 (G00-G99)
G31.901,大脑变性,060,DNBX,第6章 神经系统疾病 (G00-G99)
G31.902,多神经系统变性,060,DSJXTBX,第6章 神经系统疾病 (G00-G99)
G31.903,儿童期脑萎缩,060,ETQNWS,第6章 神经系统疾病 (G00-G99)
G31.904,脊髓小脑变性,060,JSXNBX,第6章 神经系统疾病 (G00-G99)
G31.905,末稍神经退行性改变,060,MSSJTXXGB,第6章 神经系统疾病 (G00-G99)
G31.906,脑萎缩,060,NWS,第6章 神经系统疾病 (G00-G99)
G31.907,皮质延髓小脑萎缩,060,PZYSXNWS,第6章 神经系统疾病 (G00-G99)
G31.908,神经系统变性病,060,SJXTBXB,第6章 神经系统疾病 (G00-G99)
G31.909,小脑变性,060,XNBX,第6章 神经系统疾病 (G00-G99)
G31.910,小脑萎缩,060,XNWS,第6章 神经系统疾病 (G00-G99)
G31.911,婴儿进行性大脑变性,060,YEJXXDNBX,第6章 神经系统疾病 (G00-G99)
G31.912,中枢神经系统变性,060,ZSSJXTBX,第6章 神经系统疾病 (G00-G99)
G35  01,多发性硬化,060,DFXYH,第6章 神经系统疾病 (G00-G99)
G35  02+ F02.803*,多发性硬化痴呆,060,DFXYHCD,第6章 神经系统疾病 (G00-G99)
G36.001,视神经脊髓炎,060,SSJJSY,第6章 神经系统疾病 (G00-G99)
G37.001,弥漫性硬化,060,MMXYH,第6章 神经系统疾病 (G00-G99)
G37.002,谢德尔氏病(弥漫性轴周性脑病),060,XDESBMMXZZXNB,第6章 神经系统疾病 (G00-G99)
G37.301,急性横贯性脊髓炎,060,JXHGXJSY,第6章 神经系统疾病 (G00-G99)
G37.302,脊髓横贯性损害,060,JSHGXSH,第6章 神经系统疾病 (G00-G99)
G37.303,横贯性脊髓炎,060,HGXJSY,第6章 神经系统疾病 (G00-G99)
G37.801,脱髓鞘性白质脑病,060,TSQXBZNB,第6章 神经系统疾病 (G00-G99)
G37.802,脱髓鞘性脑病,060,TSQXNB,第6章 神经系统疾病 (G00-G99)
G37.901,脱髓鞘病,060,TSQB,第6章 神经系统疾病 (G00-G99)
G37.902,临床孤立综合征,060,LCGLZHZ,第6章 神经系统疾病 (G00-G99)
G40.101,部分性癫痫,063,BFXDX,第6章 神经系统疾病 (G00-G99)
G40.102,杰克逊氏癫痫,063,JKXSDX,第6章 神经系统疾病 (G00-G99)
G40.103,杰克逊氏癫痫(头痛型),063,JKXSDXTTX,第6章 神经系统疾病 (G00-G99)
G40.104,局灶性癫痫,063,JZXDX,第6章 神经系统疾病 (G00-G99)
G40.105,旋转性癫痫发作,063,XZXDXFZ,第6章 神经系统疾病 (G00-G99)
G40.201,精神运动性癫痫,063,JSYDXDX,第6章 神经系统疾病 (G00-G99)
G40.202,颞叶性癫痫,063,NYXDX,第6章 神经系统疾病 (G00-G99)
G40.301,发作性肌阵挛,063,FZXJZL,第6章 神经系统疾病 (G00-G99)
G40.302,混合型癫痫,063,HHXDX,第6章 神经系统疾病 (G00-G99)
G40.303,肌阵挛性癫痫,063,JZLXDX,第6章 神经系统疾病 (G00-G99)
G40.304,翁韦里希特-伦德伯格氏病(肌阵挛性癫痫),063,WWLXTLDBGSBJZLXDX,第6章 神经系统疾病 (G00-G99)
G40.305,进行性肌阵挛性癫痫,063,JXXJZLXDX,第6章 神经系统疾病 (G00-G99)
G40.306,强直性癫痫,063,QZXDX,第6章 神经系统疾病 (G00-G99)
G40.307,强直-阵挛性癫痫,063,QZZLXDX,第6章 神经系统疾病 (G00-G99)
G40.308,全身性非惊厥性癫痫,063,QSXFJJXDX,第6章 神经系统疾病 (G00-G99)
G40.309,全身惊厥性疾病,063,QSJJXJB,第6章 神经系统疾病 (G00-G99)
G40.310,阵挛性癫痫,063,ZLXDX,第6章 神经系统疾病 (G00-G99)
G40.401,婴儿性痉挛,063,YEXJL,第6章 神经系统疾病 (G00-G99)
G40.501,继发性癫痫,063,JFXDX,第6章 神经系统疾病 (G00-G99)
G40.801,反射性癫痫,063,FSXDX,第6章 神经系统疾病 (G00-G99)
G40.802,腹型癫痫,063,FXDX,第6章 神经系统疾病 (G00-G99)
G40.803,内脏性癫痫,063,NZXDX,第6章 神经系统疾病 (G00-G99)
G40.804,症状性癫痫,063,ZZXDX,第6章 神经系统疾病 (G00-G99)
G40.805,植物神经性癫痫,063,ZWSJXDX,第6章 神经系统疾病 (G00-G99)
G40.901,癫痫,063,DX,第6章 神经系统疾病 (G00-G99)
G40.902,间脑性癫痫,063,JNXDX,第6章 神经系统疾病 (G00-G99)
G41.001,癫痫大发作状态,063,DXDFZZT,第6章 神经系统疾病 (G00-G99)
G41.101,癫痫失神状态,063,DXSSZT,第6章 神经系统疾病 (G00-G99)
G41.102,癫痫小发作状态,063,DXXFZZT,第6章 神经系统疾病 (G00-G99)
G41.901,癫痫连续状态,063,DXLXZT,第6章 神经系统疾病 (G00-G99)
G43.001,普通型偏头痛,060,PTXPTT,第6章 神经系统疾病 (G00-G99)
G43.801,血管性偏头痛,060,XGXPTT,第6章 神经系统疾病 (G00-G99)
G43.802,眼肌瘫痪型偏头痛,060,YJTHXPTT,第6章 神经系统疾病 (G00-G99)
G43.901,偏头痛,060,PTT,第6章 神经系统疾病 (G00-G99)
G44.001,丛集性头痛,060,CJXTT,第6章 神经系统疾病 (G00-G99)
G44.101,神经性头痛,060,SJXTT,第6章 神经系统疾病 (G00-G99)
G44.102,血管神经性头痛,060,XGSJXTT,第6章 神经系统疾病 (G00-G99)
G44.103,血管性头痛,060,XGXTT,第6章 神经系统疾病 (G00-G99)
G44.201,紧张性头痛,060,JZXTT,第6章 神经系统疾病 (G00-G99)
G44.801,头痛综合症,060,TTZHZ,第6章 神经系统疾病 (G00-G99)
G45.001,椎基底动脉供血不足,060,ZJDDMGXBZ,第6章 神经系统疾病 (G00-G99)
G45.101,颈内动脉供血不足,060,JNDMGXBZ,第6章 神经系统疾病 (G00-G99)
G45.102,颈内动脉缺血,060,JNDMQX,第6章 神经系统疾病 (G00-G99)
G45.801,锁骨下盗血综合征,060,SGXDXZHZ,第6章 神经系统疾病 (G00-G99)
G45.802,无名动脉盗血综合征,060,WMDMDXZHZ,第6章 神经系统疾病 (G00-G99)
G45.901,短暂性脑缺血,060,DZXNQX,第6章 神经系统疾病 (G00-G99)
G45.902,脑动脉痉挛,060,NDMJL,第6章 神经系统疾病 (G00-G99)
G47.001,失眠,060,SM,第6章 神经系统疾病 (G00-G99)
G47.301,阻塞性睡眠呼吸暂停综合征,060,ZSXSMHXZTZHZ,第6章 神经系统疾病 (G00-G99)
G47.401,猝倒,060,CD,第6章 神经系统疾病 (G00-G99)
G47.402,发作性睡眠,060,FZXSM,第6章 神经系统疾病 (G00-G99)
G47.901,睡眠障碍,060,SMZA,第6章 神经系统疾病 (G00-G99)
G50.001,眶上神经痛,060,KSSJT,第6章 神经系统疾病 (G00-G99)
G50.002,三叉神经痛,060,SCSJT,第6章 神经系统疾病 (G00-G99)
G50.003,筛前神经痛,060,SQSJT,第6章 神经系统疾病 (G00-G99)
G50.801,三叉神经麻痹,060,SCSJMB,第6章 神经系统疾病 (G00-G99)
G50.802,三叉神经炎,060,SCSJY,第6章 神经系统疾病 (G00-G99)
G50.803,味觉性出汗综合征,060,WJXCHZHZ,第6章 神经系统疾病 (G00-G99)
G50.901,三叉神经病,060,SCSJB,第6章 神经系统疾病 (G00-G99)
G51.001,贝尔氏麻痹,060,BESMB,第6章 神经系统疾病 (G00-G99)
G51.002,面神经麻痹,060,MSJMB,第6章 神经系统疾病 (G00-G99)
G51.003,眼轮匝肌麻痹,060,YLZJMB,第6章 神经系统疾病 (G00-G99)
G51.101,膝状神经节炎,060,XZSJJY,第6章 神经系统疾病 (G00-G99)
G51.301,面肌痉挛,060,MJJL,第6章 神经系统疾病 (G00-G99)
G51.801,面肌萎缩,060,MJWS,第6章 神经系统疾病 (G00-G99)
G51.802,面神经炎,060,MSJY,第6章 神经系统疾病 (G00-G99)
G51.803,颜面萎缩症,060,YMWSZ,第6章 神经系统疾病 (G00-G99)
G51.901,面神经功能障碍,060,MSJGNZA,第6章 神经系统疾病 (G00-G99)
G52.001,嗅神经疾患,060,XSJJH,第6章 神经系统疾病 (G00-G99)
G52.101,舌咽神经疾患,060,SYSJJH,第6章 神经系统疾病 (G00-G99)
G52.102,舌咽神经痛,060,SYSJT,第6章 神经系统疾病 (G00-G99)
G52.201,喉返神经麻痹,060,HFSJMB,第6章 神经系统疾病 (G00-G99)
G52.202,喉返神经炎,060,HFSJY,第6章 神经系统疾病 (G00-G99)
G52.203,迷走神经疾患,060,MZSJJH,第6章 神经系统疾病 (G00-G99)
G52.204,迷走神经亢进,060,MZSJKJ,第6章 神经系统疾病 (G00-G99)
G52.301,舌下神经疾患,060,SXSJJH,第6章 神经系统疾病 (G00-G99)
G52.302,舌下神经麻痹,060,SXSJMB,第6章 神经系统疾病 (G00-G99)
G52.701,多发性颅神经麻痹,060,DFXLSJMB,第6章 神经系统疾病 (G00-G99)
G52.702,多发性颅神经损害,060,DFXLSJSH,第6章 神经系统疾病 (G00-G99)
G52.703,多发性颅神经炎,060,DFXLSJY,第6章 神经系统疾病 (G00-G99)
G52.704,颈静脉孔综合征,060,JJMKZHZ,第6章 神经系统疾病 (G00-G99)
G52.705,维拉雷氏综合征,060,WLLSZHZ,第6章 神经系统疾病 (G00-G99)
G52.801,副神经疾患,060,FSJJH,第6章 神经系统疾病 (G00-G99)
G52.802,斜方肌麻痹,060,XFJMB,第6章 神经系统疾病 (G00-G99)
G52.901,颅神经麻痹,060,LSJMB,第6章 神经系统疾病 (G00-G99)
G52.902,颅神经炎,060,LSJY,第6章 神经系统疾病 (G00-G99)
G54.001,臂丛神经损害,060,BCSJSH,第6章 神经系统疾病 (G00-G99)
G54.002,臂神经麻痹,060,BSJMB,第6章 神经系统疾病 (G00-G99)
G54.003,胸廓出口综合征,060,XKCKZHZ,第6章 神经系统疾病 (G00-G99)
G54.004,Reiter综合征,060,RTZHZ,第6章 神经系统疾病 (G00-G99)
G54.201,颈神经根损害,060,JSJGSH,第6章 神经系统疾病 (G00-G99)
G54.401,腰骶神经根损害,060,YDSJGSH,第6章 神经系统疾病 (G00-G99)
G54.501,神经痛性肌萎缩,060,SJTXJWS,第6章 神经系统疾病 (G00-G99)
G54.601,幻肢综合症,060,HZZHZ,第6章 神经系统疾病 (G00-G99)
G56.001,腕管综合征,060,WGZHZ,第6章 神经系统疾病 (G00-G99)
G56.101,正中神经损害,060,ZZSJSH,第6章 神经系统疾病 (G00-G99)
G56.201,迟发性尺神经炎,060,CFXCSJY,第6章 神经系统疾病 (G00-G99)
G56.202,尺神经麻痹,060,CSJMB,第6章 神经系统疾病 (G00-G99)
G56.203,尺神经损害,060,CSJSH,第6章 神经系统疾病 (G00-G99)
G56.204,尺神经炎,060,CSJY,第6章 神经系统疾病 (G00-G99)
G56.205,肘管综合征,060,ZGZHZ,第6章 神经系统疾病 (G00-G99)
G56.206,尺神经卡压综合征,060,CSJKYZHZ,第6章 神经系统疾病 (G00-G99)
G56.301,桡神经损害,060,RSJSH,第6章 神经系统疾病 (G00-G99)
G56.302,桡神经卡压综合征,060,RSJKYZHZ,第6章 神经系统疾病 (G00-G99)
G56.401,灼性神经痛,060,ZXSJT,第6章 神经系统疾病 (G00-G99)
G57.001,梨状肌综合征,060,LZJZHZ,第6章 神经系统疾病 (G00-G99)
G57.002,坐骨神经损害,060,ZGSJSH,第6章 神经系统疾病 (G00-G99)
G57.003,坐骨神经粘连,060,ZGSJNL,第6章 神经系统疾病 (G00-G99)
G57.101,股外侧皮神经综合征,060,GWCPSJZHZ,第6章 神经系统疾病 (G00-G99)
G57.201,股神经麻痹,060,GSJMB,第6章 神经系统疾病 (G00-G99)
G57.301,腓深神经麻痹,060,FSSJMB,第6章 神经系统疾病 (G00-G99)
G57.302,腓神经麻痹,060,FSJMB,第6章 神经系统疾病 (G00-G99)
G57.303,腓总神经损害,060,FZSJSH,第6章 神经系统疾病 (G00-G99)
G57.501,胫后神经嵌压综合征,060,JHSJQYZHZ,第6章 神经系统疾病 (G00-G99)
G57.502,踝管综合症,060,HGZHZ,第6章 神经系统疾病 (G00-G99)
G57.601,跖趾神经炎,060,ZZSJY,第6章 神经系统疾病 (G00-G99)
G57.801,足背神经卡压,060,ZBSJKY,第6章 神经系统疾病 (G00-G99)
G58.001,肋间神经痛,060,LJSJT,第6章 神经系统疾病 (G00-G99)
G58.801,膈神经麻痹,060,GSJMB,第6章 神经系统疾病 (G00-G99)
G58.802,枕大神经痛,060,ZDSJT,第6章 神经系统疾病 (G00-G99)
G58.803,枕大神经炎,060,ZDSJY,第6章 神经系统疾病 (G00-G99)
G58.804,枕神经痛,060,ZSJT,第6章 神经系统疾病 (G00-G99)
G58.805,肩胛背神经卡压,060,JJBSJKY,第6章 神经系统疾病 (G00-G99)
G58.901,单神经炎,060,DSJY,第6章 神经系统疾病 (G00-G99)
G58.902,神经功能障碍,060,SJGNZA,第6章 神经系统疾病 (G00-G99)
G58.903,神经麻庳,060,SJMB,第6章 神经系统疾病 (G00-G99)
G60.001,腓骨肌萎缩,060,FGJWS,第6章 神经系统疾病 (G00-G99)
G60.002,夏科-马丽-图斯氏病(进行性神经性肌萎缩),060,XKMLTSSBJXXSJXJWS,第6章 神经系统疾病 (G00-G99)
G60.801,感觉性多神经病,060,GJXDSJB,第6章 神经系统疾病 (G00-G99)
G60.802,里吉综合征,060,LJZHZ,第6章 神经系统疾病 (G00-G99)
G60.803,"色素沉着,水肿,多发性神经病综合征",060,SSCZSZDFXSJBZHZ,第6章 神经系统疾病 (G00-G99)
G60.804,遗传性感觉性神经病,060,YCXGJXSJB,第6章 神经系统疾病 (G00-G99)
G60.901,遗传性周围神经病,060,YCXZWSJB,第6章 神经系统疾病 (G00-G99)
G61.001,费舍综合征(变异型格林-巴利综合征),060,FSZHZBYXGLBLZHZ,第6章 神经系统疾病 (G00-G99)
G61.002,感染后多发性周围神经病,060,GRHDFXZWSJB,第6章 神经系统疾病 (G00-G99)
G61.003,格林-巴利氏综合征(急性感染性多神经炎,060,GLBLSZHZJXGRXDSJY,第6章 神经系统疾病 (G00-G99)
G61.004,慢性格林巴利氏综合征,060,MXGLBLSZHZ,第6章 神经系统疾病 (G00-G99)
G62.001,药物性多神经病,060,YWXDSJB,第6章 神经系统疾病 (G00-G99)
G62.002,药物性周围神经病,060,YWXZWSJB,第6章 神经系统疾病 (G00-G99)
G62.101,酒精中毒性周围神经病,060,JJZDXZWSJB,第6章 神经系统疾病 (G00-G99)
G62.102,慢性酒精中毒性神经病,060,MXJJZDXSJB,第6章 神经系统疾病 (G00-G99)
G62.201,化学性多神经病,060,HXXDSJB,第6章 神经系统疾病 (G00-G99)
G62.202,有机磷中毒性周围神经病,060,YJLZDXZWSJB,第6章 神经系统疾病 (G00-G99)
G62.203,中毒性多神经病,060,ZDXDSJB,第6章 神经系统疾病 (G00-G99)
G62.801,感觉神经异常,060,GJSJYC,第6章 神经系统疾病 (G00-G99)
G62.901,多发性神经根炎,060,DFXSJGY,第6章 神经系统疾病 (G00-G99)
G62.902,多发性神经炎,060,DFXSJY,第6章 神经系统疾病 (G00-G99)
G62.903,多神经病,060,DSJB,第6章 神经系统疾病 (G00-G99)
G62.904,周围神经病,060,ZWSJB,第6章 神经系统疾病 (G00-G99)
G62.905,周围神经炎,060,ZWSJY,第6章 神经系统疾病 (G00-G99)
G70.001,重症肌无力,060,ZZJWL,第6章 神经系统疾病 (G00-G99)
G70.101,中毒性肌神经疾患,060,ZDXJSJJH,第6章 神经系统疾病 (G00-G99)
G70.201,先天性肌弛缓,060,XTXJCH,第6章 神经系统疾病 (G00-G99)
G70.901,喉肌无力,060,HJWL,第6章 神经系统疾病 (G00-G99)
G70.902,肌神经疾患,060,JSJJH,第6章 神经系统疾病 (G00-G99)
G70.903,肌无力,060,JWL,第6章 神经系统疾病 (G00-G99)
G70.904,肌无力危象,060,JWLWX,第6章 神经系统疾病 (G00-G99)
G70.905,肌无力综合征,060,JWLZHZ,第6章 神经系统疾病 (G00-G99)
G70.906,继发性肌无力综合征,060,JFXJWLZHZ,第6章 神经系统疾病 (G00-G99)
G70.907,面肌肌无力,060,MJJWL,第6章 神经系统疾病 (G00-G99)
G70.908,神经肌病,060,SJJB,第6章 神经系统疾病 (G00-G99)
G71.001,肌营养不良,060,JYYBL,第6章 神经系统疾病 (G00-G99)
G71.002,假肥大性肌营养不良,060,JFDXJYYBL,第6章 神经系统疾病 (G00-G99)
G71.003,进行性(遗传性)肌营养不良,060,JXXYCXJYYBL,第6章 神经系统疾病 (G00-G99)
G71.004,远端型肌病,060,YDXJB,第6章 神经系统疾病 (G00-G99)
G71.101,ISAACS综合征,060,ZHZ,第6章 神经系统疾病 (G00-G99)
G71.102,强直性肌营养不良,060,QZXJYYBL,第6章 神经系统疾病 (G00-G99)
G71.103,萎缩性肌强直,060,WSXJQZ,第6章 神经系统疾病 (G00-G99)
G71.104,先天性肌强直,060,XTXJQZ,第6章 神经系统疾病 (G00-G99)
G71.201,先天性肌病,060,XTXJB,第6章 神经系统疾病 (G00-G99)
G71.301,线粒体肌病,060,XLTJB,第6章 神经系统疾病 (G00-G99)
G71.302,线粒体脑肌病,060,XLTNJB,第6章 神经系统疾病 (G00-G99)
G71.801,肌萎缩,060,JWS,第6章 神经系统疾病 (G00-G99)
G72.101,酒精性肌病,060,JJXJB,第6章 神经系统疾病 (G00-G99)
G72.201,中毒性肌病,060,ZDXJB,第6章 神经系统疾病 (G00-G99)
G72.301,低血钾性周期性麻痹,060,DXJXZQXMB,第6章 神经系统疾病 (G00-G99)
G72.302,高血钾性周期性麻痹,060,GXJXZQXMB,第6章 神经系统疾病 (G00-G99)
G72.303,甲亢性周期性麻痹,060,JKXZQXMB,第6章 神经系统疾病 (G00-G99)
G72.304,周期性麻痹,060,ZQXMB,第6章 神经系统疾病 (G00-G99)
G72.801,肌麻痹,060,JMB,第6章 神经系统疾病 (G00-G99)
G72.802,血管性肌病,060,XGXJB,第6章 神经系统疾病 (G00-G99)
G72.803,类固醇肌病,060,LGCJB,第6章 神经系统疾病 (G00-G99)
G72.804,横纹肌溶解症,060,HWJRJZ,第6章 神经系统疾病 (G00-G99)
G72.901,肌病,060,JB,第6章 神经系统疾病 (G00-G99)
G72.902,副肿瘤综合症,064,FZLZHZ,第6章 神经系统疾病 (G00-G99)
G80.201,婴儿性偏瘫,060,YEXPT,第6章 神经系统疾病 (G00-G99)
G80.301,双侧性手足徐动症,060,SCXSZXDZ,第6章 神经系统疾病 (G00-G99)
G80.302,婴儿大脑性手足徐动型轻瘫,060,YEDNXSZXDXQT,第6章 神经系统疾病 (G00-G99)
G80.901,脑性瘫痪,060,NXTH,第6章 神经系统疾病 (G00-G99)
G80.902,新生儿脑性麻痹,060,XSENXMB,第6章 神经系统疾病 (G00-G99)
G81.901,高血压性偏瘫,060,GXYXPT,第6章 神经系统疾病 (G00-G99)
G81.902,脑血管病性偏瘫,060,NXGBXPT,第6章 神经系统疾病 (G00-G99)
G81.903,偏瘫,060,PT,第6章 神经系统疾病 (G00-G99)
G81.904,轻偏瘫,060,QPT,第6章 神经系统疾病 (G00-G99)
G82.101,痉挛性截瘫,060,JLXJT,第6章 神经系统疾病 (G00-G99)
G82.201,不全截瘫,060,BQJT,第6章 神经系统疾病 (G00-G99)
G82.202,陈旧性脊柱骨折伴截瘫,060,CJXJZGZBJT,第6章 神经系统疾病 (G00-G99)
G82.204,高位截瘫,060,GWJT,第6章 神经系统疾病 (G00-G99)
G82.205,截瘫,060,JT,第6章 神经系统疾病 (G00-G99)
G82.501,四肢不全瘫,060,SZBQT,第6章 神经系统疾病 (G00-G99)
G82.502,四肢瘫,060,SZT,第6章 神经系统疾病 (G00-G99)
G83.101,下肢单瘫,060,XZDT,第6章 神经系统疾病 (G00-G99)
G83.201,上肢单瘫,060,SZDT,第6章 神经系统疾病 (G00-G99)
G83.401,马尾综合征,060,MWZHZ,第6章 神经系统疾病 (G00-G99)
G83.801,布朗-塞卡尔氏综合征,060,BLSKESZHZ,第6章 神经系统疾病 (G00-G99)
G83.802,托德氏<Todd氏>麻痹,060,TDSSMB,第6章 神经系统疾病 (G00-G99)
G83.803,完全性瘫痪,060,WQXTH,第6章 神经系统疾病 (G00-G99)
G83.804,睡眠麻痹,060,SMMB,第6章 神经系统疾病 (G00-G99)
G83.901,痉挛性瘫痪,060,JLXTH,第6章 神经系统疾病 (G00-G99)
G83.902,瘫痪,060,TH,第6章 神经系统疾病 (G00-G99)
G90.001,颈动脉窦晕厥,060,JDMDYJ,第6章 神经系统疾病 (G00-G99)
G90.201,霍纳氏综合征,060,HNSZHZ,第6章 神经系统疾病 (G00-G99)
G90.202,颈部神经损伤(霍纳氏综合征),060,JBSJSSHNSZHZ,第6章 神经系统疾病 (G00-G99)
G90.301,多系统变性(多系统萎缩),060,DXTBXDXTWS,第6章 神经系统疾病 (G00-G99)
G90.302,多系统变性病,060,DXTBXB,第6章 神经系统疾病 (G00-G99)
G90.801,交感神经炎,060,JGSJY,第6章 神经系统疾病 (G00-G99)
G90.901,植物神经功能紊乱,060,ZWSJGNWL,第6章 神经系统疾病 (G00-G99)
G91.001,交通性脑积水,060,JTXNJS,第6章 神经系统疾病 (G00-G99)
G91.101,梗阻性脑积水,060,GZXNJS,第6章 神经系统疾病 (G00-G99)
G91.102,中脑水管梗阻,060,ZNSGGZ,第6章 神经系统疾病 (G00-G99)
G91.301,外伤后脑积水,060,WSHNJS,第6章 神经系统疾病 (G00-G99)
G91.801,耳源性脑积水,060,EYXNJS,第6章 神经系统疾病 (G00-G99)
G91.901,脑积水,060,NJS,第6章 神经系统疾病 (G00-G99)
G91.902,硬脑膜下积水,060,YNMXJS,第6章 神经系统疾病 (G00-G99)
G91.903,硬脑膜下积液,060,YNMXJY,第6章 神经系统疾病 (G00-G99)
G92  01,中毒性脑病,060,ZDXNB,第6章 神经系统疾病 (G00-G99)
G93.001,蛛网膜囊肿,060,ZWMNZ,第6章 神经系统疾病 (G00-G99)
G93.002,脑囊肿,060,NNZ,第6章 神经系统疾病 (G00-G99)
G93.003,透明隔囊肿,060,TMGNZ,第6章 神经系统疾病 (G00-G99)
G93.004,硬脊膜外囊肿,060,YJMWNZ,第6章 神经系统疾病 (G00-G99)
G93.005,硬膜下囊肿,060,YMXNZ,第6章 神经系统疾病 (G00-G99)
G93.101,缺氧性脑病(肺性脑病),060,QYXNBFXNB,第6章 神经系统疾病 (G00-G99)
G93.102,脑缺氧症,060,NQYZ,第6章 神经系统疾病 (G00-G99)
G93.201,颅内压增高,060,LNYZG,第6章 神经系统疾病 (G00-G99)
G93.401,白质灰质性脑病,060,BZHZXNB,第6章 神经系统疾病 (G00-G99)
G93.402,低颅压综合征,060,DLYZHZ,第6章 神经系统疾病 (G00-G99)
G93.403,间脑病变,060,JNBB,第6章 神经系统疾病 (G00-G99)
G93.404,颅内压降低,060,LNYJD,第6章 神经系统疾病 (G00-G99)
G93.405,弥散性脑病,060,MSXNB,第6章 神经系统疾病 (G00-G99)
G93.406,脑白质病,060,NBZB,第6章 神经系统疾病 (G00-G99)
G93.407,脑病变,060,NBB,第6章 神经系统疾病 (G00-G99)
G93.408,脑白质病变,060,NBZBB,第6章 神经系统疾病 (G00-G99)
G93.501,枕骨大孔疝,060,ZGDKS,第6章 神经系统疾病 (G00-G99)
G93.502,脑干受压,060,NGSY,第6章 神经系统疾病 (G00-G99)
G93.503,脑干占位性病变,060,NGZWXBB,第6章 神经系统疾病 (G00-G99)
G93.504,脑干肿物,060,NGZW,第6章 神经系统疾病 (G00-G99)
G93.505,脑疝,060,NS,第6章 神经系统疾病 (G00-G99)
G93.506,脑受压,060,NSY,第6章 神经系统疾病 (G00-G99)
G93.507,小脑扁桃体疝,060,XNBTTS,第6章 神经系统疾病 (G00-G99)
G93.508,颅内真菌感染,060,LNZJGR,第6章 神经系统疾病 (G00-G99)
G93.601,脑水肿,060,NSZ,第6章 神经系统疾病 (G00-G99)
G93.602,脑干水肿,060,NGSZ,第6章 神经系统疾病 (G00-G99)
G93.701,赖氏综合征,060,LSZHZ,第6章 神经系统疾病 (G00-G99)
G93.801,闭锁综合征,060,BSZHZ,第6章 神经系统疾病 (G00-G99)
G93.802,后天性脑畸形,060,HTXNJX,第6章 神经系统疾病 (G00-G99)
G93.803,大脑钙化,060,DNGH,第6章 神经系统疾病 (G00-G99)
G93.804,颅内胆脂瘤,060,LNDZL,第6章 神经系统疾病 (G00-G99)
G93.805,大脑去皮层状态,060,DNQPCZT,第6章 神经系统疾病 (G00-G99)
G93.806,颅内积气,060,LNJQ,第6章 神经系统疾病 (G00-G99)
G93.807,脑钙化,060,NGH,第6章 神经系统疾病 (G00-G99)
G93.808,放射性脑病,060,FSXNB,第6章 神经系统疾病 (G00-G99)
G93.809,脑皮质胶质细胞增生,060,NPZJZXBZS,第6章 神经系统疾病 (G00-G99)
G93.810,脑软化,060,NRH,第6章 神经系统疾病 (G00-G99)
G93.811,脑室扩张,060,NSKZ,第6章 神经系统疾病 (G00-G99)
G93.812,丘脑功能衰竭,060,QNGNSJ,第6章 神经系统疾病 (G00-G99)
G93.813,丘脑红核综合征,060,QNHHZHZ,第6章 神经系统疾病 (G00-G99)
G93.814,丘脑综合征,060,QNZHZ,第6章 神经系统疾病 (G00-G99)
G93.815,去大脑强直,060,QDNQZ,第6章 神经系统疾病 (G00-G99)
G93.816,视丘反应综合征,060,SQFYZHZ,第6章 神经系统疾病 (G00-G99)
G93.817,胰腺脑病,060,YXNB,第6章 神经系统疾病 (G00-G99)
G93.818,中枢性呼吸衰竭,060,ZSXHXSJ,第6章 神经系统疾病 (G00-G99)
G93.819,蛛网膜憩室,060,ZWMQS,第6章 神经系统疾病 (G00-G99)
G93.901,脑干病变,060,NGBB,第6章 神经系统疾病 (G00-G99)
G93.902,脑干病变(脑干功能衰竭),060,NGBBNGGNSJ,第6章 神经系统疾病 (G00-G99)
G93.903,脑假瘤,060,NJL,第6章 神经系统疾病 (G00-G99)
G93.904,脑损害,060,NSH,第6章 神经系统疾病 (G00-G99)
G93.905,脑肿物,060,NZW,第6章 神经系统疾病 (G00-G99)
G93.906,器质性脑损害,060,QZXNSH,第6章 神经系统疾病 (G00-G99)
G93.907,代谢性脑病,060,DXXNB,第6章 神经系统疾病 (G00-G99)
G95.001,脊髓空洞症,060,JSKDZ,第6章 神经系统疾病 (G00-G99)
G95.101,急性脊髓梗塞,060,JXJSGS,第6章 神经系统疾病 (G00-G99)
G95.102,脊髓出血,060,JSCX,第6章 神经系统疾病 (G00-G99)
G95.103,脊髓动脉血栓,060,JSDMXS,第6章 神经系统疾病 (G00-G99)
G95.104,脊髓前动脉供血不足,060,JSQDMGXBZ,第6章 神经系统疾病 (G00-G99)
G95.105,脊髓前动脉血栓形成,060,JSQDMXSXC,第6章 神经系统疾病 (G00-G99)
G95.106,脊髓缺血,060,JSQX,第6章 神经系统疾病 (G00-G99)
G95.107,椎管内血肿,060,ZGNXZ,第6章 神经系统疾病 (G00-G99)
G95.201,脊髓受压,060,JSSY,第6章 神经系统疾病 (G00-G99)
G95.202,脊髓压迫症,060,JSYPZ,第6章 神经系统疾病 (G00-G99)
G95.801,放射性脊髓病,060,FSXJSB,第6章 神经系统疾病 (G00-G99)
G95.802,肝性脊髓病,060,GXJSB,第6章 神经系统疾病 (G00-G99)
G95.803,脊神经根囊肿,060,JSJGNZ,第6章 神经系统疾病 (G00-G99)
G95.804,脊髓内囊肿,060,JSNNZ,第6章 神经系统疾病 (G00-G99)
G95.805,脊髓前角病变,060,JSQJBB,第6章 神经系统疾病 (G00-G99)
G95.806,脊髓萎缩,060,JSWS,第6章 神经系统疾病 (G00-G99)
G95.807,脊髓膀胱,060,JSPG,第6章 神经系统疾病 (G00-G99)
G95.808,脊髓硬化,060,JSYH,第6章 神经系统疾病 (G00-G99)
G95.809,腰骶神经根囊肿,060,YDSJGNZ,第6章 神经系统疾病 (G00-G99)
G95.810,硬脊膜内囊肿(脊髓),060,YJMNNZJS,第6章 神经系统疾病 (G00-G99)
G95.811,椎管内囊肿,060,ZGNNZ,第6章 神经系统疾病 (G00-G99)
G95.812,脊髓软化,060,JSRH,第6章 神经系统疾病 (G00-G99)
G95.813,脊髓栓系,060,JSSX,第6章 神经系统疾病 (G00-G99)
G95.901,脊髓病,060,JSB,第6章 神经系统疾病 (G00-G99)
G95.902,脊髓占位性病变,060,JSZWXBB,第6章 神经系统疾病 (G00-G99)
G95.903,椎管内占位性病变,060,ZGNZWXBB,第6章 神经系统疾病 (G00-G99)
G95.904,脊髓血管病,060,JSXGB,第6章 神经系统疾病 (G00-G99)
G96.001,脑脊液鼻漏,060,NJYBL,第6章 神经系统疾病 (G00-G99)
G96.002,脑脊液耳漏,060,NJYEL,第6章 神经系统疾病 (G00-G99)
G96.003,脑脊液耳溢,060,NJYEY,第6章 神经系统疾病 (G00-G99)
G96.004,脑脊液漏,060,NJYL,第6章 神经系统疾病 (G00-G99)
G96.005,手术后脑脊液漏,060,SSHNJYL,第6章 神经系统疾病 (G00-G99)
G96.101,脊髓粘连,060,JSNL,第6章 神经系统疾病 (G00-G99)
G96.102,脊髓蛛网膜粘连,060,JSZWMNL,第6章 神经系统疾病 (G00-G99)
G96.103,马尾粘连,060,MWNL,第6章 神经系统疾病 (G00-G99)
G96.104,脑室粘连,060,NSNL,第6章 神经系统疾病 (G00-G99)
G96.105,髓外硬膜外囊肿,060,SWYMWNZ,第6章 神经系统疾病 (G00-G99)
G96.106,圆锥内表皮囊肿,060,YZNBPNZ,第6章 神经系统疾病 (G00-G99)
G96.107,蛛网膜粘连,060,ZWMNL,第6章 神经系统疾病 (G00-G99)
G96.108,脑粘连,060,NNL,第6章 神经系统疾病 (G00-G99)
G96.801,后天性脑膜膨出,060,HTXNMPC,第6章 神经系统疾病 (G00-G99)
G96.802,中枢协调功能障碍,060,ZSXTGNZA,第6章 神经系统疾病 (G00-G99)
G96.901,脑脊髓病,060,NJSB,第6章 神经系统疾病 (G00-G99)
G96.902,脑脊髓神经病,060,NJSSJB,第6章 神经系统疾病 (G00-G99)
G96.903,脑脊髓神经根病,060,NJSSJGB,第6章 神经系统疾病 (G00-G99)
G96.904,中枢神经系统并发症,060,ZSSJXTBFZ,第6章 神经系统疾病 (G00-G99)
G97.101,"低颅压性头痛,腰穿后",060,DLYXTTYCH,第6章 神经系统疾病 (G00-G99)
G97.801,创伤后脑膜缺损,060,CSHNMQS,第6章 神经系统疾病 (G00-G99)
G97.802,发生于操作中或操作后的缺氧性脑损害,060,FSYCZZHCZHDQYXNSH,第6章 神经系统疾病 (G00-G99)
G97.803,手术后脑膜膨出,060,SSHNMPC,第6章 神经系统疾病 (G00-G99)
G98  01,神经系统病变,060,SJXTBB,第6章 神经系统疾病 (G00-G99)
H00.001,睑板腺炎,064,JBXY,第7章 眼和附器疾病 (H00-H59) / 第8章 耳和乳突疾病 (H60-H95)
H00.002,睑腺炎(麦粒肿),064,JXYMLZ,第7章 眼和附器疾病 (H00-H59) / 第8章 耳和乳突疾病 (H60-H95)
H00.003,眼睑蜂窝织炎,064,YJFWZY,第7章 眼和附器疾病 (H00-H59) / 第8章 耳和乳突疾病 (H60-H95)
H00.004,眼睑脓肿,064,YJNZ,第7章 眼和附器疾病 (H00-H59) / 第8章 耳和乳突疾病 (H60-H95)
H00.101,睑板腺囊肿(霰粒肿),064,JBXNZXLZ,第7章 眼和附器疾病 (H00-H59) / 第8章 耳和乳突疾病 (H60-H95)
H01.001,睑(缘)炎,064,JYY,第7章 眼和附器疾病 (H00-H59) / 第8章 耳和乳突疾病 (H60-H95)
H01.002,新生儿睑缘炎,064,XSEJYY,第7章 眼和附器疾病 (H00-H59) / 第8章 耳和乳突疾病 (H60-H95)
H01.101,眼睑皮炎,064,YJPY,第7章 眼和附器疾病 (H00-H59) / 第8章 耳和乳突疾病 (H60-H95)
H01.801,眼睑瘘,064,YJL,第7章 眼和附器疾病 (H00-H59) / 第8章 耳和乳突疾病 (H60-H95)
H01.802,眼睑肉芽肿,064,YJRYZ,第7章 眼和附器疾病 (H00-H59) / 第8章 耳和乳突疾病 (H60-H95)
H01.901,眼睑炎,064,YJY,第7章 眼和附器疾病 (H00-H59) / 第8章 耳和乳突疾病 (H60-H95)
H02.001,瘢痕性倒睫,064,BHXDJ,第7章 眼和附器疾病 (H00-H59) / 第8章 耳和乳突疾病 (H60-H95)
H02.002,眼睑倒睫,064,YJDJ,第7章 眼和附器疾病 (H00-H59) / 第8章 耳和乳突疾病 (H60-H95)
H02.003,眼睑内翻,064,YJNF,第7章 眼和附器疾病 (H00-H59) / 第8章 耳和乳突疾病 (H60-H95)
H02.004,睑倒睫,064,JDJ,第7章 眼和附器疾病 (H00-H59) / 第8章 耳和乳突疾病 (H60-H95)
H02.101,睑外翻,064,JWF,第7章 眼和附器疾病 (H00-H59) / 第8章 耳和乳突疾病 (H60-H95)
H02.102,老年性睑外翻,064,LNXJWF,第7章 眼和附器疾病 (H00-H59) / 第8章 耳和乳突疾病 (H60-H95)
H02.103,麻痹性睑外翻,064,MBXJWF,第7章 眼和附器疾病 (H00-H59) / 第8章 耳和乳突疾病 (H60-H95)
H02.201,兔眼,064,TY,第7章 眼和附器疾病 (H00-H59) / 第8章 耳和乳突疾病 (H60-H95)
H02.301,睑皮肤松驰,064,JPFSC,第7章 眼和附器疾病 (H00-H59) / 第8章 耳和乳突疾病 (H60-H95)
H02.302,眼睑皮肤松垂,064,YJPFSC,第7章 眼和附器疾病 (H00-H59) / 第8章 耳和乳突疾病 (H60-H95)
H02.401,上睑下垂,064,SJXC,第7章 眼和附器疾病 (H00-H59) / 第8章 耳和乳突疾病 (H60-H95)
H02.501,睑疤痕性闭合不全,064,JBHXBHBQ,第7章 眼和附器疾病 (H00-H59) / 第8章 耳和乳突疾病 (H60-H95)
H02.502,睑裂闭合不全,064,JLBHBQ,第7章 眼和附器疾病 (H00-H59) / 第8章 耳和乳突疾病 (H60-H95)
H02.503,睑裂狭小,064,JLXX,第7章 眼和附器疾病 (H00-H59) / 第8章 耳和乳突疾病 (H60-H95)
H02.504,睑缘粘连,064,JYNL,第7章 眼和附器疾病 (H00-H59) / 第8章 耳和乳突疾病 (H60-H95)
H02.505,眼睑退缩症,064,YJTSZ,第7章 眼和附器疾病 (H00-H59) / 第8章 耳和乳突疾病 (H60-H95)
H02.506,眼睑闭锁,064,YJBS,第7章 眼和附器疾病 (H00-H59) / 第8章 耳和乳突疾病 (H60-H95)
H02.507,眼睑粘连性疤痕,064,YJNLXBH,第7章 眼和附器疾病 (H00-H59) / 第8章 耳和乳突疾病 (H60-H95)
H02.601,眼睑黄斑瘤,064,YJHBL,第7章 眼和附器疾病 (H00-H59) / 第8章 耳和乳突疾病 (H60-H95)
H02.701,睑板腺脂肪变性,064,JBXZFBX,第7章 眼和附器疾病 (H00-H59) / 第8章 耳和乳突疾病 (H60-H95)
H02.702,眶脂肪脱垂,064,KZFTC,第7章 眼和附器疾病 (H00-H59) / 第8章 耳和乳突疾病 (H60-H95)
H02.703,眉毛脱落,064,MMTL,第7章 眼和附器疾病 (H00-H59) / 第8章 耳和乳突疾病 (H60-H95)
H02.704,眉缺损,064,MQS,第7章 眼和附器疾病 (H00-H59) / 第8章 耳和乳突疾病 (H60-H95)
H02.705,眼睑坏死,064,YJHS,第7章 眼和附器疾病 (H00-H59) / 第8章 耳和乳突疾病 (H60-H95)
H02.801,陈旧性眼睑异物,064,CJXYJYW,第7章 眼和附器疾病 (H00-H59) / 第8章 耳和乳突疾病 (H60-H95)
H02.802,后天性内眦畸形,064,HTXNZJX,第7章 眼和附器疾病 (H00-H59) / 第8章 耳和乳突疾病 (H60-H95)
H02.803,后天性外眦畸形,064,HTXWZJX,第7章 眼和附器疾病 (H00-H59) / 第8章 耳和乳突疾病 (H60-H95)
H02.804,眼睑水肿,064,YJSZ,第7章 眼和附器疾病 (H00-H59) / 第8章 耳和乳突疾病 (H60-H95)
H02.805,烧伤后睑畸形,064,SSHJJX,第7章 眼和附器疾病 (H00-H59) / 第8章 耳和乳突疾病 (H60-H95)
H02.806,烧伤后眉毛缺损,064,SSHMMQS,第7章 眼和附器疾病 (H00-H59) / 第8章 耳和乳突疾病 (H60-H95)
H02.807,眼睑出血,064,YJCX,第7章 眼和附器疾病 (H00-H59) / 第8章 耳和乳突疾病 (H60-H95)
H02.808,眼睑黑变病,064,YJHBB,第7章 眼和附器疾病 (H00-H59) / 第8章 耳和乳突疾病 (H60-H95)
H02.809,眼睑后天性畸形,064,YJHTXJX,第7章 眼和附器疾病 (H00-H59) / 第8章 耳和乳突疾病 (H60-H95)
H02.810,眼睑囊肿,064,YJNZ,第7章 眼和附器疾病 (H00-H59) / 第8章 耳和乳突疾病 (H60-H95)
H02.811,眼睑皮脂腺囊肿,064,YJPZXNZ,第7章 眼和附器疾病 (H00-H59) / 第8章 耳和乳突疾病 (H60-H95)
H02.812,眼眦后天畸形,064,YZHTJX,第7章 眼和附器疾病 (H00-H59) / 第8章 耳和乳突疾病 (H60-H95)
H02.901,眼睑新生物,064,YJXSW,第7章 眼和附器疾病 (H00-H59) / 第8章 耳和乳突疾病 (H60-H95)
H02.902,眼睑肿物,064,YJZW,第7章 眼和附器疾病 (H00-H59) / 第8章 耳和乳突疾病 (H60-H95)
H02.903,眉弓部肿物,064,MGBZW,第7章 眼和附器疾病 (H00-H59) / 第8章 耳和乳突疾病 (H60-H95)
H04.001,急性泪腺炎,064,JXLXY,第7章 眼和附器疾病 (H00-H59) / 第8章 耳和乳突疾病 (H60-H95)
H04.002,慢性泪腺炎,064,MXLXY,第7章 眼和附器疾病 (H00-H59) / 第8章 耳和乳突疾病 (H60-H95)
H04.101,泪腺脱出,064,LXTC,第7章 眼和附器疾病 (H00-H59) / 第8章 耳和乳突疾病 (H60-H95)
H04.102,泪眼,064,LY,第7章 眼和附器疾病 (H00-H59) / 第8章 耳和乳突疾病 (H60-H95)
H04.103,泪液分泌过少,064,LYFMGS,第7章 眼和附器疾病 (H00-H59) / 第8章 耳和乳突疾病 (H60-H95)
H04.104,眼干燥综合征,064,YGZZHZ,第7章 眼和附器疾病 (H00-H59) / 第8章 耳和乳突疾病 (H60-H95)
H04.201,泪溢,064,LY,第7章 眼和附器疾病 (H00-H59) / 第8章 耳和乳突疾病 (H60-H95)
H04.301,化脓性泪囊炎,064,HNXLNY,第7章 眼和附器疾病 (H00-H59) / 第8章 耳和乳突疾病 (H60-H95)
H04.302,急性泪囊炎,064,JXLNY,第7章 眼和附器疾病 (H00-H59) / 第8章 耳和乳突疾病 (H60-H95)
H04.303,泪囊脓肿,064,LNNZ,第7章 眼和附器疾病 (H00-H59) / 第8章 耳和乳突疾病 (H60-H95)
H04.304,泪囊炎,064,LNY,第7章 眼和附器疾病 (H00-H59) / 第8章 耳和乳突疾病 (H60-H95)
H04.305,泪小管炎,064,LXGY,第7章 眼和附器疾病 (H00-H59) / 第8章 耳和乳突疾病 (H60-H95)
H04.401,慢性泪囊炎,064,MXLNY,第7章 眼和附器疾病 (H00-H59) / 第8章 耳和乳突疾病 (H60-H95)
H04.501,鼻泪管闭锁,064,BLGBS,第7章 眼和附器疾病 (H00-H59) / 第8章 耳和乳突疾病 (H60-H95)
H04.502,鼻泪管阻塞,064,BLGZS,第7章 眼和附器疾病 (H00-H59) / 第8章 耳和乳突疾病 (H60-H95)
H04.503,泪道梗阻,064,LDGZ,第7章 眼和附器疾病 (H00-H59) / 第8章 耳和乳突疾病 (H60-H95)
H04.504,泪道狭窄,064,LDXZ,第7章 眼和附器疾病 (H00-H59) / 第8章 耳和乳突疾病 (H60-H95)
H04.505,泪道阻塞,064,LDZS,第7章 眼和附器疾病 (H00-H59) / 第8章 耳和乳突疾病 (H60-H95)
H04.506,泪小管阻塞,064,LXGZS,第7章 眼和附器疾病 (H00-H59) / 第8章 耳和乳突疾病 (H60-H95)
H04.601,泪囊瘘,064,LNL,第7章 眼和附器疾病 (H00-H59) / 第8章 耳和乳突疾病 (H60-H95)
H04.602,泪囊囊肿,064,LNNZ,第7章 眼和附器疾病 (H00-H59) / 第8章 耳和乳突疾病 (H60-H95)
H04.603,泪囊粘液囊肿,064,LNNYNZ,第7章 眼和附器疾病 (H00-H59) / 第8章 耳和乳突疾病 (H60-H95)
H04.801,泪小管断裂,064,LXGDL,第7章 眼和附器疾病 (H00-H59) / 第8章 耳和乳突疾病 (H60-H95)
H04.901,泪囊肿物,064,LNZW,第7章 眼和附器疾病 (H00-H59) / 第8章 耳和乳突疾病 (H60-H95)
H04.902,泪阜肿物,064,LFZW,第7章 眼和附器疾病 (H00-H59) / 第8章 耳和乳突疾病 (H60-H95)
H05.001,眶蜂窝织炎,064,KFWZY,第7章 眼和附器疾病 (H00-H59) / 第8章 耳和乳突疾病 (H60-H95)
H05.002,眶内脓肿,064,KNNZ,第7章 眼和附器疾病 (H00-H59) / 第8章 耳和乳突疾病 (H60-H95)
H05.003,球筋膜炎,064,QJMY,第7章 眼和附器疾病 (H00-H59) / 第8章 耳和乳突疾病 (H60-H95)
H05.101,眶内肉芽肿,064,KNRYZ,第7章 眼和附器疾病 (H00-H59) / 第8章 耳和乳突疾病 (H60-H95)
H05.102,眶内炎性假瘤,064,KNYXJL,第7章 眼和附器疾病 (H00-H59) / 第8章 耳和乳突疾病 (H60-H95)
H05.103,眼眶非特异性炎症,064,YKFTYXYZ,第7章 眼和附器疾病 (H00-H59) / 第8章 耳和乳突疾病 (H60-H95)
H05.104,眼眶炎性肉芽肿,064,YKYXRYZ,第7章 眼和附器疾病 (H00-H59) / 第8章 耳和乳突疾病 (H60-H95)
H05.105,眼球后炎症,064,YQHYZ,第7章 眼和附器疾病 (H00-H59) / 第8章 耳和乳突疾病 (H60-H95)
H05.201,眶部出血,064,KBCX,第7章 眼和附器疾病 (H00-H59) / 第8章 耳和乳突疾病 (H60-H95)
H05.202,眶内血肿,064,KNXZ,第7章 眼和附器疾病 (H00-H59) / 第8章 耳和乳突疾病 (H60-H95)
H05.203,眼球突出,064,YQTC,第7章 眼和附器疾病 (H00-H59) / 第8章 耳和乳突疾病 (H60-H95)
H05.301,眶畸形,064,KJX,第7章 眼和附器疾病 (H00-H59) / 第8章 耳和乳突疾病 (H60-H95)
H05.501,眶内陈旧性异物,064,KNCJXYW,第7章 眼和附器疾病 (H00-H59) / 第8章 耳和乳突疾病 (H60-H95)
H05.801,眶部囊肿,064,KBNZ,第7章 眼和附器疾病 (H00-H59) / 第8章 耳和乳突疾病 (H60-H95)
H05.802,眶部粘液囊肿,064,KBNYNZ,第7章 眼和附器疾病 (H00-H59) / 第8章 耳和乳突疾病 (H60-H95)
H05.803,眶内上皮样囊肿,064,KNSPYNZ,第7章 眼和附器疾病 (H00-H59) / 第8章 耳和乳突疾病 (H60-H95)
H05.804,眼眶假瘤,064,YKJL,第7章 眼和附器疾病 (H00-H59) / 第8章 耳和乳突疾病 (H60-H95)
H05.805,眼球筋膜囊肿,064,YQJMNZ,第7章 眼和附器疾病 (H00-H59) / 第8章 耳和乳突疾病 (H60-H95)
H05.901,眶内占位性病变,064,KNZWXBB,第7章 眼和附器疾病 (H00-H59) / 第8章 耳和乳突疾病 (H60-H95)
H05.902,眶内肿物,064,KNZW,第7章 眼和附器疾病 (H00-H59) / 第8章 耳和乳突疾病 (H60-H95)
H10.101,变应性结膜炎,064,BYXJMY,第7章 眼和附器疾病 (H00-H59) / 第8章 耳和乳突疾病 (H60-H95)
H10.102,春季结膜炎,064,CJJMY,第7章 眼和附器疾病 (H00-H59) / 第8章 耳和乳突疾病 (H60-H95)
H10.201,卡他性结膜炎,064,KTXJMY,第7章 眼和附器疾病 (H00-H59) / 第8章 耳和乳突疾病 (H60-H95)
H10.301,急性结膜炎,064,JXJMY,第7章 眼和附器疾病 (H00-H59) / 第8章 耳和乳突疾病 (H60-H95)
H10.401,球结膜肉芽肿,064,QJMRYZ,第7章 眼和附器疾病 (H00-H59) / 第8章 耳和乳突疾病 (H60-H95)
H10.402,慢性结膜炎,064,MXJMY,第7章 眼和附器疾病 (H00-H59) / 第8章 耳和乳突疾病 (H60-H95)
H10.501,眼眦脓肿,064,YZNZ,第7章 眼和附器疾病 (H00-H59) / 第8章 耳和乳突疾病 (H60-H95)
H10.601,内眦囊肿,064,NZNZ,第7章 眼和附器疾病 (H00-H59) / 第8章 耳和乳突疾病 (H60-H95)
H10.801,感染性结膜炎,064,GRXJMY,第7章 眼和附器疾病 (H00-H59) / 第8章 耳和乳突疾病 (H60-H95)
H10.802,结膜溃疡,064,JMKY,第7章 眼和附器疾病 (H00-H59) / 第8章 耳和乳突疾病 (H60-H95)
H10.803,泡性结膜炎,064,PXJMY,第7章 眼和附器疾病 (H00-H59) / 第8章 耳和乳突疾病 (H60-H95)
H10.901,结膜炎,064,JMY,第7章 眼和附器疾病 (H00-H59) / 第8章 耳和乳突疾病 (H60-H95)
H10.902,细菌性结膜炎,064,XJXJMY,第7章 眼和附器疾病 (H00-H59) / 第8章 耳和乳突疾病 (H60-H95)
H10.903,眼炎,064,YY,第7章 眼和附器疾病 (H00-H59) / 第8章 耳和乳突疾病 (H60-H95)
H11.001,翼状胬肉,064,YZNR,第7章 眼和附器疾病 (H00-H59) / 第8章 耳和乳突疾病 (H60-H95)
H11.101,结膜变性,064,JMBX,第7章 眼和附器疾病 (H00-H59) / 第8章 耳和乳突疾病 (H60-H95)
H11.102,睑裂斑,064,JLB,第7章 眼和附器疾病 (H00-H59) / 第8章 耳和乳突疾病 (H60-H95)
H11.103,干眼病(结膜干燥),064,GYBJMGZ,第7章 眼和附器疾病 (H00-H59) / 第8章 耳和乳突疾病 (H60-H95)
H11.104,结膜干燥症,064,JMGZZ,第7章 眼和附器疾病 (H00-H59) / 第8章 耳和乳突疾病 (H60-H95)
H11.105,结膜角化,064,JMJH,第7章 眼和附器疾病 (H00-H59) / 第8章 耳和乳突疾病 (H60-H95)
H11.106,结膜结石,064,JMJS,第7章 眼和附器疾病 (H00-H59) / 第8章 耳和乳突疾病 (H60-H95)
H11.107,结膜色素沉着症,064,JMSSCZZ,第7章 眼和附器疾病 (H00-H59) / 第8章 耳和乳突疾病 (H60-H95)
H11.201,睑球粘连,064,JQNL,第7章 眼和附器疾病 (H00-H59) / 第8章 耳和乳突疾病 (H60-H95)
H11.202,结膜疤痕,064,JMBH,第7章 眼和附器疾病 (H00-H59) / 第8章 耳和乳突疾病 (H60-H95)
H11.301,结膜出血,064,JMCX,第7章 眼和附器疾病 (H00-H59) / 第8章 耳和乳突疾病 (H60-H95)
H11.401,结膜囊肿,064,JMNZ,第7章 眼和附器疾病 (H00-H59) / 第8章 耳和乳突疾病 (H60-H95)
H11.402,结膜血管增生,064,JMXGZS,第7章 眼和附器疾病 (H00-H59) / 第8章 耳和乳突疾病 (H60-H95)
H11.403,球结膜水肿,064,QJMSZ,第7章 眼和附器疾病 (H00-H59) / 第8章 耳和乳突疾病 (H60-H95)
H11.801,假性翼状胬肉,064,JXYZNR,第7章 眼和附器疾病 (H00-H59) / 第8章 耳和乳突疾病 (H60-H95)
H11.802,角结膜增生,064,JJMZS,第7章 眼和附器疾病 (H00-H59) / 第8章 耳和乳突疾病 (H60-H95)
H11.803,结膜淋巴管扩张,064,JMLBGKZ,第7章 眼和附器疾病 (H00-H59) / 第8章 耳和乳突疾病 (H60-H95)
H11.804,结膜囊畸形,064,JMNJX,第7章 眼和附器疾病 (H00-H59) / 第8章 耳和乳突疾病 (H60-H95)
H11.805,结膜囊挛缩,064,JMNLS,第7章 眼和附器疾病 (H00-H59) / 第8章 耳和乳突疾病 (H60-H95)
H11.806,结膜囊狭窄,064,JMNXZ,第7章 眼和附器疾病 (H00-H59) / 第8章 耳和乳突疾病 (H60-H95)
H11.807,结膜松驰,064,JMSC,第7章 眼和附器疾病 (H00-H59) / 第8章 耳和乳突疾病 (H60-H95)
H11.808,结膜息肉,064,JMXR,第7章 眼和附器疾病 (H00-H59) / 第8章 耳和乳突疾病 (H60-H95)
H11.809,手术后结膜瘘,064,SSHJML,第7章 眼和附器疾病 (H00-H59) / 第8章 耳和乳突疾病 (H60-H95)
H11.810,眼结膜脱垂,064,YJMTC,第7章 眼和附器疾病 (H00-H59) / 第8章 耳和乳突疾病 (H60-H95)
H11.811,结膜淋巴管阻塞,064,JMLBGZS,第7章 眼和附器疾病 (H00-H59) / 第8章 耳和乳突疾病 (H60-H95)
H11.901,结膜肿物,064,JMZW,第7章 眼和附器疾病 (H00-H59) / 第8章 耳和乳突疾病 (H60-H95)
H15.001,巩膜溃疡,064,GMKY,第7章 眼和附器疾病 (H00-H59) / 第8章 耳和乳突疾病 (H60-H95)
H15.002,巩膜脓肿,064,GMNZ,第7章 眼和附器疾病 (H00-H59) / 第8章 耳和乳突疾病 (H60-H95)
H15.003,巩膜炎,064,GMY,第7章 眼和附器疾病 (H00-H59) / 第8章 耳和乳突疾病 (H60-H95)
H15.801,巩膜黑变病,064,GMHBB,第7章 眼和附器疾病 (H00-H59) / 第8章 耳和乳突疾病 (H60-H95)
H15.802,巩膜葡萄肿,064,GMPTZ,第7章 眼和附器疾病 (H00-H59) / 第8章 耳和乳突疾病 (H60-H95)
H15.803,巩膜肉芽肿,064,GMRYZ,第7章 眼和附器疾病 (H00-H59) / 第8章 耳和乳突疾病 (H60-H95)
H15.804,巩膜粘连,064,GMNL,第7章 眼和附器疾病 (H00-H59) / 第8章 耳和乳突疾病 (H60-H95)
H15.805,睫状体巩膜葡萄肿,064,JZTGMPTZ,第7章 眼和附器疾病 (H00-H59) / 第8章 耳和乳突疾病 (H60-H95)
H15.806,巩膜囊肿,064,GMNZ,第7章 眼和附器疾病 (H00-H59) / 第8章 耳和乳突疾病 (H60-H95)
H15.807,巩膜溶解,064,GMRJ,第7章 眼和附器疾病 (H00-H59) / 第8章 耳和乳突疾病 (H60-H95)
H16.001,病毒性角膜溃疡,064,BDXJMKY,第7章 眼和附器疾病 (H00-H59) / 第8章 耳和乳突疾病 (H60-H95)
H16.002,角膜穿孔,064,JMCK,第7章 眼和附器疾病 (H00-H59) / 第8章 耳和乳突疾病 (H60-H95)
H16.003,角膜溃疡,064,JMKY,第7章 眼和附器疾病 (H00-H59) / 第8章 耳和乳突疾病 (H60-H95)
H16.004,前房积脓性角膜溃疡,064,QFJNXJMKY,第7章 眼和附器疾病 (H00-H59) / 第8章 耳和乳突疾病 (H60-H95)
H16.005,眼角膜溃疡穿孔,064,YJMKYCK,第7章 眼和附器疾病 (H00-H59) / 第8章 耳和乳突疾病 (H60-H95)
H16.101,电光性眼炎,064,DGXYY,第7章 眼和附器疾病 (H00-H59) / 第8章 耳和乳突疾病 (H60-H95)
H16.102,浅层点状角膜炎,064,QCDZJMY,第7章 眼和附器疾病 (H00-H59) / 第8章 耳和乳突疾病 (H60-H95)
H16.201,暴露性角膜结膜炎,064,BLXJMJMY,第7章 眼和附器疾病 (H00-H59) / 第8章 耳和乳突疾病 (H60-H95)
H16.202,小泡性角膜结膜炎,064,XPXJMJMY,第7章 眼和附器疾病 (H00-H59) / 第8章 耳和乳突疾病 (H60-H95)
H16.301,科根氏综合征(间质性角膜炎综合征),064,KGSZHZJZXJMYZHZ,第7章 眼和附器疾病 (H00-H59) / 第8章 耳和乳突疾病 (H60-H95)
H16.302,角膜脓肿,064,JMNZ,第7章 眼和附器疾病 (H00-H59) / 第8章 耳和乳突疾病 (H60-H95)
H16.303,实质性角膜炎,064,SZXJMY,第7章 眼和附器疾病 (H00-H59) / 第8章 耳和乳突疾病 (H60-H95)
H16.304,硬化性角膜炎,064,YHXJMY,第7章 眼和附器疾病 (H00-H59) / 第8章 耳和乳突疾病 (H60-H95)
H16.305,盘状角膜基质炎,064,PZJMJZY,第7章 眼和附器疾病 (H00-H59) / 第8章 耳和乳突疾病 (H60-H95)
H16.401,角膜血管翳,064,JMXGY,第7章 眼和附器疾病 (H00-H59) / 第8章 耳和乳突疾病 (H60-H95)
H16.802,细菌性角膜炎,064,XJXJMY,第7章 眼和附器疾病 (H00-H59) / 第8章 耳和乳突疾病 (H60-H95)
H16.803,大泡性角膜炎,064,DPXJMY,第7章 眼和附器疾病 (H00-H59) / 第8章 耳和乳突疾病 (H60-H95)
H16.804,疫苗接种角膜炎,064,YMJZJMY,第7章 眼和附器疾病 (H00-H59) / 第8章 耳和乳突疾病 (H60-H95)
H16.805,大疱性角膜结膜炎,064,DPXJMJMY,第7章 眼和附器疾病 (H00-H59) / 第8章 耳和乳突疾病 (H60-H95)
H16.806,粘连性角膜炎,064,NLXJMY,第7章 眼和附器疾病 (H00-H59) / 第8章 耳和乳突疾病 (H60-H95)
H16.807,反应性角膜炎,064,FYXJMY,第7章 眼和附器疾病 (H00-H59) / 第8章 耳和乳突疾病 (H60-H95)
H16.808,真菌性角膜炎,064,ZJXJMY,第7章 眼和附器疾病 (H00-H59) / 第8章 耳和乳突疾病 (H60-H95)
H16.809,化脓性角膜炎,064,HNXJMY,第7章 眼和附器疾病 (H00-H59) / 第8章 耳和乳突疾病 (H60-H95)
H16.810,神经麻痹性角膜炎,064,SJMBXJMY,第7章 眼和附器疾病 (H00-H59) / 第8章 耳和乳突疾病 (H60-H95)
H16.811,束状角膜炎,064,SZJMY,第7章 眼和附器疾病 (H00-H59) / 第8章 耳和乳突疾病 (H60-H95)
H16.901,角膜炎,064,JMY,第7章 眼和附器疾病 (H00-H59) / 第8章 耳和乳突疾病 (H60-H95)
H17.001,角膜粘连性白斑,064,JMNLXBB,第7章 眼和附器疾病 (H00-H59) / 第8章 耳和乳突疾病 (H60-H95)
H17.801,角膜白斑,064,JMBB,第7章 眼和附器疾病 (H00-H59) / 第8章 耳和乳突疾病 (H60-H95)
H17.802,角膜斑翳,064,JMBY,第7章 眼和附器疾病 (H00-H59) / 第8章 耳和乳突疾病 (H60-H95)
H17.803,角膜云翳,064,JMYY,第7章 眼和附器疾病 (H00-H59) / 第8章 耳和乳突疾病 (H60-H95)
H17.804,角膜薄翳,064,JMBY,第7章 眼和附器疾病 (H00-H59) / 第8章 耳和乳突疾病 (H60-H95)
H17.901,角膜瘢痕,064,JMBH,第7章 眼和附器疾病 (H00-H59) / 第8章 耳和乳突疾病 (H60-H95)
H17.902,角膜混浊,064,JMHZ,第7章 眼和附器疾病 (H00-H59) / 第8章 耳和乳突疾病 (H60-H95)
H18.001,富克斯氏综合征,064,FKSSZHZ,第7章 眼和附器疾病 (H00-H59) / 第8章 耳和乳突疾病 (H60-H95)
H18.002,角膜黑变病,064,JMHBB,第7章 眼和附器疾病 (H00-H59) / 第8章 耳和乳突疾病 (H60-H95)
H18.003,角膜血染,064,JMXR,第7章 眼和附器疾病 (H00-H59) / 第8章 耳和乳突疾病 (H60-H95)
H18.101,大泡性角膜病,064,DPXJMB,第7章 眼和附器疾病 (H00-H59) / 第8章 耳和乳突疾病 (H60-H95)
H18.201,角膜水肿,064,JMSZ,第7章 眼和附器疾病 (H00-H59) / 第8章 耳和乳突疾病 (H60-H95)
H18.401,角膜变性,064,JMBX,第7章 眼和附器疾病 (H00-H59) / 第8章 耳和乳突疾病 (H60-H95)
H18.402,角膜带状变性,064,JMDZBX,第7章 眼和附器疾病 (H00-H59) / 第8章 耳和乳突疾病 (H60-H95)
H18.403,角膜角化病,064,JMJHB,第7章 眼和附器疾病 (H00-H59) / 第8章 耳和乳突疾病 (H60-H95)
H18.404,角膜软化,064,JMRH,第7章 眼和附器疾病 (H00-H59) / 第8章 耳和乳突疾病 (H60-H95)
H18.405,老年环,064,LNH,第7章 眼和附器疾病 (H00-H59) / 第8章 耳和乳突疾病 (H60-H95)
H18.501,家族性遗传性角膜变性,064,JZXYCXJMBX,第7章 眼和附器疾病 (H00-H59) / 第8章 耳和乳突疾病 (H60-H95)
H18.502,角膜营养不良,064,JMYYBL,第7章 眼和附器疾病 (H00-H59) / 第8章 耳和乳突疾病 (H60-H95)
H18.601,圆锥形角膜,064,YZXJM,第7章 眼和附器疾病 (H00-H59) / 第8章 耳和乳突疾病 (H60-H95)
H18.701,角膜后弹力层膨出,064,JMHTLCPC,第7章 眼和附器疾病 (H00-H59) / 第8章 耳和乳突疾病 (H60-H95)
H18.702,角膜葡萄肿,064,JMPTZ,第7章 眼和附器疾病 (H00-H59) / 第8章 耳和乳突疾病 (H60-H95)
H18.703,球形角膜,064,QXJM,第7章 眼和附器疾病 (H00-H59) / 第8章 耳和乳突疾病 (H60-H95)
H18.801,角膜干燥症,064,JMGZZ,第7章 眼和附器疾病 (H00-H59) / 第8章 耳和乳突疾病 (H60-H95)
H18.802,角膜内皮失代偿,064,JMNPSDC,第7章 眼和附器疾病 (H00-H59) / 第8章 耳和乳突疾病 (H60-H95)
H18.803,角膜囊肿,064,JMNZ,第7章 眼和附器疾病 (H00-H59) / 第8章 耳和乳突疾病 (H60-H95)
H18.804,角膜皮赘,064,JMPZ,第7章 眼和附器疾病 (H00-H59) / 第8章 耳和乳突疾病 (H60-H95)
H18.805,角膜切口瘘,064,JMQKL,第7章 眼和附器疾病 (H00-H59) / 第8章 耳和乳突疾病 (H60-H95)
H18.806,角膜上皮脱落,064,JMSPTL,第7章 眼和附器疾病 (H00-H59) / 第8章 耳和乳突疾病 (H60-H95)
H18.807,角膜炎性肿物,064,JMYXZW,第7章 眼和附器疾病 (H00-H59) / 第8章 耳和乳突疾病 (H60-H95)
H18.901,陈旧性角膜炎,064,CJXJMY,第7章 眼和附器疾病 (H00-H59) / 第8章 耳和乳突疾病 (H60-H95)
H20.001,创伤性虹膜睫状体炎,064,CSXHMJZTY,第7章 眼和附器疾病 (H00-H59) / 第8章 耳和乳突疾病 (H60-H95)
H20.002,复发性虹膜睫状体炎,064,FFXHMJZTY,第7章 眼和附器疾病 (H00-H59) / 第8章 耳和乳突疾病 (H60-H95)
H20.003,前房积脓,064,QFJN,第7章 眼和附器疾病 (H00-H59) / 第8章 耳和乳突疾病 (H60-H95)
H20.004,急性虹膜睫状体炎,064,JXHMJZTY,第7章 眼和附器疾病 (H00-H59) / 第8章 耳和乳突疾病 (H60-H95)
H20.005,前房积脓性虹膜睫状体炎,064,QFJNXHMJZTY,第7章 眼和附器疾病 (H00-H59) / 第8章 耳和乳突疾病 (H60-H95)
H20.101,慢性虹膜睫状体炎,064,MXHMJZTY,第7章 眼和附器疾病 (H00-H59) / 第8章 耳和乳突疾病 (H60-H95)
H20.102,慢性虹膜炎,064,MXHMY,第7章 眼和附器疾病 (H00-H59) / 第8章 耳和乳突疾病 (H60-H95)
H20.103,慢性眼色素膜炎(慢性葡萄膜炎),064,MXYSSMYMXPTMY,第7章 眼和附器疾病 (H00-H59) / 第8章 耳和乳突疾病 (H60-H95)
H20.104,肉芽肿性色素膜炎,064,RYZXSSMY,第7章 眼和附器疾病 (H00-H59) / 第8章 耳和乳突疾病 (H60-H95)
H20.201,晶体诱发性眼色素膜炎,064,JTYFXYSSMY,第7章 眼和附器疾病 (H00-H59) / 第8章 耳和乳突疾病 (H60-H95)
H20.801,虹膜脓肿,064,HMNZ,第7章 眼和附器疾病 (H00-H59) / 第8章 耳和乳突疾病 (H60-H95)
H20.802,角膜葡萄膜炎,064,JMPTMY,第7章 眼和附器疾病 (H00-H59) / 第8章 耳和乳突疾病 (H60-H95)
H20.803,眼色素层脑膜炎,064,YSSCNMY,第7章 眼和附器疾病 (H00-H59) / 第8章 耳和乳突疾病 (H60-H95)
H20.804,全色素膜炎,064,QSSMY,第7章 眼和附器疾病 (H00-H59) / 第8章 耳和乳突疾病 (H60-H95)
H20.805,眼坏死型色素膜炎,064,YHSXSSMY,第7章 眼和附器疾病 (H00-H59) / 第8章 耳和乳突疾病 (H60-H95)
H20.806,异色性虹膜炎,064,YSXHMY,第7章 眼和附器疾病 (H00-H59) / 第8章 耳和乳突疾病 (H60-H95)
H20.901,虹膜睫状体炎,064,HMJZTY,第7章 眼和附器疾病 (H00-H59) / 第8章 耳和乳突疾病 (H60-H95)
H20.902,虹膜炎,064,HMY,第7章 眼和附器疾病 (H00-H59) / 第8章 耳和乳突疾病 (H60-H95)
H20.903,继发性虹膜炎,064,JFXHMY,第7章 眼和附器疾病 (H00-H59) / 第8章 耳和乳突疾病 (H60-H95)
H20.904,眼色素膜炎(葡萄膜炎),064,YSSMYPTMY,第7章 眼和附器疾病 (H00-H59) / 第8章 耳和乳突疾病 (H60-H95)
H21.001,虹膜出血,064,HMCX,第7章 眼和附器疾病 (H00-H59) / 第8章 耳和乳突疾病 (H60-H95)
H21.002,眼前房出血,064,YQFCX,第7章 眼和附器疾病 (H00-H59) / 第8章 耳和乳突疾病 (H60-H95)
H21.101,虹膜新生血管形成,064,HMXSXGXC,第7章 眼和附器疾病 (H00-H59) / 第8章 耳和乳突疾病 (H60-H95)
H21.102,虹膜红变,064,HMHB,第7章 眼和附器疾病 (H00-H59) / 第8章 耳和乳突疾病 (H60-H95)
H21.201,虹膜变性,064,HMBX,第7章 眼和附器疾病 (H00-H59) / 第8章 耳和乳突疾病 (H60-H95)
H21.202,虹膜缺损,064,HMQS,第7章 眼和附器疾病 (H00-H59) / 第8章 耳和乳突疾病 (H60-H95)
H21.203,虹膜萎缩,064,HMWS,第7章 眼和附器疾病 (H00-H59) / 第8章 耳和乳突疾病 (H60-H95)
H21.301,虹膜囊肿,064,HMNZ,第7章 眼和附器疾病 (H00-H59) / 第8章 耳和乳突疾病 (H60-H95)
H21.401,瞳孔膜闭,064,TKMB,第7章 眼和附器疾病 (H00-H59) / 第8章 耳和乳突疾病 (H60-H95)
H21.402,瞳孔闭锁,064,TKBS,第7章 眼和附器疾病 (H00-H59) / 第8章 耳和乳突疾病 (H60-H95)
H21.501,陈旧性虹膜睫状体炎,064,CJXHMJZTY,第7章 眼和附器疾病 (H00-H59) / 第8章 耳和乳突疾病 (H60-H95)
H21.502,陈旧性眼色素膜炎(陈旧性葡萄膜炎),064,CJXYSSMYCJXPTMY,第7章 眼和附器疾病 (H00-H59) / 第8章 耳和乳突疾病 (H60-H95)
H21.503,虹膜离断,064,HMLD,第7章 眼和附器疾病 (H00-H59) / 第8章 耳和乳突疾病 (H60-H95)
H21.504,虹膜前粘连,064,HMQNL,第7章 眼和附器疾病 (H00-H59) / 第8章 耳和乳突疾病 (H60-H95)
H21.505,虹膜粘连,064,HMNL,第7章 眼和附器疾病 (H00-H59) / 第8章 耳和乳突疾病 (H60-H95)
H21.506,前房后退(房角后退),064,QFHTFJHT,第7章 眼和附器疾病 (H00-H59) / 第8章 耳和乳突疾病 (H60-H95)
H21.507,前房角破裂,064,QFJPL,第7章 眼和附器疾病 (H00-H59) / 第8章 耳和乳突疾病 (H60-H95)
H21.508,瞳孔后粘连,064,TKHNL,第7章 眼和附器疾病 (H00-H59) / 第8章 耳和乳突疾病 (H60-H95)
H21.509,瞳孔移位,064,TKYW,第7章 眼和附器疾病 (H00-H59) / 第8章 耳和乳突疾病 (H60-H95)
H21.510,眼球粘连,064,YQNL,第7章 眼和附器疾病 (H00-H59) / 第8章 耳和乳突疾病 (H60-H95)
H21.801,虹膜角膜内皮综合征,064,HMJMNPZHZ,第7章 眼和附器疾病 (H00-H59) / 第8章 耳和乳突疾病 (H60-H95)
H21.802,虹膜突出,064,HMTC,第7章 眼和附器疾病 (H00-H59) / 第8章 耳和乳突疾病 (H60-H95)
H21.803,睫状体脱离,064,JZTTL,第7章 眼和附器疾病 (H00-H59) / 第8章 耳和乳突疾病 (H60-H95)
H25.001,老年性白内障未熟期,066,LNXBNZWSQ,第7章 眼和附器疾病 (H00-H59) / 第8章 耳和乳突疾病 (H60-H95)
H25.002,前极白内障,066,QJBNZ,第7章 眼和附器疾病 (H00-H59) / 第8章 耳和乳突疾病 (H60-H95)
H25.101,核硬化性白内障,066,HYHXBNZ,第7章 眼和附器疾病 (H00-H59) / 第8章 耳和乳突疾病 (H60-H95)
H25.901,老年性白内障,066,LNXBNZ,第7章 眼和附器疾病 (H00-H59) / 第8章 耳和乳突疾病 (H60-H95)
H26.001,老年前期白内障,065,LNQQBNZ,第7章 眼和附器疾病 (H00-H59) / 第8章 耳和乳突疾病 (H60-H95)
H26.002,青年期白内障,065,QNQBNZ,第7章 眼和附器疾病 (H00-H59) / 第8章 耳和乳突疾病 (H60-H95)
H26.003,幼年期白内障,065,YNQBNZ,第7章 眼和附器疾病 (H00-H59) / 第8章 耳和乳突疾病 (H60-H95)
H26.101,创伤性白内障,065,CSXBNZ,第7章 眼和附器疾病 (H00-H59) / 第8章 耳和乳突疾病 (H60-H95)
H26.102,晶体后囊膜破裂,065,JTHNMPL,第7章 眼和附器疾病 (H00-H59) / 第8章 耳和乳突疾病 (H60-H95)
H26.201,并发性白内障,065,BFXBNZ,第7章 眼和附器疾病 (H00-H59) / 第8章 耳和乳突疾病 (H60-H95)
H26.202,虹膜异色性白内障,065,HMYSXBNZ,第7章 眼和附器疾病 (H00-H59) / 第8章 耳和乳突疾病 (H60-H95)
H26.203,青光眼性白内障,065,QGYXBNZ,第7章 眼和附器疾病 (H00-H59) / 第8章 耳和乳突疾病 (H60-H95)
H26.301,激素性白内障,065,JSXBNZ,第7章 眼和附器疾病 (H00-H59) / 第8章 耳和乳突疾病 (H60-H95)
H26.302,中毒性白内障,065,ZDXBNZ,第7章 眼和附器疾病 (H00-H59) / 第8章 耳和乳突疾病 (H60-H95)
H26.401,后发性白内障,065,HFXBNZ,第7章 眼和附器疾病 (H00-H59) / 第8章 耳和乳突疾病 (H60-H95)
H26.402,继发性白内障,065,JFXBNZ,第7章 眼和附器疾病 (H00-H59) / 第8章 耳和乳突疾病 (H60-H95)
H26.403,膜性白内障,065,MXBNZ,第7章 眼和附器疾病 (H00-H59) / 第8章 耳和乳突疾病 (H60-H95)
H26.801,混合性白内障,065,HHXBNZ,第7章 眼和附器疾病 (H00-H59) / 第8章 耳和乳突疾病 (H60-H95)
H26.901,白内障,065,BNZ,第7章 眼和附器疾病 (H00-H59) / 第8章 耳和乳突疾病 (H60-H95)
H26.902,后天性白内障,065,HTXBNZ,第7章 眼和附器疾病 (H00-H59) / 第8章 耳和乳突疾病 (H60-H95)
H26.903,晶体混浊,065,JTHZ,第7章 眼和附器疾病 (H00-H59) / 第8章 耳和乳突疾病 (H60-H95)
H27.001,手术后无晶体,065,SSHWJT,第7章 眼和附器疾病 (H00-H59) / 第8章 耳和乳突疾病 (H60-H95)
H27.002,后天性无晶体,065,HTXWJT,第7章 眼和附器疾病 (H00-H59) / 第8章 耳和乳突疾病 (H60-H95)
H27.003,晶状体缺失,065,JZTQS,第7章 眼和附器疾病 (H00-H59) / 第8章 耳和乳突疾病 (H60-H95)
H27.101,晶状体不全脱位,065,JZTBQTW,第7章 眼和附器疾病 (H00-H59) / 第8章 耳和乳突疾病 (H60-H95)
H27.102,晶状体脱位,065,JZTTW,第7章 眼和附器疾病 (H00-H59) / 第8章 耳和乳突疾病 (H60-H95)
H30.001,近乳头性脉络膜视网膜炎,064,JRTXMLMSWMY,第7章 眼和附器疾病 (H00-H59) / 第8章 耳和乳突疾病 (H60-H95)
H30.002,渗出性脉络膜炎,064,SCXMLMY,第7章 眼和附器疾病 (H00-H59) / 第8章 耳和乳突疾病 (H60-H95)
H30.101,播散性脉络膜视网膜炎,064,BSXMLMSWMY,第7章 眼和附器疾病 (H00-H59) / 第8章 耳和乳突疾病 (H60-H95)
H30.801,原田氏综合征,064,YTSZHZ,第7章 眼和附器疾病 (H00-H59) / 第8章 耳和乳突疾病 (H60-H95)
H30.901,陈旧性脉络膜视网膜炎,064,CJXMLMSWMY,第7章 眼和附器疾病 (H00-H59) / 第8章 耳和乳突疾病 (H60-H95)
H30.902,结节性脉络膜炎,064,JJXMLMY,第7章 眼和附器疾病 (H00-H59) / 第8章 耳和乳突疾病 (H60-H95)
H30.903,视神经视网膜炎,064,SSJSWMY,第7章 眼和附器疾病 (H00-H59) / 第8章 耳和乳突疾病 (H60-H95)
H30.904,脉络膜视网膜炎,064,MLMSWMY,第7章 眼和附器疾病 (H00-H59) / 第8章 耳和乳突疾病 (H60-H95)
H31.001,视网膜瘢痕,064,SWMBH,第7章 眼和附器疾病 (H00-H59) / 第8章 耳和乳突疾病 (H60-H95)
H31.101,脉络膜萎缩,064,MLMWS,第7章 眼和附器疾病 (H00-H59) / 第8章 耳和乳突疾病 (H60-H95)
H31.102,脉络膜硬化,064,MLMYH,第7章 眼和附器疾病 (H00-H59) / 第8章 耳和乳突疾病 (H60-H95)
H31.301,脉络膜出血,064,MLMCX,第7章 眼和附器疾病 (H00-H59) / 第8章 耳和乳突疾病 (H60-H95)
H31.302,脉络膜破裂,064,MLMPL,第7章 眼和附器疾病 (H00-H59) / 第8章 耳和乳突疾病 (H60-H95)
H31.401,出血性脉络膜脱离,064,CXXMLMTL,第7章 眼和附器疾病 (H00-H59) / 第8章 耳和乳突疾病 (H60-H95)
H31.402,创伤性脉络膜脱离,064,CSXMLMTL,第7章 眼和附器疾病 (H00-H59) / 第8章 耳和乳突疾病 (H60-H95)
H31.403,化脓性脉络膜脱离,064,HNXMLMTL,第7章 眼和附器疾病 (H00-H59) / 第8章 耳和乳突疾病 (H60-H95)
H31.404,脉络膜脱离,064,MLMTL,第7章 眼和附器疾病 (H00-H59) / 第8章 耳和乳突疾病 (H60-H95)
H31.405,渗出性脉络膜脱离,064,SCXMLMTL,第7章 眼和附器疾病 (H00-H59) / 第8章 耳和乳突疾病 (H60-H95)
H31.406,手术后脉络膜脱离,064,SSHMLMTL,第7章 眼和附器疾病 (H00-H59) / 第8章 耳和乳突疾病 (H60-H95)
H31.801,脉络膜缺血,064,MLMQX,第7章 眼和附器疾病 (H00-H59) / 第8章 耳和乳突疾病 (H60-H95)
H31.802,脉络膜渗出,064,MLMSC,第7章 眼和附器疾病 (H00-H59) / 第8章 耳和乳突疾病 (H60-H95)
H31.803,脉络膜新生血管,064,MLMXSXG,第7章 眼和附器疾病 (H00-H59) / 第8章 耳和乳突疾病 (H60-H95)
H31.901,脉络膜占位性病变,064,MLMZWXBB,第7章 眼和附器疾病 (H00-H59) / 第8章 耳和乳突疾病 (H60-H95)
H33.001,锯齿缘离断,067,JCYLD,第7章 眼和附器疾病 (H00-H59) / 第8章 耳和乳突疾病 (H60-H95)
H33.002,孔源性视网膜脱离,067,KYXSWMTL,第7章 眼和附器疾病 (H00-H59) / 第8章 耳和乳突疾病 (H60-H95)
H33.101,视网膜囊肿,067,SWMNZ,第7章 眼和附器疾病 (H00-H59) / 第8章 耳和乳突疾病 (H60-H95)
H33.102,视网膜劈裂(症),067,SWMPLZ,第7章 眼和附器疾病 (H00-H59) / 第8章 耳和乳突疾病 (H60-H95)
H33.201,陈旧性视网膜脱离,067,CJXSWMTL,第7章 眼和附器疾病 (H00-H59) / 第8章 耳和乳突疾病 (H60-H95)
H33.202,视网膜脱离,067,SWMTL,第7章 眼和附器疾病 (H00-H59) / 第8章 耳和乳突疾病 (H60-H95)
H33.203,浆液性视网膜脱离,067,JYXSWMTL,第7章 眼和附器疾病 (H00-H59) / 第8章 耳和乳突疾病 (H60-H95)
H33.301,视网膜缺损,067,SWMQS,第7章 眼和附器疾病 (H00-H59) / 第8章 耳和乳突疾病 (H60-H95)
H33.302,创伤性视网膜裂孔,067,CSXSWMLK,第7章 眼和附器疾病 (H00-H59) / 第8章 耳和乳突疾病 (H60-H95)
H33.303,视网膜裂孔,067,SWMLK,第7章 眼和附器疾病 (H00-H59) / 第8章 耳和乳突疾病 (H60-H95)
H33.304,视网膜破裂,067,SWMPL,第7章 眼和附器疾病 (H00-H59) / 第8章 耳和乳突疾病 (H60-H95)
H33.305,视网膜撕裂,067,SWMSL,第7章 眼和附器疾病 (H00-H59) / 第8章 耳和乳突疾病 (H60-H95)
H33.401,牵拉性视网膜脱离,067,QLXSWMTL,第7章 眼和附器疾病 (H00-H59) / 第8章 耳和乳突疾病 (H60-H95)
H33.501,创伤性视网膜脱离,067,CSXSWMTL,第7章 眼和附器疾病 (H00-H59) / 第8章 耳和乳突疾病 (H60-H95)
H33.502,大泡性视网膜脱离,067,DPXSWMTL,第7章 眼和附器疾病 (H00-H59) / 第8章 耳和乳突疾病 (H60-H95)
H33.503,复发性视网膜脱离,067,FFXSWMTL,第7章 眼和附器疾病 (H00-H59) / 第8章 耳和乳突疾病 (H60-H95)
H33.504,继发性视网膜脱离,067,JFXSWMTL,第7章 眼和附器疾病 (H00-H59) / 第8章 耳和乳突疾病 (H60-H95)
H33.505,渗出性视网膜脱离,067,SCXSWMTL,第7章 眼和附器疾病 (H00-H59) / 第8章 耳和乳突疾病 (H60-H95)
H33.506,医源性视网膜脱离,067,YYXSWMTL,第7章 眼和附器疾病 (H00-H59) / 第8章 耳和乳突疾病 (H60-H95)
H33.507,原发性视网膜脱离,067,YFXSWMTL,第7章 眼和附器疾病 (H00-H59) / 第8章 耳和乳突疾病 (H60-H95)
H34.101,闭塞性视网膜动脉炎,064,BSXSWMDMY,第7章 眼和附器疾病 (H00-H59) / 第8章 耳和乳突疾病 (H60-H95)
H34.201,视网膜动脉闭塞,064,SWMDMBS,第7章 眼和附器疾病 (H00-H59) / 第8章 耳和乳突疾病 (H60-H95)
H34.202,视网膜血管闭塞,064,SWMXGBS,第7章 眼和附器疾病 (H00-H59) / 第8章 耳和乳突疾病 (H60-H95)
H34.203,视网膜血管痉挛,064,SWMXGJL,第7章 眼和附器疾病 (H00-H59) / 第8章 耳和乳突疾病 (H60-H95)
H34.204,眼动脉栓塞,064,YDMSS,第7章 眼和附器疾病 (H00-H59) / 第8章 耳和乳突疾病 (H60-H95)
H34.801,颞上枝静脉阻塞,064,NSZJMZS,第7章 眼和附器疾病 (H00-H59) / 第8章 耳和乳突疾病 (H60-H95)
H34.802,视网膜静脉闭塞,064,SWMJMBS,第7章 眼和附器疾病 (H00-H59) / 第8章 耳和乳突疾病 (H60-H95)
H34.803,视网膜中央静脉阻塞,064,SWMZYJMZS,第7章 眼和附器疾病 (H00-H59) / 第8章 耳和乳突疾病 (H60-H95)
H34.804,眼底静脉栓塞,064,YDJMSS,第7章 眼和附器疾病 (H00-H59) / 第8章 耳和乳突疾病 (H60-H95)
H35.001,高血压性视网膜病,064,GXYXSWMB,第7章 眼和附器疾病 (H00-H59) / 第8章 耳和乳突疾病 (H60-H95)
H35.002,环状视网膜病,064,HZSWMB,第7章 眼和附器疾病 (H00-H59) / 第8章 耳和乳突疾病 (H60-H95)
H35.003,科茨氏病(渗出性视网膜病),064,KCSBSCXSWMB,第7章 眼和附器疾病 (H00-H59) / 第8章 耳和乳突疾病 (H60-H95)
H35.004,渗出性视网膜病变,064,SCXSWMBB,第7章 眼和附器疾病 (H00-H59) / 第8章 耳和乳突疾病 (H60-H95)
H35.005,肾病眼底改变,064,SBYDGB,第7章 眼和附器疾病 (H00-H59) / 第8章 耳和乳突疾病 (H60-H95)
H35.006,视网膜病,064,SWMB,第7章 眼和附器疾病 (H00-H59) / 第8章 耳和乳突疾病 (H60-H95)
H35.007,视网膜动脉炎,064,SWMDMY,第7章 眼和附器疾病 (H00-H59) / 第8章 耳和乳突疾病 (H60-H95)
H35.008,视网膜静脉炎,064,SWMJMY,第7章 眼和附器疾病 (H00-H59) / 第8章 耳和乳突疾病 (H60-H95)
H35.009,视网膜静脉周围炎(伊耳斯病Eale's),064,SWMJMZWYYESB,第7章 眼和附器疾病 (H00-H59) / 第8章 耳和乳突疾病 (H60-H95)
H35.010,视网膜血管炎,064,SWMXGY,第7章 眼和附器疾病 (H00-H59) / 第8章 耳和乳突疾病 (H60-H95)
H35.012,高血压眼底改变,064,GXYYDGB,第7章 眼和附器疾病 (H00-H59) / 第8章 耳和乳突疾病 (H60-H95)
H35.201,创伤性增殖性视网膜病,064,CSXZZXSWMB,第7章 眼和附器疾病 (H00-H59) / 第8章 耳和乳突疾病 (H60-H95)
H35.202,增殖性视网膜病,064,ZZXSWMB,第7章 眼和附器疾病 (H00-H59) / 第8章 耳和乳突疾病 (H60-H95)
H35.301,黄斑变性,064,HBBX,第7章 眼和附器疾病 (H00-H59) / 第8章 耳和乳突疾病 (H60-H95)
H35.302,黄斑玻璃样疣,064,HBBLYY,第7章 眼和附器疾病 (H00-H59) / 第8章 耳和乳突疾病 (H60-H95)
H35.303,黄斑裂孔,064,HBLK,第7章 眼和附器疾病 (H00-H59) / 第8章 耳和乳突疾病 (H60-H95)
H35.304,黄斑前膜,064,HBQM,第7章 眼和附器疾病 (H00-H59) / 第8章 耳和乳突疾病 (H60-H95)
H35.305,视网膜黄斑变性,064,SWMHBBX,第7章 眼和附器疾病 (H00-H59) / 第8章 耳和乳突疾病 (H60-H95)
H35.306,黄斑牵拉综合征,064,HBQLZHZ,第7章 眼和附器疾病 (H00-H59) / 第8章 耳和乳突疾病 (H60-H95)
H35.401,视网膜变性,064,SWMBX,第7章 眼和附器疾病 (H00-H59) / 第8章 耳和乳突疾病 (H60-H95)
H35.402,视网膜周边变性,064,SWMZBBX,第7章 眼和附器疾病 (H00-H59) / 第8章 耳和乳突疾病 (H60-H95)
H35.501,视网膜色素变性,064,SWMSSBX,第7章 眼和附器疾病 (H00-H59) / 第8章 耳和乳突疾病 (H60-H95)
H35.502,视网膜营养障碍,064,SWMYYZA,第7章 眼和附器疾病 (H00-H59) / 第8章 耳和乳突疾病 (H60-H95)
H35.601,黄斑出血,064,HBCX,第7章 眼和附器疾病 (H00-H59) / 第8章 耳和乳突疾病 (H60-H95)
H35.602,视网膜出血,064,SWMCX,第7章 眼和附器疾病 (H00-H59) / 第8章 耳和乳突疾病 (H60-H95)
H35.603,眼底出血,064,YDCX,第7章 眼和附器疾病 (H00-H59) / 第8章 耳和乳突疾病 (H60-H95)
H35.701,中心性浆液性视网膜病,064,ZXXJYXSWMB,第7章 眼和附器疾病 (H00-H59) / 第8章 耳和乳突疾病 (H60-H95)
H35.702,中心性浆液性视网膜脉络网病变,064,ZXXJYXSWMMLWBB,第7章 眼和附器疾病 (H00-H59) / 第8章 耳和乳突疾病 (H60-H95)
H35.801,创伤性脉络膜视网膜病,064,CSXMLMSWMB,第7章 眼和附器疾病 (H00-H59) / 第8章 耳和乳突疾病 (H60-H95)
H35.802,黄斑水肿,064,HBSZ,第7章 眼和附器疾病 (H00-H59) / 第8章 耳和乳突疾病 (H60-H95)
H35.803,视网膜动脉供血不足,064,SWMDMGXBZ,第7章 眼和附器疾病 (H00-H59) / 第8章 耳和乳突疾病 (H60-H95)
H35.804,视网膜黑变病,064,SWMHBB,第7章 眼和附器疾病 (H00-H59) / 第8章 耳和乳突疾病 (H60-H95)
H35.805,视网膜坏死,064,SWMHS,第7章 眼和附器疾病 (H00-H59) / 第8章 耳和乳突疾病 (H60-H95)
H35.806,视网膜前机化膜,064,SWMQJHM,第7章 眼和附器疾病 (H00-H59) / 第8章 耳和乳突疾病 (H60-H95)
H35.807,视网膜萎缩,064,SWMWS,第7章 眼和附器疾病 (H00-H59) / 第8章 耳和乳突疾病 (H60-H95)
H35.901,创伤性视网膜病变,064,CSXSWMBB,第7章 眼和附器疾病 (H00-H59) / 第8章 耳和乳突疾病 (H60-H95)
H40.001,交界性青光眼,068,JJXQGY,第7章 眼和附器疾病 (H00-H59) / 第8章 耳和乳突疾病 (H60-H95)
H40.002,青光眼临床前期,068,QGYLCQQ,第7章 眼和附器疾病 (H00-H59) / 第8章 耳和乳突疾病 (H60-H95)
H40.003,眼压过高,068,YYGG,第7章 眼和附器疾病 (H00-H59) / 第8章 耳和乳突疾病 (H60-H95)
H40.101,开角型青光眼,068,KJXQGY,第7章 眼和附器疾病 (H00-H59) / 第8章 耳和乳突疾病 (H60-H95)
H40.102,低压性青光眼,068,DYXQGY,第7章 眼和附器疾病 (H00-H59) / 第8章 耳和乳突疾病 (H60-H95)
H40.103,原发性开角型青光眼,068,YFXKJXQGY,第7章 眼和附器疾病 (H00-H59) / 第8章 耳和乳突疾病 (H60-H95)
H40.104,色素性青光眼,068,SSXQGY,第7章 眼和附器疾病 (H00-H59) / 第8章 耳和乳突疾病 (H60-H95)
H40.201,闭角型青光眼,068,BJXQGY,第7章 眼和附器疾病 (H00-H59) / 第8章 耳和乳突疾病 (H60-H95)
H40.202,恶性青光眼,068,EXQGY,第7章 眼和附器疾病 (H00-H59) / 第8章 耳和乳突疾病 (H60-H95)
H40.203,急性闭角型青光眼,068,JXBJXQGY,第7章 眼和附器疾病 (H00-H59) / 第8章 耳和乳突疾病 (H60-H95)
H40.204,急性青光眼,068,JXQGY,第7章 眼和附器疾病 (H00-H59) / 第8章 耳和乳突疾病 (H60-H95)
H40.205,慢性闭角型青光眼,068,MXBJXQGY,第7章 眼和附器疾病 (H00-H59) / 第8章 耳和乳突疾病 (H60-H95)
H40.206,原发性闭角型青光眼,068,YFXBJXQGY,第7章 眼和附器疾病 (H00-H59) / 第8章 耳和乳突疾病 (H60-H95)
H40.207,急性充血性青光眼,068,JXCXXQGY,第7章 眼和附器疾病 (H00-H59) / 第8章 耳和乳突疾病 (H60-H95)
H40.301,创伤性青光眼,068,CSXQGY,第7章 眼和附器疾病 (H00-H59) / 第8章 耳和乳突疾病 (H60-H95)
H40.401,青光眼并发虹膜睫状体炎,068,QGYBFHMJZTY,第7章 眼和附器疾病 (H00-H59) / 第8章 耳和乳突疾病 (H60-H95)
H40.402,青光眼睫状体炎危象(青光眼睫状体炎综合征),068,QGYJZTYWXQGYJZTYZHZ,第7章 眼和附器疾病 (H00-H59) / 第8章 耳和乳突疾病 (H60-H95)
H40.501,新生血管性青光眼,068,XSXGXQGY,第7章 眼和附器疾病 (H00-H59) / 第8章 耳和乳突疾病 (H60-H95)
H40.502,继发性青光眼,068,JFXQGY,第7章 眼和附器疾病 (H00-H59) / 第8章 耳和乳突疾病 (H60-H95)
H40.503,晶体脱位后青光眼,068,JTTWHQGY,第7章 眼和附器疾病 (H00-H59) / 第8章 耳和乳突疾病 (H60-H95)
H40.504,晶状体溶解性青光眼(溶晶状体性青光眼),068,JZTRJXQGYRJZTXQGY,第7章 眼和附器疾病 (H00-H59) / 第8章 耳和乳突疾病 (H60-H95)
H40.505,青光眼并发视网膜静脉阻塞,068,QGYBFSWMJMZS,第7章 眼和附器疾病 (H00-H59) / 第8章 耳和乳突疾病 (H60-H95)
H40.506,青光眼合并白内障,068,QGYHBBNZ,第7章 眼和附器疾病 (H00-H59) / 第8章 耳和乳突疾病 (H60-H95)
H40.507,无晶体性青光眼,068,WJTXQGY,第7章 眼和附器疾病 (H00-H59) / 第8章 耳和乳突疾病 (H60-H95)
H40.601,皮质类固醇诱发青光眼,068,PZLGCYFQGY,第7章 眼和附器疾病 (H00-H59) / 第8章 耳和乳突疾病 (H60-H95)
H40.801,混合型青光眼,068,HHXQGY,第7章 眼和附器疾病 (H00-H59) / 第8章 耳和乳突疾病 (H60-H95)
H40.802,血影细胞性青光眼,068,XYXBXQGY,第7章 眼和附器疾病 (H00-H59) / 第8章 耳和乳突疾病 (H60-H95)
H40.901,青光眼,068,QGY,第7章 眼和附器疾病 (H00-H59) / 第8章 耳和乳突疾病 (H60-H95)
H43.001,玻璃体疝,064,BLTS,第7章 眼和附器疾病 (H00-H59) / 第8章 耳和乳突疾病 (H60-H95)
H43.101,玻璃体出血,064,BLTCX,第7章 眼和附器疾病 (H00-H59) / 第8章 耳和乳突疾病 (H60-H95)
H43.301,玻璃体混浊,064,BLTHZ,第7章 眼和附器疾病 (H00-H59) / 第8章 耳和乳突疾病 (H60-H95)
H43.801,玻璃膜疣,064,BLMY,第7章 眼和附器疾病 (H00-H59) / 第8章 耳和乳突疾病 (H60-H95)
H43.802,玻璃体变性,064,BLTBX,第7章 眼和附器疾病 (H00-H59) / 第8章 耳和乳突疾病 (H60-H95)
H43.803,玻璃体机化,064,BLTJH,第7章 眼和附器疾病 (H00-H59) / 第8章 耳和乳突疾病 (H60-H95)
H43.804,玻璃体脱离,064,BLTTL,第7章 眼和附器疾病 (H00-H59) / 第8章 耳和乳突疾病 (H60-H95)
H43.805,玻璃体萎缩,064,BLTWS,第7章 眼和附器疾病 (H00-H59) / 第8章 耳和乳突疾病 (H60-H95)
H43.806,玻璃体液化,064,BLTYH,第7章 眼和附器疾病 (H00-H59) / 第8章 耳和乳突疾病 (H60-H95)
H43.807,增殖性玻璃体病变,064,ZZXBLTBB,第7章 眼和附器疾病 (H00-H59) / 第8章 耳和乳突疾病 (H60-H95)
H44.001,玻璃体脓肿,064,BLTNZ,第7章 眼和附器疾病 (H00-H59) / 第8章 耳和乳突疾病 (H60-H95)
H44.002,感染性眼内炎,064,GRXYNY,第7章 眼和附器疾病 (H00-H59) / 第8章 耳和乳突疾病 (H60-H95)
H44.003,化脓性眼内炎,064,HNXYNY,第7章 眼和附器疾病 (H00-H59) / 第8章 耳和乳突疾病 (H60-H95)
H44.004,全眼球炎,064,QYQY,第7章 眼和附器疾病 (H00-H59) / 第8章 耳和乳突疾病 (H60-H95)
H44.005,眼内炎,064,YNY,第7章 眼和附器疾病 (H00-H59) / 第8章 耳和乳突疾病 (H60-H95)
H44.006,眼脓肿,064,YNZ,第7章 眼和附器疾病 (H00-H59) / 第8章 耳和乳突疾病 (H60-H95)
H44.007,转移性眼内炎,064,ZYXYNY,第7章 眼和附器疾病 (H00-H59) / 第8章 耳和乳突疾病 (H60-H95)
H44.101,寄生虫性眼内炎,064,JSCXYNY,第7章 眼和附器疾病 (H00-H59) / 第8章 耳和乳突疾病 (H60-H95)
H44.102,交感性眼炎,064,JGXYY,第7章 眼和附器疾病 (H00-H59) / 第8章 耳和乳突疾病 (H60-H95)
H44.103,眼小梁炎,064,YXLY,第7章 眼和附器疾病 (H00-H59) / 第8章 耳和乳突疾病 (H60-H95)
H44.301,虹膜铁质沉着病,064,HMTZCZB,第7章 眼和附器疾病 (H00-H59) / 第8章 耳和乳突疾病 (H60-H95)
H44.302,晶体铁锈沉着症,064,JTTXCZZ,第7章 眼和附器疾病 (H00-H59) / 第8章 耳和乳突疾病 (H60-H95)
H44.303,视网膜铁质沉着病,064,SWMTZCZB,第7章 眼和附器疾病 (H00-H59) / 第8章 耳和乳突疾病 (H60-H95)
H44.304,眼球铁质沉着病,064,YQTZCZB,第7章 眼和附器疾病 (H00-H59) / 第8章 耳和乳突疾病 (H60-H95)
H44.305,眼铜屑沉着病,064,YTXCZB,第7章 眼和附器疾病 (H00-H59) / 第8章 耳和乳突疾病 (H60-H95)
H44.401,低眼压,064,DYY,第7章 眼和附器疾病 (H00-H59) / 第8章 耳和乳突疾病 (H60-H95)
H44.402,巩膜瘘,064,GML,第7章 眼和附器疾病 (H00-H59) / 第8章 耳和乳突疾病 (H60-H95)
H44.403,角膜瘘,064,JML,第7章 眼和附器疾病 (H00-H59) / 第8章 耳和乳突疾病 (H60-H95)
H44.501,绝对期青光眼,064,JDQQGY,第7章 眼和附器疾病 (H00-H59) / 第8章 耳和乳突疾病 (H60-H95)
H44.502,眼球痨,064,YQL,第7章 眼和附器疾病 (H00-H59) / 第8章 耳和乳突疾病 (H60-H95)
H44.503,眼球萎缩,064,YQWS,第7章 眼和附器疾病 (H00-H59) / 第8章 耳和乳突疾病 (H60-H95)
H44.601,陈旧性眼内磁性异物,064,CJXYNCXYW,第7章 眼和附器疾病 (H00-H59) / 第8章 耳和乳突疾病 (H60-H95)
H44.701,玻璃体异物,064,BLTYW,第7章 眼和附器疾病 (H00-H59) / 第8章 耳和乳突疾病 (H60-H95)
H44.702,陈旧性玻璃体异物,064,CJXBLTYW,第7章 眼和附器疾病 (H00-H59) / 第8章 耳和乳突疾病 (H60-H95)
H44.703,陈旧性巩膜异物遗留,064,CJXGMYWYL,第7章 眼和附器疾病 (H00-H59) / 第8章 耳和乳突疾病 (H60-H95)
H44.704,陈旧性眼前房非磁性异物,064,CJXYQFFCXYW,第7章 眼和附器疾病 (H00-H59) / 第8章 耳和乳突疾病 (H60-H95)
H44.705,陈旧性眼球内非磁性异物,064,CJXYQNFCXYW,第7章 眼和附器疾病 (H00-H59) / 第8章 耳和乳突疾病 (H60-H95)
H44.706,陈旧性巩膜异物,064,CJXGMYW,第7章 眼和附器疾病 (H00-H59) / 第8章 耳和乳突疾病 (H60-H95)
H44.801,眼内出血,064,YNCX,第7章 眼和附器疾病 (H00-H59) / 第8章 耳和乳突疾病 (H60-H95)
H44.802,眼球脱位,064,YQTW,第7章 眼和附器疾病 (H00-H59) / 第8章 耳和乳突疾病 (H60-H95)
H44.901,"眼球疾患,未特指",064,YQJHWTZ,第7章 眼和附器疾病 (H00-H59) / 第8章 耳和乳突疾病 (H60-H95)
H46  01,球后视神经炎,064,QHSSJY,第7章 眼和附器疾病 (H00-H59) / 第8章 耳和乳突疾病 (H60-H95)
H46  02,球后炎性假瘤,064,QHYXJL,第7章 眼和附器疾病 (H00-H59) / 第8章 耳和乳突疾病 (H60-H95)
H46  03,视神经乳头炎,064,SSJRTY,第7章 眼和附器疾病 (H00-H59) / 第8章 耳和乳突疾病 (H60-H95)
H46  04,视神经病变,064,SSJBB,第7章 眼和附器疾病 (H00-H59) / 第8章 耳和乳突疾病 (H60-H95)
H46  05,视神经炎,064,SSJY,第7章 眼和附器疾病 (H00-H59) / 第8章 耳和乳突疾病 (H60-H95)
H47.001,眶尖综合征,064,KJZHZ,第7章 眼和附器疾病 (H00-H59) / 第8章 耳和乳突疾病 (H60-H95)
H47.002,缺血性视乳头病变,064,QXXSRTBB,第7章 眼和附器疾病 (H00-H59) / 第8章 耳和乳突疾病 (H60-H95)
H47.003,缺血性视神经病变,064,QXXSSJBB,第7章 眼和附器疾病 (H00-H59) / 第8章 耳和乳突疾病 (H60-H95)
H47.004,视神经麻痹,064,SSJMB,第7章 眼和附器疾病 (H00-H59) / 第8章 耳和乳突疾病 (H60-H95)
H47.101,视乳头水肿,064,SRTSZ,第7章 眼和附器疾病 (H00-H59) / 第8章 耳和乳突疾病 (H60-H95)
H47.201,利伯氏病(家族遗传性球后视神经萎缩),064,LBSBJZYCXQHSSJWS,第7章 眼和附器疾病 (H00-H59) / 第8章 耳和乳突疾病 (H60-H95)
H47.202,视神经萎缩,064,SSJWS,第7章 眼和附器疾病 (H00-H59) / 第8章 耳和乳突疾病 (H60-H95)
H47.301,假性(视神经)乳头水肿,064,JXSSJRTSZ,第7章 眼和附器疾病 (H00-H59) / 第8章 耳和乳突疾病 (H60-H95)
H47.302,视盘玻璃样疣,064,SPBLYY,第7章 眼和附器疾病 (H00-H59) / 第8章 耳和乳突疾病 (H60-H95)
H47.303,视乳头肿物,064,SRTZW,第7章 眼和附器疾病 (H00-H59) / 第8章 耳和乳突疾病 (H60-H95)
H47.304,视盘扩大,064,SPKD,第7章 眼和附器疾病 (H00-H59) / 第8章 耳和乳突疾病 (H60-H95)
H47.401,视交叉综合征,064,SJCZHZ,第7章 眼和附器疾病 (H00-H59) / 第8章 耳和乳突疾病 (H60-H95)
H47.601,皮质盲,064,PZM,第7章 眼和附器疾病 (H00-H59) / 第8章 耳和乳突疾病 (H60-H95)
H49.001,第三颅神经麻痹,064,DSLSJMB,第7章 眼和附器疾病 (H00-H59) / 第8章 耳和乳突疾病 (H60-H95)
H49.002,动眼神经炎,064,DYSJY,第7章 眼和附器疾病 (H00-H59) / 第8章 耳和乳突疾病 (H60-H95)
H49.101,滑车神经（动眼神经）麻痹,064,HCSJDYSJMB,第7章 眼和附器疾病 (H00-H59) / 第8章 耳和乳突疾病 (H60-H95)
H49.201,外展神经麻痹,064,WZSJMB,第7章 眼和附器疾病 (H00-H59) / 第8章 耳和乳突疾病 (H60-H95)
H49.202,外展神经炎,064,WZSJY,第7章 眼和附器疾病 (H00-H59) / 第8章 耳和乳突疾病 (H60-H95)
H49.801,眶上裂综合征,064,KSLZHZ,第7章 眼和附器疾病 (H00-H59) / 第8章 耳和乳突疾病 (H60-H95)
H49.802,麻痹性外斜视,064,MBXWXS,第7章 眼和附器疾病 (H00-H59) / 第8章 耳和乳突疾病 (H60-H95)
H49.803,眼内直肌麻痹,064,YNZJMB,第7章 眼和附器疾病 (H00-H59) / 第8章 耳和乳突疾病 (H60-H95)
H49.804,眼上斜肌麻痹,064,YSXJMB,第7章 眼和附器疾病 (H00-H59) / 第8章 耳和乳突疾病 (H60-H95)
H49.805,眼上直肌麻痹,064,YSZJMB,第7章 眼和附器疾病 (H00-H59) / 第8章 耳和乳突疾病 (H60-H95)
H49.806,痛性眼肌麻痹,064,TXYJMB,第7章 眼和附器疾病 (H00-H59) / 第8章 耳和乳突疾病 (H60-H95)
H49.807,眼外肌麻痹,064,YWJMB,第7章 眼和附器疾病 (H00-H59) / 第8章 耳和乳突疾病 (H60-H95)
H49.808,眼外直肌麻痹,064,YWZJMB,第7章 眼和附器疾病 (H00-H59) / 第8章 耳和乳突疾病 (H60-H95)
H49.809,眼下斜肌麻痹,064,YXXJMB,第7章 眼和附器疾病 (H00-H59) / 第8章 耳和乳突疾病 (H60-H95)
H49.810,眼下直肌麻痹,064,YXZJMB,第7章 眼和附器疾病 (H00-H59) / 第8章 耳和乳突疾病 (H60-H95)
H49.811,重症肌无力斜视,064,ZZJWLXS,第7章 眼和附器疾病 (H00-H59) / 第8章 耳和乳突疾病 (H60-H95)
H49.901,麻痹性斜视,064,MBXXS,第7章 眼和附器疾病 (H00-H59) / 第8章 耳和乳突疾病 (H60-H95)
H49.902,先天性麻痹性斜视,064,XTXMBXXS,第7章 眼和附器疾病 (H00-H59) / 第8章 耳和乳突疾病 (H60-H95)
H49.903,眼肌麻痹,064,YJMB,第7章 眼和附器疾病 (H00-H59) / 第8章 耳和乳突疾病 (H60-H95)
H50.001,调节性内斜视,064,TJXNXS,第7章 眼和附器疾病 (H00-H59) / 第8章 耳和乳突疾病 (H60-H95)
H50.002,共同性内斜视,064,GTXNXS,第7章 眼和附器疾病 (H00-H59) / 第8章 耳和乳突疾病 (H60-H95)
H50.003,交替性内斜视,064,JTXNXS,第7章 眼和附器疾病 (H00-H59) / 第8章 耳和乳突疾病 (H60-H95)
H50.004,内斜视,064,NXS,第7章 眼和附器疾病 (H00-H59) / 第8章 耳和乳突疾病 (H60-H95)
H50.101,废用性外斜视,064,FYXWXS,第7章 眼和附器疾病 (H00-H59) / 第8章 耳和乳突疾病 (H60-H95)
H50.102,共同性外斜视,064,GTXWXS,第7章 眼和附器疾病 (H00-H59) / 第8章 耳和乳突疾病 (H60-H95)
H50.103,交替性外斜视,064,JTXWXS,第7章 眼和附器疾病 (H00-H59) / 第8章 耳和乳突疾病 (H60-H95)
H50.104,外斜视,064,WXS,第7章 眼和附器疾病 (H00-H59) / 第8章 耳和乳突疾病 (H60-H95)
H50.301,间歇性外斜视,064,JXXWXS,第7章 眼和附器疾病 (H00-H59) / 第8章 耳和乳突疾病 (H60-H95)
H50.302,交替性间歇性外斜视,064,JTXJXXWXS,第7章 眼和附器疾病 (H00-H59) / 第8章 耳和乳突疾病 (H60-H95)
H50.401,DVD综合征(垂直性分离性斜视),064,ZHZCZXFLXXS,第7章 眼和附器疾病 (H00-H59) / 第8章 耳和乳突疾病 (H60-H95)
H50.402,共同性斜视,064,GTXXS,第7章 眼和附器疾病 (H00-H59) / 第8章 耳和乳突疾病 (H60-H95)
H50.403,上斜视,064,SXS,第7章 眼和附器疾病 (H00-H59) / 第8章 耳和乳突疾病 (H60-H95)
H50.404,下斜肌亢进,064,XXJKJ,第7章 眼和附器疾病 (H00-H59) / 第8章 耳和乳突疾病 (H60-H95)
H50.405,下斜视,064,XXS,第7章 眼和附器疾病 (H00-H59) / 第8章 耳和乳突疾病 (H60-H95)
H50.601,布郎氏鞘综合征(上斜肌腱鞘综合征),064,BLSQZHZSXJJQZHZ,第7章 眼和附器疾病 (H00-H59) / 第8章 耳和乳突疾病 (H60-H95)
H50.801,废用性斜视,064,FYXXS,第7章 眼和附器疾病 (H00-H59) / 第8章 耳和乳突疾病 (H60-H95)
H50.802,急性肌炎性斜视,064,JXJYXXS,第7章 眼和附器疾病 (H00-H59) / 第8章 耳和乳突疾病 (H60-H95)
H50.803,痉挛性斜视,064,JLXXS,第7章 眼和附器疾病 (H00-H59) / 第8章 耳和乳突疾病 (H60-H95)
H50.804,眼球退缩综合征,064,YQTSZHZ,第7章 眼和附器疾病 (H00-H59) / 第8章 耳和乳突疾病 (H60-H95)
H50.901,斜视,064,XS,第7章 眼和附器疾病 (H00-H59) / 第8章 耳和乳突疾病 (H60-H95)
H52.001,远视,064,YS,第7章 眼和附器疾病 (H00-H59) / 第8章 耳和乳突疾病 (H60-H95)
H52.101,高度近视,064,GDJS,第7章 眼和附器疾病 (H00-H59) / 第8章 耳和乳突疾病 (H60-H95)
H52.102,近视,064,JS,第7章 眼和附器疾病 (H00-H59) / 第8章 耳和乳突疾病 (H60-H95)
H52.201,散光,064,SG,第7章 眼和附器疾病 (H00-H59) / 第8章 耳和乳突疾病 (H60-H95)
H52.301,屈光不正,064,QGBZ,第7章 眼和附器疾病 (H00-H59) / 第8章 耳和乳突疾病 (H60-H95)
H52.401,老视,064,LS,第7章 眼和附器疾病 (H00-H59) / 第8章 耳和乳突疾病 (H60-H95)
H52.501,内眼肌麻痹,064,NYJMB,第7章 眼和附器疾病 (H00-H59) / 第8章 耳和乳突疾病 (H60-H95)
H53.001,废用性弱视,064,FYXRS,第7章 眼和附器疾病 (H00-H59) / 第8章 耳和乳突疾病 (H60-H95)
H53.002,弱视,064,RS,第7章 眼和附器疾病 (H00-H59) / 第8章 耳和乳突疾病 (H60-H95)
H53.101,眼疲劳,064,YPL,第7章 眼和附器疾病 (H00-H59) / 第8章 耳和乳突疾病 (H60-H95)
H53.102,伪盲,064,WM,第7章 眼和附器疾病 (H00-H59) / 第8章 耳和乳突疾病 (H60-H95)
H53.201,复视,064,FS,第7章 眼和附器疾病 (H00-H59) / 第8章 耳和乳突疾病 (H60-H95)
H53.401,偏盲,064,PM,第7章 眼和附器疾病 (H00-H59) / 第8章 耳和乳突疾病 (H60-H95)
H53.402,视野缺损,064,SYQS,第7章 眼和附器疾病 (H00-H59) / 第8章 耳和乳突疾病 (H60-H95)
H53.403,双鼻侧偏盲,064,SBCPM,第7章 眼和附器疾病 (H00-H59) / 第8章 耳和乳突疾病 (H60-H95)
H53.501,色盲,064,SM,第7章 眼和附器疾病 (H00-H59) / 第8章 耳和乳突疾病 (H60-H95)
H53.601,夜盲,064,YM,第7章 眼和附器疾病 (H00-H59) / 第8章 耳和乳突疾病 (H60-H95)
H53.801,浅水黑视,064,QSHS,第7章 眼和附器疾病 (H00-H59) / 第8章 耳和乳突疾病 (H60-H95)
H53.802,缺血性视力障碍,064,QXXSLZA,第7章 眼和附器疾病 (H00-H59) / 第8章 耳和乳突疾病 (H60-H95)
H54.001,黑矇,064,HM,第7章 眼和附器疾病 (H00-H59) / 第8章 耳和乳突疾病 (H60-H95)
H54.002,"盲,双眼",064,MSY,第7章 眼和附器疾病 (H00-H59) / 第8章 耳和乳突疾病 (H60-H95)
H54.003,眼失明,064,YSM,第7章 眼和附器疾病 (H00-H59) / 第8章 耳和乳突疾病 (H60-H95)
H54.201,双眼视力低下,064,SYSLDX,第7章 眼和附器疾病 (H00-H59) / 第8章 耳和乳突疾病 (H60-H95)
H54.401,单眼盲,064,DYM,第7章 眼和附器疾病 (H00-H59) / 第8章 耳和乳突疾病 (H60-H95)
H54.501,单眼视力低下,064,DYSLDX,第7章 眼和附器疾病 (H00-H59) / 第8章 耳和乳突疾病 (H60-H95)
H55  01,先天性眼球震颤,064,XTXYQZC,第7章 眼和附器疾病 (H00-H59) / 第8章 耳和乳突疾病 (H60-H95)
H55  02,眼球震颤,064,YQZC,第7章 眼和附器疾病 (H00-H59) / 第8章 耳和乳突疾病 (H60-H95)
H57.001,艾迪氏综合征(瞳孔),064,ADSZHZTK,第7章 眼和附器疾病 (H00-H59) / 第8章 耳和乳突疾病 (H60-H95)
H57.002,虹膜麻痹,064,HMMB,第7章 眼和附器疾病 (H00-H59) / 第8章 耳和乳突疾病 (H60-H95)
H57.003,瞳孔散大,064,TKSD,第7章 眼和附器疾病 (H00-H59) / 第8章 耳和乳突疾病 (H60-H95)
H57.101,眼部痛,064,YBT,第7章 眼和附器疾病 (H00-H59) / 第8章 耳和乳突疾病 (H60-H95)
H57.102,眼眶痛,064,YKT,第7章 眼和附器疾病 (H00-H59) / 第8章 耳和乳突疾病 (H60-H95)
H57.801,假性白内障,064,JXBNZ,第7章 眼和附器疾病 (H00-H59) / 第8章 耳和乳突疾病 (H60-H95)
H57.802,眼动脉动脉瘤,064,YDMDML,第7章 眼和附器疾病 (H00-H59) / 第8章 耳和乳突疾病 (H60-H95)
H57.803,眼眶综合征,064,YKZHZ,第7章 眼和附器疾病 (H00-H59) / 第8章 耳和乳突疾病 (H60-H95)
H57.804,眼球旁囊肿,064,YQPNZ,第7章 眼和附器疾病 (H00-H59) / 第8章 耳和乳突疾病 (H60-H95)
H57.805,眼缺血综合征,064,YQXZHZ,第7章 眼和附器疾病 (H00-H59) / 第8章 耳和乳突疾病 (H60-H95)
H57.806,眼干细胞缺陷,064,YGXBQX,第7章 眼和附器疾病 (H00-H59) / 第8章 耳和乳突疾病 (H60-H95)
H59.801,手术后虹膜嵌顿,064,SSHHMQD,第7章 眼和附器疾病 (H00-H59) / 第8章 耳和乳突疾病 (H60-H95)
H59.802,手术后虹膜脱出,064,SSHHMTC,第7章 眼和附器疾病 (H00-H59) / 第8章 耳和乳突疾病 (H60-H95)
H60.001,外耳道疖,069,WEDJ,第7章 眼和附器疾病 (H00-H59) / 第8章 耳和乳突疾病 (H60-H95)
H60.002,外耳脓肿,069,WENZ,第7章 眼和附器疾病 (H00-H59) / 第8章 耳和乳突疾病 (H60-H95)
H60.301,出血性外耳炎,069,CXXWEY,第7章 眼和附器疾病 (H00-H59) / 第8章 耳和乳突疾病 (H60-H95)
H60.302,耳廓感染,069,EKGR,第7章 眼和附器疾病 (H00-H59) / 第8章 耳和乳突疾病 (H60-H95)
H60.303,耳廓瘘感染,069,EKLGR,第7章 眼和附器疾病 (H00-H59) / 第8章 耳和乳突疾病 (H60-H95)
H60.304,耳廓软组织感染,069,EKRZZGR,第7章 眼和附器疾病 (H00-H59) / 第8章 耳和乳突疾病 (H60-H95)
H60.305,外耳道炎(弥漫性外耳道炎),069,WEDYMMXWEDY,第7章 眼和附器疾病 (H00-H59) / 第8章 耳和乳突疾病 (H60-H95)
H60.306,外耳继发性感染,069,WEJFXGR,第7章 眼和附器疾病 (H00-H59) / 第8章 耳和乳突疾病 (H60-H95)
H60.401,耳廓肉芽肿,069,EKRYZ,第7章 眼和附器疾病 (H00-H59) / 第8章 耳和乳突疾病 (H60-H95)
H60.402,外耳道胆脂瘤,069,WEDDZL,第7章 眼和附器疾病 (H00-H59) / 第8章 耳和乳突疾病 (H60-H95)
H60.403,外耳道肉芽肿,069,WEDRYZ,第7章 眼和附器疾病 (H00-H59) / 第8章 耳和乳突疾病 (H60-H95)
H60.501,急性外耳道炎,069,JXWEDY,第7章 眼和附器疾病 (H00-H59) / 第8章 耳和乳突疾病 (H60-H95)
H60.502,外耳道湿疹,069,WEDSZ,第7章 眼和附器疾病 (H00-H59) / 第8章 耳和乳突疾病 (H60-H95)
H60.801,慢性外耳道炎,069,MXWEDY,第7章 眼和附器疾病 (H00-H59) / 第8章 耳和乳突疾病 (H60-H95)
H60.901,外耳道炎,069,WEDY,第7章 眼和附器疾病 (H00-H59) / 第8章 耳和乳突疾病 (H60-H95)
H60.902,外耳炎,069,WEY,第7章 眼和附器疾病 (H00-H59) / 第8章 耳和乳突疾病 (H60-H95)
H61.001,耳廓软骨膜炎,069,EKRGMY,第7章 眼和附器疾病 (H00-H59) / 第8章 耳和乳突疾病 (H60-H95)
H61.101,耳廓瘢痕,069,EKBH,第7章 眼和附器疾病 (H00-H59) / 第8章 耳和乳突疾病 (H60-H95)
H61.102,后天性耳廓畸形,069,HTXEKJX,第7章 眼和附器疾病 (H00-H59) / 第8章 耳和乳突疾病 (H60-H95)
H61.103,耳廓瘘,069,EKL,第7章 眼和附器疾病 (H00-H59) / 第8章 耳和乳突疾病 (H60-H95)
H61.104,后天性外耳畸形,069,HTXWEJX,第7章 眼和附器疾病 (H00-H59) / 第8章 耳和乳突疾病 (H60-H95)
H61.105,外伤后耳廓缺损,069,WSHEKQS,第7章 眼和附器疾病 (H00-H59) / 第8章 耳和乳突疾病 (H60-H95)
H61.106,外伤后小耳畸形,069,WSHXEJX,第7章 眼和附器疾病 (H00-H59) / 第8章 耳和乳突疾病 (H60-H95)
H61.201,耵聍栓塞,069,DNSS,第7章 眼和附器疾病 (H00-H59) / 第8章 耳和乳突疾病 (H60-H95)
H61.301,后天性外耳道狭窄,069,HTXWEDXZ,第7章 眼和附器疾病 (H00-H59) / 第8章 耳和乳突疾病 (H60-H95)
H61.302,烧伤后外耳道狭窄,069,SSHWEDXZ,第7章 眼和附器疾病 (H00-H59) / 第8章 耳和乳突疾病 (H60-H95)
H61.801,耳道瘘,069,EDL,第7章 眼和附器疾病 (H00-H59) / 第8章 耳和乳突疾病 (H60-H95)
H61.802,后天性外耳道闭锁,069,HTXWEDBS,第7章 眼和附器疾病 (H00-H59) / 第8章 耳和乳突疾病 (H60-H95)
H61.803,耳的瘘管,069,EDLG,第7章 眼和附器疾病 (H00-H59) / 第8章 耳和乳突疾病 (H60-H95)
H61.804,烧伤后外耳道闭锁,069,SSHWEDBS,第7章 眼和附器疾病 (H00-H59) / 第8章 耳和乳突疾病 (H60-H95)
H61.805,外耳道瘢痕,069,WEDBH,第7章 眼和附器疾病 (H00-H59) / 第8章 耳和乳突疾病 (H60-H95)
H61.806,外耳道骨疣,069,WEDGY,第7章 眼和附器疾病 (H00-H59) / 第8章 耳和乳突疾病 (H60-H95)
H61.807,外耳道坏死,069,WEDHS,第7章 眼和附器疾病 (H00-H59) / 第8章 耳和乳突疾病 (H60-H95)
H61.808,外耳道囊肿,069,WEDNZ,第7章 眼和附器疾病 (H00-H59) / 第8章 耳和乳突疾病 (H60-H95)
H61.809,外耳道外生骨疣,069,WEDWSGY,第7章 眼和附器疾病 (H00-H59) / 第8章 耳和乳突疾病 (H60-H95)
H61.901,耳廓肿物,069,EKZW,第7章 眼和附器疾病 (H00-H59) / 第8章 耳和乳突疾病 (H60-H95)
H61.902,外耳道新生物,169,WEDXSW,第7章 眼和附器疾病 (H00-H59) / 第8章 耳和乳突疾病 (H60-H95)
H65.001,急性浆液性中耳炎,070,JXJYXZEY,第7章 眼和附器疾病 (H00-H59) / 第8章 耳和乳突疾病 (H60-H95)
H65.101,急性变应性中耳炎,070,JXBYXZEY,第7章 眼和附器疾病 (H00-H59) / 第8章 耳和乳突疾病 (H60-H95)
H65.102,急性卡他性中耳炎,070,JXKTXZEY,第7章 眼和附器疾病 (H00-H59) / 第8章 耳和乳突疾病 (H60-H95)
H65.103,蓝鼓膜综合征,070,LGMZHZ,第7章 眼和附器疾病 (H00-H59) / 第8章 耳和乳突疾病 (H60-H95)
H65.201,慢性卡他性中耳炎,070,MXKTXZEY,第7章 眼和附器疾病 (H00-H59) / 第8章 耳和乳突疾病 (H60-H95)
H65.301,慢性分泌性中耳炎,070,MXFMXZEY,第7章 眼和附器疾病 (H00-H59) / 第8章 耳和乳突疾病 (H60-H95)
H65.302,胶耳,070,JE,第7章 眼和附器疾病 (H00-H59) / 第8章 耳和乳突疾病 (H60-H95)
H65.401,慢性渗出性中耳炎,070,MXSCXZEY,第7章 眼和附器疾病 (H00-H59) / 第8章 耳和乳突疾病 (H60-H95)
H65.901,分泌性中耳炎,070,FMXZEY,第7章 眼和附器疾病 (H00-H59) / 第8章 耳和乳突疾病 (H60-H95)
H65.902,卡他性中耳炎,070,KTXZEY,第7章 眼和附器疾病 (H00-H59) / 第8章 耳和乳突疾病 (H60-H95)
H65.903,渗出性中耳炎,070,SCXZEY,第7章 眼和附器疾病 (H00-H59) / 第8章 耳和乳突疾病 (H60-H95)
H66  01,残留性中耳炎,070,CLXZEY,第7章 眼和附器疾病 (H00-H59) / 第8章 耳和乳突疾病 (H60-H95)
H66.001,急性化脓性中耳炎,070,JXHNXZEY,第7章 眼和附器疾病 (H00-H59) / 第8章 耳和乳突疾病 (H60-H95)
H66.301,慢性化脓性中耳炎,070,MXHNXZEY,第7章 眼和附器疾病 (H00-H59) / 第8章 耳和乳突疾病 (H60-H95)
H66.401,化脓性中耳炎,070,HNXZEY,第7章 眼和附器疾病 (H00-H59) / 第8章 耳和乳突疾病 (H60-H95)
H66.901,残余性中耳炎,070,CYXZEY,第7章 眼和附器疾病 (H00-H59) / 第8章 耳和乳突疾病 (H60-H95)
H66.902,急性中耳炎,070,JXZEY,第7章 眼和附器疾病 (H00-H59) / 第8章 耳和乳突疾病 (H60-H95)
H66.903,慢性中耳炎,070,MXZEY,第7章 眼和附器疾病 (H00-H59) / 第8章 耳和乳突疾病 (H60-H95)
H66.904,遗迹性中耳炎,070,YJXZEY,第7章 眼和附器疾病 (H00-H59) / 第8章 耳和乳突疾病 (H60-H95)
H66.905,中耳炎,070,ZEY,第7章 眼和附器疾病 (H00-H59) / 第8章 耳和乳突疾病 (H60-H95)
H66.906,新生儿中耳炎,070,XSEZEY,第7章 眼和附器疾病 (H00-H59) / 第8章 耳和乳突疾病 (H60-H95)
H68.001,咽鼓管炎,070,YGGY,第7章 眼和附器疾病 (H00-H59) / 第8章 耳和乳突疾病 (H60-H95)
H68.101,咽鼓管梗阻,070,YGGGZ,第7章 眼和附器疾病 (H00-H59) / 第8章 耳和乳突疾病 (H60-H95)
H68.102,咽鼓管狭窄,070,YGGXZ,第7章 眼和附器疾病 (H00-H59) / 第8章 耳和乳突疾病 (H60-H95)
H69.001,咽鼓管开放症,070,YGGKFZ,第7章 眼和附器疾病 (H00-H59) / 第8章 耳和乳突疾病 (H60-H95)
H69.801,咽鼓管的其他疾患,070,YGGDQTJH,第7章 眼和附器疾病 (H00-H59) / 第8章 耳和乳突疾病 (H60-H95)
H70.001,耳后脓肿,070,EHNZ,第7章 眼和附器疾病 (H00-H59) / 第8章 耳和乳突疾病 (H60-H95)
H70.002,急性出血性乳突炎,070,JXCXXRTY,第7章 眼和附器疾病 (H00-H59) / 第8章 耳和乳突疾病 (H60-H95)
H70.003,急性化脓性乳突炎,070,JXHNXRTY,第7章 眼和附器疾病 (H00-H59) / 第8章 耳和乳突疾病 (H60-H95)
H70.004,急性坏死性乳突炎,070,JXHSXRTY,第7章 眼和附器疾病 (H00-H59) / 第8章 耳和乳突疾病 (H60-H95)
H70.005,急性乳突炎,070,JXRTY,第7章 眼和附器疾病 (H00-H59) / 第8章 耳和乳突疾病 (H60-H95)
H70.006,颞骨骨膜下脓肿(贝佐尔德氏脓肿),070,NGGMXNZBEDSNZ,第7章 眼和附器疾病 (H00-H59) / 第8章 耳和乳突疾病 (H60-H95)
H70.007,乳突脓肿,070,RTNZ,第7章 眼和附器疾病 (H00-H59) / 第8章 耳和乳突疾病 (H60-H95)
H70.101,耳后瘘管,070,EHLG,第7章 眼和附器疾病 (H00-H59) / 第8章 耳和乳突疾病 (H60-H95)
H70.102,慢性化脓性乳突炎,070,MXHNXRTY,第7章 眼和附器疾病 (H00-H59) / 第8章 耳和乳突疾病 (H60-H95)
H70.103,慢性乳突炎,070,MXRTY,第7章 眼和附器疾病 (H00-H59) / 第8章 耳和乳突疾病 (H60-H95)
H70.104,乳突骨疽,070,RTGJ,第7章 眼和附器疾病 (H00-H59) / 第8章 耳和乳突疾病 (H60-H95)
H70.105,乳突瘘,070,RTL,第7章 眼和附器疾病 (H00-H59) / 第8章 耳和乳突疾病 (H60-H95)
H70.106,手术后耳后瘘,070,SSHEHL,第7章 眼和附器疾病 (H00-H59) / 第8章 耳和乳突疾病 (H60-H95)
H70.107,手术后乳突瘘,070,SSHRTL,第7章 眼和附器疾病 (H00-H59) / 第8章 耳和乳突疾病 (H60-H95)
H70.201,岩部炎(颞骨),070,YBYNG,第7章 眼和附器疾病 (H00-H59) / 第8章 耳和乳突疾病 (H60-H95)
H70.901,化脓性乳突炎,070,HNXRTY,第7章 眼和附器疾病 (H00-H59) / 第8章 耳和乳突疾病 (H60-H95)
H70.902,乳突炎,070,RTY,第7章 眼和附器疾病 (H00-H59) / 第8章 耳和乳突疾病 (H60-H95)
H71  01,中耳肉芽肿,070,ZERYZ,第7章 眼和附器疾病 (H00-H59) / 第8章 耳和乳突疾病 (H60-H95)
H71  02,鼓室胆脂瘤,070,GSDZL,第7章 眼和附器疾病 (H00-H59) / 第8章 耳和乳突疾病 (H60-H95)
H71  03,胆脂瘤性中耳炎(慢性化脓性中耳炎胆脂瘤),070,DZLXZEYMXHNXZEYDZL,第7章 眼和附器疾病 (H00-H59) / 第8章 耳和乳突疾病 (H60-H95)
H71  04,乳突胆脂瘤,070,RTDZL,第7章 眼和附器疾病 (H00-H59) / 第8章 耳和乳突疾病 (H60-H95)
H71  05,原发性乳突胆脂瘤,070,YFXRTDZL,第7章 眼和附器疾病 (H00-H59) / 第8章 耳和乳突疾病 (H60-H95)
H71  06,中耳胆脂瘤,070,ZEDZL,第7章 眼和附器疾病 (H00-H59) / 第8章 耳和乳突疾病 (H60-H95)
H72.901,创伤性鼓膜穿孔,070,CSXGMCK,第7章 眼和附器疾病 (H00-H59) / 第8章 耳和乳突疾病 (H60-H95)
H72.902,鼓膜穿孔,070,GMCK,第7章 眼和附器疾病 (H00-H59) / 第8章 耳和乳突疾病 (H60-H95)
H73.001,大疱性鼓膜炎,070,DPXGMY,第7章 眼和附器疾病 (H00-H59) / 第8章 耳和乳突疾病 (H60-H95)
H73.002,急性鼓膜炎,070,JXGMY,第7章 眼和附器疾病 (H00-H59) / 第8章 耳和乳突疾病 (H60-H95)
H73.101,慢性鼓膜炎,070,MXGMY,第7章 眼和附器疾病 (H00-H59) / 第8章 耳和乳突疾病 (H60-H95)
H73.102,肉芽性鼓膜炎,070,RYXGMY,第7章 眼和附器疾病 (H00-H59) / 第8章 耳和乳突疾病 (H60-H95)
H73.801,鼓膜萎缩,070,GMWS,第7章 眼和附器疾病 (H00-H59) / 第8章 耳和乳突疾病 (H60-H95)
H73.802,鼓膜炎,070,GMY,第7章 眼和附器疾病 (H00-H59) / 第8章 耳和乳突疾病 (H60-H95)
H73.803,鼓室炎,070,GSY,第7章 眼和附器疾病 (H00-H59) / 第8章 耳和乳突疾病 (H60-H95)
H73.804,鼓室粘连,070,GSNL,第7章 眼和附器疾病 (H00-H59) / 第8章 耳和乳突疾病 (H60-H95)
H73.805,血鼓室,070,XGS,第7章 眼和附器疾病 (H00-H59) / 第8章 耳和乳突疾病 (H60-H95)
H74.001,鼓室硬化症,070,GSYHZ,第7章 眼和附器疾病 (H00-H59) / 第8章 耳和乳突疾病 (H60-H95)
H74.101,粘连性中耳炎,070,NLXZEY,第7章 眼和附器疾病 (H00-H59) / 第8章 耳和乳突疾病 (H60-H95)
H74.201,听骨链中断,070,TGLZD,第7章 眼和附器疾病 (H00-H59) / 第8章 耳和乳突疾病 (H60-H95)
H74.202,听骨脱位,070,TGTW,第7章 眼和附器疾病 (H00-H59) / 第8章 耳和乳突疾病 (H60-H95)
H74.301,后天性听骨畸形,070,HTXTGJX,第7章 眼和附器疾病 (H00-H59) / 第8章 耳和乳突疾病 (H60-H95)
H74.302,听骨固定,070,TGGD,第7章 眼和附器疾病 (H00-H59) / 第8章 耳和乳突疾病 (H60-H95)
H74.401,中耳息肉,070,ZEXR,第7章 眼和附器疾病 (H00-H59) / 第8章 耳和乳突疾病 (H60-H95)
H74.801,陈旧性中耳炎,070,CJXZEY,第7章 眼和附器疾病 (H00-H59) / 第8章 耳和乳突疾病 (H60-H95)
H74.802,慢性化脓性中耳炎骨疡型(肉芽型)(坏死,070,MXHNXZEYGYXRYXHS,第7章 眼和附器疾病 (H00-H59) / 第8章 耳和乳突疾病 (H60-H95)
H74.803,慢性化脓性中耳炎伴肉芽肿,070,MXHNXZEYBRYZ,第7章 眼和附器疾病 (H00-H59) / 第8章 耳和乳突疾病 (H60-H95)
H74.804,中耳瘘,070,ZEL,第7章 眼和附器疾病 (H00-H59) / 第8章 耳和乳突疾病 (H60-H95)
H80.101,耳硬化症伴圆窗闭塞,069,EYHZBYCBS,第7章 眼和附器疾病 (H00-H59) / 第8章 耳和乳突疾病 (H60-H95)
H80.901,耳硬化症,069,EYHZ,第7章 眼和附器疾病 (H00-H59) / 第8章 耳和乳突疾病 (H60-H95)
H81.001,梅尼埃病(内淋巴[迷路]积水),069,MNABNLBMLJS,第7章 眼和附器疾病 (H00-H59) / 第8章 耳和乳突疾病 (H60-H95)
H81.101,发作性眩晕,069,FZXXY,第7章 眼和附器疾病 (H00-H59) / 第8章 耳和乳突疾病 (H60-H95)
H81.201,前庭神经元炎,069,QTSJYY,第7章 眼和附器疾病 (H00-H59) / 第8章 耳和乳突疾病 (H60-H95)
H81.301,耳源性眩晕,069,EYXXY,第7章 眼和附器疾病 (H00-H59) / 第8章 耳和乳突疾病 (H60-H95)
H81.302,前庭性眩晕,069,QTXXY,第7章 眼和附器疾病 (H00-H59) / 第8章 耳和乳突疾病 (H60-H95)
H81.303,周围前庭眩晕,069,ZWQTXY,第7章 眼和附器疾病 (H00-H59) / 第8章 耳和乳突疾病 (H60-H95)
H81.401,中枢性眩晕,069,ZSXXY,第7章 眼和附器疾病 (H00-H59) / 第8章 耳和乳突疾病 (H60-H95)
H81.402,中枢性眼球震颤,069,ZSXYQZC,第7章 眼和附器疾病 (H00-H59) / 第8章 耳和乳突疾病 (H60-H95)
H81.901,前庭功能低下,069,QTGNDX,第7章 眼和附器疾病 (H00-H59) / 第8章 耳和乳突疾病 (H60-H95)
H81.902,前庭功能障碍,069,QTGNZA,第7章 眼和附器疾病 (H00-H59) / 第8章 耳和乳突疾病 (H60-H95)
H81.903,前庭系统病变,069,QTXTBB,第7章 眼和附器疾病 (H00-H59) / 第8章 耳和乳突疾病 (H60-H95)
H81.904,眩晕综合征,069,XYZHZ,第7章 眼和附器疾病 (H00-H59) / 第8章 耳和乳突疾病 (H60-H95)
H83.001,迷路炎,069,MLY,第7章 眼和附器疾病 (H00-H59) / 第8章 耳和乳突疾病 (H60-H95)
H83.002,迷路周围炎,069,MLZWY,第7章 眼和附器疾病 (H00-H59) / 第8章 耳和乳突疾病 (H60-H95)
H83.101,半规管瘘,069,BGGL,第7章 眼和附器疾病 (H00-H59) / 第8章 耳和乳突疾病 (H60-H95)
H83.102,迷路瘘,069,MLL,第7章 眼和附器疾病 (H00-H59) / 第8章 耳和乳突疾病 (H60-H95)
H83.201,半规管轻瘫,069,BGGQT,第7章 眼和附器疾病 (H00-H59) / 第8章 耳和乳突疾病 (H60-H95)
H83.301,爆炸性耳聋,069,BZXEL,第7章 眼和附器疾病 (H00-H59) / 第8章 耳和乳突疾病 (H60-H95)
H83.801,迷路出血,069,MLCX,第7章 眼和附器疾病 (H00-H59) / 第8章 耳和乳突疾病 (H60-H95)
H83.802,自发性圆窗膜破裂,069,ZFXYCMPL,第7章 眼和附器疾病 (H00-H59) / 第8章 耳和乳突疾病 (H60-H95)
H83.803,迷路损伤,069,MLSS,第7章 眼和附器疾病 (H00-H59) / 第8章 耳和乳突疾病 (H60-H95)
H83.901,内听道肿物,069,NTDZW,第7章 眼和附器疾病 (H00-H59) / 第8章 耳和乳突疾病 (H60-H95)
H90.201,传导性耳聋,069,CDXEL,第7章 眼和附器疾病 (H00-H59) / 第8章 耳和乳突疾病 (H60-H95)
H90.501,感觉神经性耳聋,069,GJSJXEL,第7章 眼和附器疾病 (H00-H59) / 第8章 耳和乳突疾病 (H60-H95)
H90.801,混合性聋(传导性和感觉神经性聋),069,HHXLCDXHGJSJXL,第7章 眼和附器疾病 (H00-H59) / 第8章 耳和乳突疾病 (H60-H95)
H91.001,药物性聋,069,YWXL,第7章 眼和附器疾病 (H00-H59) / 第8章 耳和乳突疾病 (H60-H95)
H91.201,突发性耳聋,069,TFXEL,第7章 眼和附器疾病 (H00-H59) / 第8章 耳和乳突疾病 (H60-H95)
H91.301,聋哑症,069,LYZ,第7章 眼和附器疾病 (H00-H59) / 第8章 耳和乳突疾病 (H60-H95)
H91.801,创伤性聋,069,CSXL,第7章 眼和附器疾病 (H00-H59) / 第8章 耳和乳突疾病 (H60-H95)
H91.901,耳聋,069,EL,第7章 眼和附器疾病 (H00-H59) / 第8章 耳和乳突疾病 (H60-H95)
H91.902,听觉问题,069,TJWT,第7章 眼和附器疾病 (H00-H59) / 第8章 耳和乳突疾病 (H60-H95)
H91.903,听力减退,069,TLJT,第7章 眼和附器疾病 (H00-H59) / 第8章 耳和乳突疾病 (H60-H95)
H92.001,耳神经痛,069,ESJT,第7章 眼和附器疾病 (H00-H59) / 第8章 耳和乳突疾病 (H60-H95)
H92.002,耳痛,069,ET,第7章 眼和附器疾病 (H00-H59) / 第8章 耳和乳突疾病 (H60-H95)
H92.201,耳出血,069,ECX,第7章 眼和附器疾病 (H00-H59) / 第8章 耳和乳突疾病 (H60-H95)
H93.001,短暂性缺血性聋,069,DZXQXXL,第7章 眼和附器疾病 (H00-H59) / 第8章 耳和乳突疾病 (H60-H95)
H93.002,血管性耳鸣,069,XGXEM,第7章 眼和附器疾病 (H00-H59) / 第8章 耳和乳突疾病 (H60-H95)
H93.101,耳鸣,069,EM,第7章 眼和附器疾病 (H00-H59) / 第8章 耳和乳突疾病 (H60-H95)
H93.201,复听,069,FT,第7章 眼和附器疾病 (H00-H59) / 第8章 耳和乳突疾病 (H60-H95)
H93.202,听功能障碍,069,TGNZA,第7章 眼和附器疾病 (H00-H59) / 第8章 耳和乳突疾病 (H60-H95)
H93.301,位听神经炎,069,WTSJY,第7章 眼和附器疾病 (H00-H59) / 第8章 耳和乳突疾病 (H60-H95)
H93.801,耳后血肿机化,069,EHXZJH,第7章 眼和附器疾病 (H00-H59) / 第8章 耳和乳突疾病 (H60-H95)
H93.901,耳后肿物,069,EHZW,第7章 眼和附器疾病 (H00-H59) / 第8章 耳和乳突疾病 (H60-H95)
H93.902,耳赘生物,069,EZSW,第7章 眼和附器疾病 (H00-H59) / 第8章 耳和乳突疾病 (H60-H95)
H95.001,复发性胆脂瘤,069,FFXDZL,第7章 眼和附器疾病 (H00-H59) / 第8章 耳和乳突疾病 (H60-H95)
H95.101,乳突切除术后并发症,069,RTQCSHBFZ,第7章 眼和附器疾病 (H00-H59) / 第8章 耳和乳突疾病 (H60-H95)
H95.102,乳突切除术后空腔感染,069,RTQCSHKQGR,第7章 眼和附器疾病 (H00-H59) / 第8章 耳和乳突疾病 (H60-H95)
I00  01,风湿活动,073,FSHD,第9章 循环系统疾病 (I00-I99)
I00  02,风湿热,073,FSR,第9章 循环系统疾病 (I00-I99)
I00  03,风湿性关节炎,073,FSXGJY,第9章 循环系统疾病 (I00-I99)
I00  04,急性风湿热,073,JXFSR,第9章 循环系统疾病 (I00-I99)
I00  05,急性风湿性关节炎,073,JXFSXGJY,第9章 循环系统疾病 (I00-I99)
I00  06+ M49.801*,风湿性脊柱炎,073,FSXJZY,第9章 循环系统疾病 (I00-I99)
I01.001,急性风湿性心包炎,072,JXFSXXBY,第9章 循环系统疾病 (I00-I99)
I01.101,急性风湿性心内膜炎,072,JXFSXXNMY,第9章 循环系统疾病 (I00-I99)
I01.201,急性风湿性心肌炎,072,JXFSXXJY,第9章 循环系统疾病 (I00-I99)
I01.801,急性风湿性全心炎,072,JXFSXQXY,第9章 循环系统疾病 (I00-I99)
I01.901,急性风湿性心脏病,072,JXFSXXZB,第9章 循环系统疾病 (I00-I99)
I02.901,风湿性舞蹈病,072,FSXWDB,第9章 循环系统疾病 (I00-I99)
I02.902,急性风湿性舞蹈病,072,JXFSXWDB,第9章 循环系统疾病 (I00-I99)
I02.903,慢性风湿性舞蹈病,072,MXFSXWDB,第9章 循环系统疾病 (I00-I99)
I05.001,风湿性二尖瓣狭窄,074,FSXEJBXZ,第9章 循环系统疾病 (I00-I99)
I05.101,风湿性二尖瓣闭锁不全,074,FSXEJBBSBQ,第9章 循环系统疾病 (I00-I99)
I05.201,风湿性二尖瓣狭窄闭锁不全  二尖瓣狭窄,074,FSXEJBXZBSBQEJBXZ,第9章 循环系统疾病 (I00-I99)
I05.202,风湿性二尖瓣狭窄闭锁不全,074,FSXEJBXZBSBQ,第9章 循环系统疾病 (I00-I99)
I05.203,风湿性二尖瓣狭窄伴闭锁不全,074,FSXEJBXZBBSBQ,第9章 循环系统疾病 (I00-I99)
I05.801,风湿性二尖瓣钙化,074,FSXEJBGH,第9章 循环系统疾病 (I00-I99)
I05.901,风湿性二尖瓣病,074,FSXEJBB,第9章 循环系统疾病 (I00-I99)
I06.001,风湿性主动脉瓣狭窄,074,FSXZDMBXZ,第9章 循环系统疾病 (I00-I99)
I06.101,风湿性主动脉瓣闭锁不全,074,FSXZDMBBSBQ,第9章 循环系统疾病 (I00-I99)
I06.102,风湿性主动脉瓣返流,074,FSXZDMBFL,第9章 循环系统疾病 (I00-I99)
I06.201,风湿性主动脉瓣狭窄伴闭锁不全,074,FSXZDMBXZBBSBQ,第9章 循环系统疾病 (I00-I99)
I07.001,风湿性三尖瓣狭窄,074,FSXSJBXZ,第9章 循环系统疾病 (I00-I99)
I07.002,三尖瓣狭窄,074,SJBXZ,第9章 循环系统疾病 (I00-I99)
I07.101,风湿性三尖瓣闭锁不全,074,FSXSJBBSBQ,第9章 循环系统疾病 (I00-I99)
I07.201,风湿性三尖瓣狭窄伴关闭不全,074,FSXSJBXZBGBBQ,第9章 循环系统疾病 (I00-I99)
I07.801,风湿性三尖瓣返流,074,FSXSJBFL,第9章 循环系统疾病 (I00-I99)
I08.001,风湿性二尖瓣闭锁不全伴主动脉瓣狭窄,074,FSXEJBBSBQBZDMBXZ,第9章 循环系统疾病 (I00-I99)
I08.002,风湿性二尖瓣闭锁不全伴主动脉瓣狭窄和主动脉漏,074,FSXEJBBSBQBZDMBXZHZDML,第9章 循环系统疾病 (I00-I99)
I08.003,风湿性二尖瓣闭锁不全及主动脉瓣狭窄闭锁不全,074,FSXEJBBSBQJZDMBXZBSBQ,第9章 循环系统疾病 (I00-I99)
I08.004,风湿性二尖瓣及主动脉瓣闭锁不全,074,FSXEJBJZDMBBSBQ,第9章 循环系统疾病 (I00-I99)
I08.005,风湿性二尖瓣及主动脉瓣畸形,074,FSXEJBJZDMBJX,第9章 循环系统疾病 (I00-I99)
I08.006,风湿性二尖瓣狭窄伴主动脉瓣返流,074,FSXEJBXZBZDMBFL,第9章 循环系统疾病 (I00-I99)
I08.007,风湿性二尖瓣及主动脉瓣狭窄,074,FSXEJBJZDMBXZ,第9章 循环系统疾病 (I00-I99)
I08.008,风湿性二尖瓣狭窄伴主动脉瓣狭窄,074,FSXEJBXZBZDMBXZ,第9章 循环系统疾病 (I00-I99)
I08.009,风湿性二尖瓣及主动脉瓣狭窄闭锁不全,074,FSXEJBJZDMBXZBSBQ,第9章 循环系统疾病 (I00-I99)
I08.010,风湿性二尖瓣狭窄伴主动脉瓣狭窄闭锁不全,074,FSXEJBXZBZDMBXZBSBQ,第9章 循环系统疾病 (I00-I99)
I08.011,风湿性二尖瓣狭窄闭锁不全伴主动脉狭窄,074,FSXEJBXZBSBQBZDMXZ,第9章 循环系统疾病 (I00-I99)
I08.012,风湿性二尖瓣狭窄关闭不全及主动脉瓣关闭不全,074,FSXEJBXZGBBQJZDMBGBBQ,第9章 循环系统疾病 (I00-I99)
I08.013,风湿性二尖瓣伴主动脉瓣闭锁不全,074,FSXEJBBZDMBBSBQ,第9章 循环系统疾病 (I00-I99)
I08.014,风湿性二尖瓣闭锁不全伴主动脉瓣狭窄,074,FSXEJBBSBQBZDMBXZ,第9章 循环系统疾病 (I00-I99)
I08.015,风湿性二尖瓣闭锁不全伴主动脉瓣狭窄和漏,074,FSXEJBBSBQBZDMBXZHL,第9章 循环系统疾病 (I00-I99)
I08.016,心内膜炎并主动脉瓣二尖瓣穿孔,074,XNMYBZDMBEJBCK,第9章 循环系统疾病 (I00-I99)
I08.901,风湿性联合瓣膜病,074,FSXLHBMB,第9章 循环系统疾病 (I00-I99)
I09.001,风湿性心肌炎,074,FSXXJY,第9章 循环系统疾病 (I00-I99)
I09.201,风湿性粘连性心包炎,074,FSXNLXXBY,第9章 循环系统疾病 (I00-I99)
I09.202,慢性风湿性心包炎,074,MXFSXXBY,第9章 循环系统疾病 (I00-I99)
I09.203,慢性风湿性心肌心包炎,074,MXFSXXJXBY,第9章 循环系统疾病 (I00-I99)
I09.204,慢性风湿性纵隔心包炎,074,MXFSXZGXBY,第9章 循环系统疾病 (I00-I99)
I09.801,风湿性肺动脉瓣闭锁不全,074,FSXFDMBBSBQ,第9章 循环系统疾病 (I00-I99)
I09.802,风湿性肺动脉瓣狭窄,074,FSXFDMBXZ,第9章 循环系统疾病 (I00-I99)
I09.803,风湿性全心炎,074,FSXQXY,第9章 循环系统疾病 (I00-I99)
I09.901,风湿性心脏病,074,FSXXZB,第9章 循环系统疾病 (I00-I99)
I10  01,恶性高血压,075,EXGXY,第9章 循环系统疾病 (I00-I99)
I10  02,高血压,075,GXY,第9章 循环系统疾病 (I00-I99)
I10  03,高血压I,075,GXY,第9章 循环系统疾病 (I00-I99)
I10  04,高血压Ⅱ,075,GXYE,第9章 循环系统疾病 (I00-I99)
I10  05,高血压Ⅲ,075,GXYS,第9章 循环系统疾病 (I00-I99)
I10  06,高血压危象,075,GXYWX,第9章 循环系统疾病 (I00-I99)
I10  07,老年收缩期高血压,075,LNSSQGXY,第9章 循环系统疾病 (I00-I99)
I10  08,良性高血压,075,LXGXY,第9章 循环系统疾病 (I00-I99)
I10  09,临界性高血压,075,LJXGXY,第9章 循环系统疾病 (I00-I99)
I10  10,特发性高血压,075,TFXGXY,第9章 循环系统疾病 (I00-I99)
I10  11,原发性高血压,075,YFXGXY,第9章 循环系统疾病 (I00-I99)
I11.901,高血压性心脏病,076,GXYXXZB,第9章 循环系统疾病 (I00-I99)
I12.001,高血压性肾衰竭,076,GXYXSSJ,第9章 循环系统疾病 (I00-I99)
I12.901,动脉硬化性肾病,076,DMYHXSB,第9章 循环系统疾病 (I00-I99)
I12.902,动脉硬化性肾炎,076,DMYHXSY,第9章 循环系统疾病 (I00-I99)
I12.903,高血压性肾病,076,GXYXSB,第9章 循环系统疾病 (I00-I99)
I12.904,肾动脉硬化,076,SDMYH,第9章 循环系统疾病 (I00-I99)
I12.905,肾萎缩伴有高血压,076,SWSBYGXY,第9章 循环系统疾病 (I00-I99)
I12.906,小动脉性肾炎,076,XDMXSY,第9章 循环系统疾病 (I00-I99)
I12.907,小动脉性肾硬化,076,XDMXSYH,第9章 循环系统疾病 (I00-I99)
I13.908,高血压性心脏病及肾脏病,076,GXYXXZBJSZB,第9章 循环系统疾病 (I00-I99)
I13.909,肾性高血压伴高血压性心脏病,076,SXGXYBGXYXXZB,第9章 循环系统疾病 (I00-I99)
I15.001,肾血管性高血压,075,SXGXGXY,第9章 循环系统疾病 (I00-I99)
I15.101,肾实质性高血压病,075,SSZXGXYB,第9章 循环系统疾病 (I00-I99)
I15.102,肾性高血压,075,SXGXY,第9章 循环系统疾病 (I00-I99)
I15.801,口服避孕药高血压,075,KFBYYGXY,第9章 循环系统疾病 (I00-I99)
I15.802,其它继发性高血压,075,QTJFXGXY,第9章 循环系统疾病 (I00-I99)
I15.901,继发性高血压,075,JFXGXY,第9章 循环系统疾病 (I00-I99)
I20.001,不稳定性心绞痛,077,BWDXXJT,第9章 循环系统疾病 (I00-I99)
I20.002,梗塞前综合征,077,GSQZHZ,第9章 循环系统疾病 (I00-I99)
I20.005,中间型冠状动脉综合症,078,ZJXGZDMZHZ,第9章 循环系统疾病 (I00-I99)
I20.101,冠状动脉痉挛,077,GZDMJL,第9章 循环系统疾病 (I00-I99)
I20.102,心绞痛变异型,077,XJTBYX,第9章 循环系统疾病 (I00-I99)
I20.801,X综合征,077,ZHZ,第9章 循环系统疾病 (I00-I99)
I20.802,梗塞后心绞痛,077,GSHXJT,第9章 循环系统疾病 (I00-I99)
I20.803,混合型心绞痛,077,HHXXJT,第9章 循环系统疾病 (I00-I99)
I20.804,劳力型心绞痛,077,LLXXJT,第9章 循环系统疾病 (I00-I99)
I20.805,稳定性心绞痛,077,WDXXJT,第9章 循环系统疾病 (I00-I99)
I20.901,心绞痛型,077,XJTX,第9章 循环系统疾病 (I00-I99)
I20.902,心绞痛,077,XJT,第9章 循环系统疾病 (I00-I99)
I21.001,急性前壁侧壁心肌梗死,078,JXQBCBXJGS,第9章 循环系统疾病 (I00-I99)
I21.002,急性前壁心肌梗死,078,JXQBXJGS,第9章 循环系统疾病 (I00-I99)
I21.003,急性前膈心肌梗死,078,JXQGXJGS,第9章 循环系统疾病 (I00-I99)
I21.004,急性前间壁心肌梗死,078,JXQJBXJGS,第9章 循环系统疾病 (I00-I99)
I21.101,急性膈面(下壁)心肌梗死,078,JXGMXBXJGS,第9章 循环系统疾病 (I00-I99)
I21.102,急性膈面心肌梗死,078,JXGMXJGS,第9章 循环系统疾病 (I00-I99)
I21.103,急性下壁心肌梗死,078,JXXBXJGS,第9章 循环系统疾病 (I00-I99)
I21.201,急性侧壁心肌梗死,078,JXCBXJGS,第9章 循环系统疾病 (I00-I99)
I21.202,急性高侧壁心肌梗死,078,JXGCBXJGS,第9章 循环系统疾病 (I00-I99)
I21.203,急性后壁心肌梗死,078,JXHBXJGS,第9章 循环系统疾病 (I00-I99)
I21.204,急性前壁下壁心肌梗死,078,JXQBXBXJGS,第9章 循环系统疾病 (I00-I99)
I21.205,急性室间隔下段心肌梗死,078,JXSJGXDXJGS,第9章 循环系统疾病 (I00-I99)
I21.206,急性下壁侧壁正后壁心肌梗死,078,JXXBCBZHBXJGS,第9章 循环系统疾病 (I00-I99)
I21.207,急性下壁右心室心肌梗死,078,JXXBYXSXJGS,第9章 循环系统疾病 (I00-I99)
I21.208,急性下壁正后壁心肌梗死,078,JXXBZHBXJGS,第9章 循环系统疾病 (I00-I99)
I21.209,急性心房心肌梗死,078,JXXFXJGS,第9章 循环系统疾病 (I00-I99)
I21.210,急性心尖部心肌梗死,078,JXXJBXJGS,第9章 循环系统疾病 (I00-I99)
I21.211,急性正后壁心肌梗死,078,JXZHBXJGS,第9章 循环系统疾病 (I00-I99)
I21.212,右心肌梗死,078,YXJGS,第9章 循环系统疾病 (I00-I99)
I21.301,急性右心室心肌梗死,078,JXYXSXJGS,第9章 循环系统疾病 (I00-I99)
I21.302,急性室壁心肌梗死,078,JXSBXJGS,第9章 循环系统疾病 (I00-I99)
I21.303,手术后心肌梗死,078,SSHXJGS,第9章 循环系统疾病 (I00-I99)
I21.304,急性心肌梗死,078,JXXJGS,第9章 循环系统疾病 (I00-I99)
I21.401,急性小灶心肌梗死,078,JXXZXJGS,第9章 循环系统疾病 (I00-I99)
I21.402,急性心内膜下心肌梗死,078,JXXNMXXJGS,第9章 循环系统疾病 (I00-I99)
I21.901,非冠心病心肌梗死,078,FGXBXJGS,第9章 循环系统疾病 (I00-I99)
I21.902,心肌梗死,078,XJGS,第9章 循环系统疾病 (I00-I99)
I21.903,冠状动脉闭塞,078,GZDMBS,第9章 循环系统疾病 (I00-I99)
I21.904,冠状动脉破裂,078,GZDMPL,第9章 循环系统疾病 (I00-I99)
I21.905,冠状动脉栓塞,078,GZDMSS,第9章 循环系统疾病 (I00-I99)
I21.906,冠状动脉血栓形成,078,GZDMXSXC,第9章 循环系统疾病 (I00-I99)
I21.907,急性多壁心肌梗死,078,JXDBXJGS,第9章 循环系统疾病 (I00-I99)
I21.908,室间隔穿孔,078,SJGCK,第9章 循环系统疾病 (I00-I99)
I21.909,心脏破裂,079,XZPL,第9章 循环系统疾病 (I00-I99)
I21.910,心脏卒中,079,XZZZ,第9章 循环系统疾病 (I00-I99)
I21.911,心脏卒中,078,XZZZ,第9章 循环系统疾病 (I00-I99)
I21.912,亚急性心肌梗死,078,YJXXJGS,第9章 循环系统疾病 (I00-I99)
I22.901,急性再发心肌梗死,079,JXZFXJGS,第9章 循环系统疾病 (I00-I99)
I22.913,急性再发心肌梗死,078,JXZFXJGS,第9章 循环系统疾病 (I00-I99)
I24.101,梗塞后综合征,079,GSHZHZ,第9章 循环系统疾病 (I00-I99)
I24.801,冠状动脉供血不足,079,GZDMGXBZ,第9章 循环系统疾病 (I00-I99)
I24.802,急性冠状动脉供血不足,079,JXGZDMGXBZ,第9章 循环系统疾病 (I00-I99)
I25.101,冠心病,080,GXB,第9章 循环系统疾病 (I00-I99)
I25.102,急性心肌缺血,080,JXXJQX,第9章 循环系统疾病 (I00-I99)
I25.103,冠状动脉狭窄,080,GZDMXZ,第9章 循环系统疾病 (I00-I99)
I25.104,冠状动脉粥样硬化(狭窄),080,GZDMZYYHXZ,第9章 循环系统疾病 (I00-I99)
I25.105,冠状动脉粥样硬化性心脏病,080,GZDMZYYHXXZB,第9章 循环系统疾病 (I00-I99)
I25.201,陈旧性高侧壁心肌梗死,080,CJXGCBXJGS,第9章 循环系统疾病 (I00-I99)
I25.202,陈旧性后壁心肌梗死,080,CJXHBXJGS,第9章 循环系统疾病 (I00-I99)
I25.203,陈旧性前壁心肌梗死,080,CJXQBXJGS,第9章 循环系统疾病 (I00-I99)
I25.204,陈旧性前间壁心肌梗死,080,CJXQJBXJGS,第9章 循环系统疾病 (I00-I99)
I25.205,陈旧性下壁后壁心肌梗死,080,CJXXBHBXJGS,第9章 循环系统疾病 (I00-I99)
I25.206,陈旧性下壁前壁心肌梗死,080,CJXXBQBXJGS,第9章 循环系统疾病 (I00-I99)
I25.207,陈旧性下壁心肌梗死,080,CJXXBXJGS,第9章 循环系统疾病 (I00-I99)
I25.208,陈旧性下壁正后壁心肌梗死,080,CJXXBZHBXJGS,第9章 循环系统疾病 (I00-I99)
I25.209,陈旧性小灶性心肌梗死,080,CJXXZXXJGS,第9章 循环系统疾病 (I00-I99)
I25.210,陈旧性心肌梗死,080,CJXXJGS,第9章 循环系统疾病 (I00-I99)
I25.211,陈旧性心内膜下心肌梗死,080,CJXXNMXXJGS,第9章 循环系统疾病 (I00-I99)
I25.212,陈旧性正后壁心肌梗死,080,CJXZHBXJGS,第9章 循环系统疾病 (I00-I99)
I25.213,心肌梗塞恢复期,080,XJGSHFQ,第9章 循环系统疾病 (I00-I99)
I25.301,房壁瘤,080,FBL,第9章 循环系统疾病 (I00-I99)
I25.302,室壁瘤,080,SBL,第9章 循环系统疾病 (I00-I99)
I25.401,冠状动脉窦动脉瘤,080,GZDMDDML,第9章 循环系统疾病 (I00-I99)
I25.402,冠状动脉扩张,080,GZDMKZ,第9章 循环系统疾病 (I00-I99)
I25.403,冠状动静脉瘘,080,GZDJML,第9章 循环系统疾病 (I00-I99)
I25.501,缺血性心肌病,080,QXXXJB,第9章 循环系统疾病 (I00-I99)
I25.801,冠状动脉炎,080,GZDMY,第9章 循环系统疾病 (I00-I99)
I25.802,冠状动脉左房瘘,080,GZDMZFL,第9章 循环系统疾病 (I00-I99)
I25.803,慢性冠状动脉供血不足,080,MXGZDMGXBZ,第9章 循环系统疾病 (I00-I99)
I25.804,冠状动脉-肺动脉瘘,080,GZDMFDML,第9章 循环系统疾病 (I00-I99)
I25.805,冠状动脉肌桥形成,080,GZDMJQXC,第9章 循环系统疾病 (I00-I99)
I25.901,冠状动脉缺血,080,GZDMQX,第9章 循环系统疾病 (I00-I99)
I25.902,缺血性心脏病,080,QXXXZB,第9章 循环系统疾病 (I00-I99)
I25.903,冠状动脉病变,078,GZDMBB,第9章 循环系统疾病 (I00-I99)
I25.913,冠状动脉夹层,078,GZDMJC,第9章 循环系统疾病 (I00-I99)
I26.001,急性肺原性心脏病,081,JXFYXXZB,第9章 循环系统疾病 (I00-I99)
I26.901,肺栓塞,081,FSS,第9章 循环系统疾病 (I00-I99)
I26.902,肺血栓形成,081,FXSXC,第9章 循环系统疾病 (I00-I99)
I26.903,肺动脉栓塞,081,FDMSS,第9章 循环系统疾病 (I00-I99)
I27.001,肺动脉高压,071,FDMGY,第9章 循环系统疾病 (I00-I99)
I27.002,肺动脉高压危象,071,FDMGYWX,第9章 循环系统疾病 (I00-I99)
I27.003,原发性肺动脉高压 (特发性),071,YFXFDMGYTFX,第9章 循环系统疾病 (I00-I99)
I27.101,脊柱后侧凸性心脏病,071,JZHCTXXZB,第9章 循环系统疾病 (I00-I99)
I27.801,继发性肺动脉高压,071,JFXFDMGY,第9章 循环系统疾病 (I00-I99)
I27.901,肺源性心脏病,071,FYXXZB,第9章 循环系统疾病 (I00-I99)
I27.902,慢性肺源性心脏病,071,MXFYXXZB,第9章 循环系统疾病 (I00-I99)
I28.001,肺动静脉瘘,071,FDJML,第9章 循环系统疾病 (I00-I99)
I28.002,支气管动脉-肺动脉瘘,071,ZQGDMFDML,第9章 循环系统疾病 (I00-I99)
I28.101,肺动脉动脉瘤,071,FDMDML,第9章 循环系统疾病 (I00-I99)
I28.801,肺动脉扩张,071,FDMKZ,第9章 循环系统疾病 (I00-I99)
I28.802,肺静脉狭窄,071,FJMXZ,第9章 循环系统疾病 (I00-I99)
I28.803,肺小动脉炎,071,FXDMY,第9章 循环系统疾病 (I00-I99)
I30.101,病毒性心包炎,071,BDXXBY,第9章 循环系统疾病 (I00-I99)
I30.102,细菌性心包炎,071,XJXXBY,第9章 循环系统疾病 (I00-I99)
I30.103,病毒性心肌心包炎,071,BDXXJXBY,第9章 循环系统疾病 (I00-I99)
I30.104,化脓性心包炎,071,HNXXBY,第9章 循环系统疾病 (I00-I99)
I30.105,感染性心包炎,071,GRXXBY,第9章 循环系统疾病 (I00-I99)
I30.106,急性感染心包积液,071,JXGRXBJY,第9章 循环系统疾病 (I00-I99)
I30.107,链球菌性心包炎,071,LQJXXBY,第9章 循环系统疾病 (I00-I99)
I30.108,葡萄球菌性心包炎,071,PTQJXXBY,第9章 循环系统疾病 (I00-I99)
I30.901,急性心包积液,071,JXXBJY,第9章 循环系统疾病 (I00-I99)
I30.902,急性心包炎,071,JXXBY,第9章 循环系统疾病 (I00-I99)
I30.903,急性心肌心包炎,071,JXXJXBY,第9章 循环系统疾病 (I00-I99)
I31.001,慢性粘连渗出性心包炎,071,MXNLSCXXBY,第9章 循环系统疾病 (I00-I99)
I31.002,心包粘连,071,XBNL,第9章 循环系统疾病 (I00-I99)
I31.101,慢性化脓性缩窄性心包炎,071,MXHNXSZXXBY,第9章 循环系统疾病 (I00-I99)
I31.102,缩窄性心包炎,071,SZXXBY,第9章 循环系统疾病 (I00-I99)
I31.103,心包钙化,071,XBGH,第9章 循环系统疾病 (I00-I99)
I31.201,心包积血,071,XBJX,第9章 循环系统疾病 (I00-I99)
I31.301,癌性心包积液,071,AXXBJY,第9章 循环系统疾病 (I00-I99)
I31.302,乳糜性心包积液,071,RMXXBJY,第9章 循环系统疾病 (I00-I99)
I31.801,心包破裂,071,XBPL,第9章 循环系统疾病 (I00-I99)
I31.901,包裹性心包积液,071,BGXXBJY,第9章 循环系统疾病 (I00-I99)
I31.902,非特异性心包炎,071,FTYXXBY,第9章 循环系统疾病 (I00-I99)
I31.903,慢性心包炎,071,MXXBY,第9章 循环系统疾病 (I00-I99)
I31.904,心包积气,071,XBJQ,第9章 循环系统疾病 (I00-I99)
I31.905,心包积液,071,XBJY,第9章 循环系统疾病 (I00-I99)
I31.906,心包填塞,071,XBTS,第9章 循环系统疾病 (I00-I99)
I31.907,心包炎,071,XBY,第9章 循环系统疾病 (I00-I99)
I31.908,纵隔心包炎,071,ZGXBY,第9章 循环系统疾病 (I00-I99)
I33.001,恶性心内膜炎,071,EXXNMY,第9章 循环系统疾病 (I00-I99)
I33.002,二尖瓣赘生物,071,EJBZSW,第9章 循环系统疾病 (I00-I99)
I33.003,肺动脉瓣赘生物,071,FDMBZSW,第9章 循环系统疾病 (I00-I99)
I33.004,感染性心内膜炎,071,GRXXNMY,第9章 循环系统疾病 (I00-I99)
I33.005,感染性心内膜炎性赘生物,071,GRXXNMYXZSW,第9章 循环系统疾病 (I00-I99)
I33.006,革兰氏阳性杆菌性心内膜炎,071,GLSYXGJXXNMY,第9章 循环系统疾病 (I00-I99)
I33.007,急性细菌性心内膜炎,071,JXXJXXNMY,第9章 循环系统疾病 (I00-I99)
I33.008,假单胞菌性心内膜炎,071,JDBJXXNMY,第9章 循环系统疾病 (I00-I99)
I33.009,链球菌性心内膜炎,071,LQJXXNMY,第9章 循环系统疾病 (I00-I99)
I33.010,霉菌性心内膜炎,071,MJXXNMY,第9章 循环系统疾病 (I00-I99)
I33.011,葡萄球菌性心内膜炎,071,PTQJXXNMY,第9章 循环系统疾病 (I00-I99)
I33.012,三尖瓣赘生物,071,SJBZSW,第9章 循环系统疾病 (I00-I99)
I33.013,细菌性心内膜炎,071,XJXXNMY,第9章 循环系统疾病 (I00-I99)
I33.014,亚急性细菌性心内膜炎,071,YJXXJXXNMY,第9章 循环系统疾病 (I00-I99)
I33.015,真菌性心内膜炎,071,ZJXXNMY,第9章 循环系统疾病 (I00-I99)
I33.016,主动脉瓣赘生物,071,ZDMBZSW,第9章 循环系统疾病 (I00-I99)
I33.017,肺动脉赘生物,081,FDMZSW,第9章 循环系统疾病 (I00-I99)
I33.901,急性心内膜炎,071,JXXNMY,第9章 循环系统疾病 (I00-I99)
I34.001,二尖瓣闭锁不全,071,EJBBSBQ,第9章 循环系统疾病 (I00-I99)
I34.002,二尖瓣伴主动脉瓣闭锁不全,071,EJBBZDMBBSBQ,第9章 循环系统疾病 (I00-I99)
I34.003,二尖瓣退行性变,071,EJBTXXB,第9章 循环系统疾病 (I00-I99)
I34.004,二尖瓣漏并主动脉瓣狭窄和漏,071,EJBLBZDMBXZHL,第9章 循环系统疾病 (I00-I99)
I34.101,二尖瓣后叶脱垂,071,EJBHYTC,第9章 循环系统疾病 (I00-I99)
I34.102,二尖瓣脱垂,071,EJBTC,第9章 循环系统疾病 (I00-I99)
I34.103,二尖瓣脱垂综合征,071,EJBTCZHZ,第9章 循环系统疾病 (I00-I99)
I34.201,二尖瓣术后狭窄,071,EJBSHXZ,第9章 循环系统疾病 (I00-I99)
I34.202,老年钙化性二尖瓣狭窄,071,LNGHXEJBXZ,第9章 循环系统疾病 (I00-I99)
I34.801,二尖瓣腱索断裂,071,EJBJSDL,第9章 循环系统疾病 (I00-I99)
I34.802,二尖瓣裂,071,EJBL,第9章 循环系统疾病 (I00-I99)
I34.803,手术后二尖瓣狭窄闭锁不全,071,SSHEJBXZBSBQ,第9章 循环系统疾病 (I00-I99)
I34.804,二尖瓣狭窄伴闭锁不全,071,EJBXZBBSBQ,第9章 循环系统疾病 (I00-I99)
I34.805,心内膜炎并二尖瓣穿孔,071,XNMYBEJBCK,第9章 循环系统疾病 (I00-I99)
I35.001,主动脉瓣狭窄,071,ZDMBXZ,第9章 循环系统疾病 (I00-I99)
I35.101,心内膜炎伴主动脉瓣闭锁不全,071,XNMYBZDMBBSBQ,第9章 循环系统疾病 (I00-I99)
I35.102,主动脉瓣闭锁不全,071,ZDMBBSBQ,第9章 循环系统疾病 (I00-I99)
I35.201,老年钙化性主动脉瓣狭窄关闭不全,071,LNGHXZDMBXZGBBQ,第9章 循环系统疾病 (I00-I99)
I35.202,主动脉瓣狭窄伴闭锁不全,071,ZDMBXZBBSBQ,第9章 循环系统疾病 (I00-I99)
I35.801,退行性主动脉瓣疾患,071,TXXZDMBJH,第9章 循环系统疾病 (I00-I99)
I35.802,心内膜炎伴主动脉瓣穿孔,071,XNMYBZDMBCK,第9章 循环系统疾病 (I00-I99)
I35.803,心内膜炎伴主动脉瓣脱垂,071,XNMYBZDMBTC,第9章 循环系统疾病 (I00-I99)
I35.804,主动脉瓣肥厚,071,ZDMBFH,第9章 循环系统疾病 (I00-I99)
I35.805,主动脉瓣钙化,071,ZDMBGH,第9章 循环系统疾病 (I00-I99)
I35.806,主动脉瓣松软综合征,071,ZDMBSRZHZ,第9章 循环系统疾病 (I00-I99)
I35.807,主动脉瓣下垂,071,ZDMBXC,第9章 循环系统疾病 (I00-I99)
I35.808,主动脉瓣硬化,071,ZDMBYH,第9章 循环系统疾病 (I00-I99)
I35.809,主动脉瓣周脓肿,071,ZDMBZNZ,第9章 循环系统疾病 (I00-I99)
I35.810,主动脉瓣下狭窄,071,ZDMBXXZ,第9章 循环系统疾病 (I00-I99)
I36.001,三尖瓣狭窄,071,SJBXZ,第9章 循环系统疾病 (I00-I99)
I36.101,三尖瓣闭锁不全,071,SJBBSBQ,第9章 循环系统疾病 (I00-I99)
I36.102,三尖瓣回流,071,SJBHL,第9章 循环系统疾病 (I00-I99)
I36.801,三尖瓣脱垂,071,SJBTC,第9章 循环系统疾病 (I00-I99)
I36.803,三尖瓣下移,071,SJBXY,第9章 循环系统疾病 (I00-I99)
I37.001,肺动脉瓣狭窄,071,FDMBXZ,第9章 循环系统疾病 (I00-I99)
I37.101,肺动脉瓣闭锁不全,071,FDMBBSBQ,第9章 循环系统疾病 (I00-I99)
I38  01,心脏瓣膜病,071,XZBMB,第9章 循环系统疾病 (I00-I99)
I38  02,老年性心脏瓣膜病,071,LNXXZBMB,第9章 循环系统疾病 (I00-I99)
I38  03,心瓣膜穿孔,071,XBMCK,第9章 循环系统疾病 (I00-I99)
I38  04,心瓣膜钙化,071,XBMGH,第9章 循环系统疾病 (I00-I99)
I38  05,心瓣膜破裂,071,XBMPL,第9章 循环系统疾病 (I00-I99)
I38  06,心内膜炎,071,XNMY,第9章 循环系统疾病 (I00-I99)
I38  07,瓣膜脱垂（松弛）综合症,081,BMTCSCZHZ,第9章 循环系统疾病 (I00-I99)
I40.001,病毒性心肌炎,071,BDXXJY,第9章 循环系统疾病 (I00-I99)
I40.002,感染性心肌炎,071,GRXXJY,第9章 循环系统疾病 (I00-I99)
I40.003,细菌性心肌炎,071,XJXXJY,第9章 循环系统疾病 (I00-I99)
I40.004,心肌脓肿,071,XJNZ,第9章 循环系统疾病 (I00-I99)
I40.801,中毒性心肌炎,071,ZDXXJY,第9章 循环系统疾病 (I00-I99)
I40.901,急性心肌炎,071,JXXJY,第9章 循环系统疾病 (I00-I99)
I42.001,家族性扩张性心肌病,071,JZXKZXXJB,第9章 循环系统疾病 (I00-I99)
I42.002,扩张性心肌病,071,KZXXJB,第9章 循环系统疾病 (I00-I99)
I42.101,肥厚性梗阻性心肌病,071,FHXGZXXJB,第9章 循环系统疾病 (I00-I99)
I42.201,肥厚性非梗阻性心肌病,071,FHXFGZXXJB,第9章 循环系统疾病 (I00-I99)
I42.202,肥厚性心肌病,071,FHXXJB,第9章 循环系统疾病 (I00-I99)
I42.203,心尖肥厚型心肌病,071,XJFHXXJB,第9章 循环系统疾病 (I00-I99)
I42.301,心内膜心肌纤维化,071,XNMXJXWH,第9章 循环系统疾病 (I00-I99)
I42.401,心内膜纤维弹性组织增生,071,XNMXWTXZZZS,第9章 循环系统疾病 (I00-I99)
I42.501,限制性心肌病,071,XZXXJB,第9章 循环系统疾病 (I00-I99)
I42.601,酒精性心肌病,071,JJXXJB,第9章 循环系统疾病 (I00-I99)
I42.801,心肌囊肿,071,XJNZ,第9章 循环系统疾病 (I00-I99)
I42.802,心肌桥,071,XJQ,第9章 循环系统疾病 (I00-I99)
I42.803,致密化不全心肌病,071,ZMHBQXJB,第9章 循环系统疾病 (I00-I99)
I42.901,充血性心肌病,071,CXXXJB,第9章 循环系统疾病 (I00-I99)
I42.902,继发性心肌病,071,JFXXJB,第9章 循环系统疾病 (I00-I99)
I42.903,特发性心肌病,071,TFXXJB,第9章 循环系统疾病 (I00-I99)
I42.904,心动过速性心肌病,071,XDGSXXJB,第9章 循环系统疾病 (I00-I99)
I42.905,心肌病,071,XJB,第9章 循环系统疾病 (I00-I99)
I42.906,心肌炎后心肌病,071,XJYHXJB,第9章 循环系统疾病 (I00-I99)
I42.907,右心心肌病,071,YXXJB,第9章 循环系统疾病 (I00-I99)
I44.001,一度房室传导阻滞,071,YDFSCDZZ,第9章 循环系统疾病 (I00-I99)
I44.101,二度房室传导阻滞,071,EDFSCDZZ,第9章 循环系统疾病 (I00-I99)
I44.201,完全性房室传导阻滞,071,WQXFSCDZZ,第9章 循环系统疾病 (I00-I99)
I44.202,三度房室传导阻滞,071,SDFSCDZZ,第9章 循环系统疾病 (I00-I99)
I44.301,部分房室传导阻滞,071,BFFSCDZZ,第9章 循环系统疾病 (I00-I99)
I44.302,房室传导阻滞,071,FSCDZZ,第9章 循环系统疾病 (I00-I99)
I44.303,特发性房室束支退化症,071,TFXFSSZTHZ,第9章 循环系统疾病 (I00-I99)
I44.304,隐匿性房室传导阻滞,071,YNXFSCDZZ,第9章 循环系统疾病 (I00-I99)
I44.401,左前分枝传导阻滞,071,ZQFZCDZZ,第9章 循环系统疾病 (I00-I99)
I44.601,完全性左束枝传导阻滞,071,WQXZSZCDZZ,第9章 循环系统疾病 (I00-I99)
I44.602,左束支半传导阻滞,071,ZSZBCDZZ,第9章 循环系统疾病 (I00-I99)
I44.701,左束支传导阻滞,071,ZSZCDZZ,第9章 循环系统疾病 (I00-I99)
I45.101,不完全性右束枝传导阻滞,071,BWQXYSZCDZZ,第9章 循环系统疾病 (I00-I99)
I45.102,完全性右束枝传导阻滞,071,WQXYSZCDZZ,第9章 循环系统疾病 (I00-I99)
I45.103,右束支传导阻滞,071,YSZCDZZ,第9章 循环系统疾病 (I00-I99)
I45.301,三束支传导阻滞,071,SSZCDZZ,第9章 循环系统疾病 (I00-I99)
I45.401,室内传导阻滞,071,SNCDZZ,第9章 循环系统疾病 (I00-I99)
I45.402,束支传导阻滞,071,SZCDZZ,第9章 循环系统疾病 (I00-I99)
I45.501,窦房传导阻滞,071,DFCDZZ,第9章 循环系统疾病 (I00-I99)
I45.502,窦房结功能低下,071,DFJGNDX,第9章 循环系统疾病 (I00-I99)
I45.503,窦性停搏,071,DXTB,第9章 循环系统疾病 (I00-I99)
I45.504,房内传导阻滞,071,FNCDZZ,第9章 循环系统疾病 (I00-I99)
I45.505,中隔束传导阻滞,071,ZGSCDZZ,第9章 循环系统疾病 (I00-I99)
I45.601,劳恩－加农－莱文综合征,071,LEJNLWZHZ,第9章 循环系统疾病 (I00-I99)
I45.602,预激综合征(沃-帕-怀氏综合征),071,YJZHZWPHSZHZ,第9章 循环系统疾病 (I00-I99)
I45.603,隐性预激综合征,071,YXYJZHZ,第9章 循环系统疾病 (I00-I99)
I45.801,房室节内双径,071,FSJNSJ,第9章 循环系统疾病 (I00-I99)
I45.802,干扰性房室分离,071,GRXFSFL,第9章 循环系统疾病 (I00-I99)
I45.901,斯托克斯-亚当斯综合征,071,STKSYDSZHZ,第9章 循环系统疾病 (I00-I99)
I45.902,家族性传导系统障碍,071,JZXCDXTZA,第9章 循环系统疾病 (I00-I99)
I45.903,心脏传导系统退行性变,071,XZCDXTTXXB,第9章 循环系统疾病 (I00-I99)
I46.101,心原性猝死,071,XYXCS,第9章 循环系统疾病 (I00-I99)
I46.901,心脏停搏,071,XZTB,第9章 循环系统疾病 (I00-I99)
I46.902,呼吸心跳骤停,071,HXXTZT,第9章 循环系统疾病 (I00-I99)
I47.101,窦房折返性心动过速,082,DFZFXXDGS,第9章 循环系统疾病 (I00-I99)
I47.102,窦性心动过速,082,DXXDGS,第9章 循环系统疾病 (I00-I99)
I47.103,房内折返性心动过速,082,FNZFXXDGS,第9章 循环系统疾病 (I00-I99)
I47.104,房室结折返性心动过速,082,FSJZFXXDGS,第9章 循环系统疾病 (I00-I99)
I47.105,房室折返性心动过速,082,FSZFXXDGS,第9章 循环系统疾病 (I00-I99)
I47.106,房性心动过速,082,FXXDGS,第9章 循环系统疾病 (I00-I99)
I47.107,交界性心动过速,082,JJXXDGS,第9章 循环系统疾病 (I00-I99)
I47.108,结性心动过速(交界性心动过速),082,JXXDGSJJXXDGS,第9章 循环系统疾病 (I00-I99)
I47.109,室上性心动过速,082,SSXXDGS,第9章 循环系统疾病 (I00-I99)
I47.110,阵发性房室性心动过速,082,ZFXFSXXDGS,第9章 循环系统疾病 (I00-I99)
I47.111,阵发性房性心动过速,082,ZFXFXXDGS,第9章 循环系统疾病 (I00-I99)
I47.112,阵发性交界性心动过速,082,ZFXJJXXDGS,第9章 循环系统疾病 (I00-I99)
I47.113,阵发性室上性心动过速,082,ZFXSSXXDGS,第9章 循环系统疾病 (I00-I99)
I47.114,自律性增高性房性心动过速,082,ZLXZGXFXXDGS,第9章 循环系统疾病 (I00-I99)
I47.201,尖端扭转型室性心动过速,082,JDNZXSXXDGS,第9章 循环系统疾病 (I00-I99)
I47.202,室性心动过速,082,SXXDGS,第9章 循环系统疾病 (I00-I99)
I47.203,右室室性心动过速,082,YSSXXDGS,第9章 循环系统疾病 (I00-I99)
I47.204,阵发性室性心动过速,082,ZFXSXXDGS,第9章 循环系统疾病 (I00-I99)
I47.205,左室室性心动过速,082,ZSSXXDGS,第9章 循环系统疾病 (I00-I99)
I47.805,反复心律,082,FFXL,第9章 循环系统疾病 (I00-I99)
I47.901,阵发性心动过速,082,ZFXXDGS,第9章 循环系统疾病 (I00-I99)
I48  01,不纯性心房扑动,082,BCXXFPD,第9章 循环系统疾病 (I00-I99)
I48  02,特发性房颤,082,TFXFC,第9章 循环系统疾病 (I00-I99)
I48  03,心房扑动,082,XFPD,第9章 循环系统疾病 (I00-I99)
I48  04,心房纤维性颤动(心房纤颤),082,XFXWXCDXFXC,第9章 循环系统疾病 (I00-I99)
I48  05,阵发性心房扑动,082,ZFXXFPD,第9章 循环系统疾病 (I00-I99)
I48  06,阵发性心房纤颤,082,ZFXXFXC,第9章 循环系统疾病 (I00-I99)
I48.401,期外收缩(过早搏动),082,QWSSGZBD,第9章 循环系统疾病 (I00-I99)
I49.001,心室扑动,082,XSPD,第9章 循环系统疾病 (I00-I99)
I49.002,心室纤维性颤动(心室纤颤),082,XSXWXCDXSXC,第9章 循环系统疾病 (I00-I99)
I49.101,房性期外收缩(房性早搏),082,FXQWSSFXZB,第9章 循环系统疾病 (I00-I99)
I49.102,频发性房性期外收缩,082,PFXFXQWSS,第9章 循环系统疾病 (I00-I99)
I49.201,结性过早搏动(交界性过早搏动),082,JXGZBDJJXGZBD,第9章 循环系统疾病 (I00-I99)
I49.301,频发性室性期外收缩,082,PFXSXQWSS,第9章 循环系统疾病 (I00-I99)
I49.302,室性过早搏动,082,SXGZBD,第9章 循环系统疾病 (I00-I99)
I49.303,室性自搏,082,SXZB,第9章 循环系统疾病 (I00-I99)
I49.304,阵发性室性期外收缩,082,ZFXSXQWSS,第9章 循环系统疾病 (I00-I99)
I49.401,期外收缩,082,QWSS,第9章 循环系统疾病 (I00-I99)
I49.402,偶发房室性期外收缩,082,OFFSXQWSS,第9章 循环系统疾病 (I00-I99)
I49.403,频发性期外收缩,082,PFXQWSS,第9章 循环系统疾病 (I00-I99)
I49.501,病态窦房结综合征,082,BTDFJZHZ,第9章 循环系统疾病 (I00-I99)
I49.502,快慢综合征,082,KMZHZ,第9章 循环系统疾病 (I00-I99)
I49.801,β受体亢进综合征,082,BSTKJZHZ,第9章 循环系统疾病 (I00-I99)
I49.802,窦房结-房室结游走节律,082,DFJFSJYZJL,第9章 循环系统疾病 (I00-I99)
I49.803,窦房结游走性心律,082,DFJYZXXL,第9章 循环系统疾病 (I00-I99)
I49.804,窦性心律失常,082,DXXLSC,第9章 循环系统疾病 (I00-I99)
I49.805,反复心律(逆节律),082,FFXLNJL,第9章 循环系统疾病 (I00-I99)
I49.806,房性心律,082,FXXL,第9章 循环系统疾病 (I00-I99)
I49.807,结性心律,082,JXXL,第9章 循环系统疾病 (I00-I99)
I49.808,结性逸搏,082,JXYB,第9章 循环系统疾病 (I00-I99)
I49.809,室性平行心律,082,SXPXXL,第9章 循环系统疾病 (I00-I99)
I49.810,特指多种心律失常,082,TZDZXLSC,第9章 循环系统疾病 (I00-I99)
I49.811,紊乱性房性心率,082,WLXFXXL,第9章 循环系统疾病 (I00-I99)
I49.901,β受体过敏综合征,082,BSTGMZHZ,第9章 循环系统疾病 (I00-I99)
I49.902,冠心病心律失常型,082,GXBXLSCX,第9章 循环系统疾病 (I00-I99)
I49.903,室性心律失常,082,SXXLSC,第9章 循环系统疾病 (I00-I99)
I49.904,心律失常,082,XLSC,第9章 循环系统疾病 (I00-I99)
I50.001,充血性心力衰竭,083,CXXXLSJ,第9章 循环系统疾病 (I00-I99)
I50.002,充血性心脏病,083,CXXXZB,第9章 循环系统疾病 (I00-I99)
I50.003,全心衰竭,083,QXSJ,第9章 循环系统疾病 (I00-I99)
I50.004,右心衰竭,083,YXSJ,第9章 循环系统疾病 (I00-I99)
I50.101,急性肺水肿伴心力衰竭,083,JXFSZBXLSJ,第9章 循环系统疾病 (I00-I99)
I50.102,急性左心衰竭,083,JXZXSJ,第9章 循环系统疾病 (I00-I99)
I50.103,慢性左心功能不全,083,MXZXGNBQ,第9章 循环系统疾病 (I00-I99)
I50.104,心源性哮喘,083,XYXXC,第9章 循环系统疾病 (I00-I99)
I50.105,左心房衰竭,083,ZXFSJ,第9章 循环系统疾病 (I00-I99)
I50.106,左心衰竭,083,ZXSJ,第9章 循环系统疾病 (I00-I99)
I50.107,左心衰竭合并急性肺水肿,083,ZXSJHBJXFSZ,第9章 循环系统疾病 (I00-I99)
I50.901,低心排综合征,083,DXPZHZ,第9章 循环系统疾病 (I00-I99)
I50.902,心功能不全,083,XGNBQ,第9章 循环系统疾病 (I00-I99)
I50.903,急性心功能衰竭,083,JXXGNSJ,第9章 循环系统疾病 (I00-I99)
I50.904,急性心力衰竭,083,JXXLSJ,第9章 循环系统疾病 (I00-I99)
I50.905,慢性心力衰竭,083,MXXLSJ,第9章 循环系统疾病 (I00-I99)
I50.906,心房功能不全,083,XFGNBQ,第9章 循环系统疾病 (I00-I99)
I50.907,心功能Ⅱ级,083,XGNEJ,第9章 循环系统疾病 (I00-I99)
I50.908,心功能Ⅲ级,083,XGNSJ,第9章 循环系统疾病 (I00-I99)
I50.909,心功能Ⅱ--Ⅲ级,083,XGNESJ,第9章 循环系统疾病 (I00-I99)
I50.910,心功能Ⅳ级,083,XGNSJ,第9章 循环系统疾病 (I00-I99)
I50.911,心力衰竭,083,XLSJ,第9章 循环系统疾病 (I00-I99)
I50.912,心肾衰竭,083,XSSJ,第9章 循环系统疾病 (I00-I99)
I50.913,循环衰竭,083,XHSJ,第9章 循环系统疾病 (I00-I99)
I51.101,腱索断裂(心),071,JSDLX,第9章 循环系统疾病 (I00-I99)
I51.102,心腱索断裂,071,XJSDL,第9章 循环系统疾病 (I00-I99)
I51.201,心脏乳头肌破裂,071,XZRTJPL,第9章 循环系统疾病 (I00-I99)
I51.301,心房血栓,071,XFXS,第9章 循环系统疾病 (I00-I99)
I51.302,心耳血栓,071,XEXS,第9章 循环系统疾病 (I00-I99)
I51.303,心室血栓,071,XSXS,第9章 循环系统疾病 (I00-I99)
I51.401,病毒性心肌炎后遗症,071,BDXXJYHYZ,第9章 循环系统疾病 (I00-I99)
I51.402,老年性心脏病,071,LNXXZB,第9章 循环系统疾病 (I00-I99)
I51.403,心肌炎,071,XJY,第9章 循环系统疾病 (I00-I99)
I51.404,心肌炎后遗症,071,XJYHYZ,第9章 循环系统疾病 (I00-I99)
I51.501,心肌变性,071,XJBX,第9章 循环系统疾病 (I00-I99)
I51.502,心肌劳损,071,XJLS,第9章 循环系统疾病 (I00-I99)
I51.503,心肌损害,071,XJSH,第9章 循环系统疾病 (I00-I99)
I51.504,心肌脂肪变性,071,XJZFBX,第9章 循环系统疾病 (I00-I99)
I51.505,老年性传导系统退行病变,071,LNXCDXTTXBB,第9章 循环系统疾病 (I00-I99)
I51.601,心血管变性,071,XXGBX,第9章 循环系统疾病 (I00-I99)
I51.602,心血管意外,071,XXGYW,第9章 循环系统疾病 (I00-I99)
I51.603,心血管硬化,071,XXGYH,第9章 循环系统疾病 (I00-I99)
I51.701,室间隔肥大,071,SJGFD,第9章 循环系统疾病 (I00-I99)
I51.702,心房肥大,071,XFFD,第9章 循环系统疾病 (I00-I99)
I51.703,心房扩大,071,XFKD,第9章 循环系统疾病 (I00-I99)
I51.704,心肌肥大,071,XJFD,第9章 循环系统疾病 (I00-I99)
I51.705,心室肥大,071,XSFD,第9章 循环系统疾病 (I00-I99)
I51.706,心室肥厚,071,XSFH,第9章 循环系统疾病 (I00-I99)
I51.707,心室扩大,071,XSKD,第9章 循环系统疾病 (I00-I99)
I51.708,心脏肥大,071,XZFD,第9章 循环系统疾病 (I00-I99)
I51.709,心脏扩大,071,XZKD,第9章 循环系统疾病 (I00-I99)
I51.710,心室心尖部球样变综合征,071,XSXJBQYBZHZ,第9章 循环系统疾病 (I00-I99)
I51.711,右室流出道扩张,071,YSLCDKZ,第9章 循环系统疾病 (I00-I99)
I51.801,全心炎,071,QXY,第9章 循环系统疾病 (I00-I99)
I51.802,乳头肌功能不全,071,RTJGNBQ,第9章 循环系统疾病 (I00-I99)
I51.803,心房肿物,071,XFZW,第9章 循环系统疾病 (I00-I99)
I51.804,心肌功能不全,071,XJGNBQ,第9章 循环系统疾病 (I00-I99)
I51.806,左心室假腱索,071,ZXSJJS,第9章 循环系统疾病 (I00-I99)
I51.901,肝原性心脏病,071,GYXXZB,第9章 循环系统疾病 (I00-I99)
I51.902,贫血性心脏病,071,PXXXZB,第9章 循环系统疾病 (I00-I99)
I51.903,心功能Ⅰ级,071,XGNYJ,第9章 循环系统疾病 (I00-I99)
I51.904,心脏病,071,XZB,第9章 循环系统疾病 (I00-I99)
I51.905,心脏肿物,071,XZZW,第9章 循环系统疾病 (I00-I99)
I51.906,心脏占位性病变,071,XZZWXBB,第9章 循环系统疾病 (I00-I99)
I60.001,颈内动脉瘤破裂入脑,085,JNDMLPLRN,第9章 循环系统疾病 (I00-I99)
I60.301,后交通动脉瘤破裂,085,HJTDMLPL,第9章 循环系统疾病 (I00-I99)
I60.801,脑动脉瘤破裂,085,NDMLPL,第9章 循环系统疾病 (I00-I99)
I60.802,脑膜出血,085,NMCX,第9章 循环系统疾病 (I00-I99)
I60.901,蛛网膜下腔出血,085,ZWMXQCX,第9章 循环系统疾病 (I00-I99)
I61.001,大脑后动脉出血,085,DNHDMCX,第9章 循环系统疾病 (I00-I99)
I61.002,大脑内皮质下出血,085,DNNPZXCX,第9章 循环系统疾病 (I00-I99)
I61.003,大脑中动脉出血,085,DNZDMCX,第9章 循环系统疾病 (I00-I99)
I61.004,豆状核出血,085,DZHCX,第9章 循环系统疾病 (I00-I99)
I61.005,基底节出血,085,JDJCX,第9章 循环系统疾病 (I00-I99)
I61.006,内囊出血,085,NNCX,第9章 循环系统疾病 (I00-I99)
I61.007,外囊出血,085,WNCX,第9章 循环系统疾病 (I00-I99)
I61.101,大脑内皮质出血,085,DNNPZCX,第9章 循环系统疾病 (I00-I99)
I61.301,脑干出血,085,NGCX,第9章 循环系统疾病 (I00-I99)
I61.302,脑桥出血,085,NQCX,第9章 循环系统疾病 (I00-I99)
I61.303,丘脑出血,085,QNCX,第9章 循环系统疾病 (I00-I99)
I61.304,丘脑下部出血,085,QNXBCX,第9章 循环系统疾病 (I00-I99)
I61.401,小脑出血,085,XNCX,第9章 循环系统疾病 (I00-I99)
I61.501,脑室出血,085,NSCX,第9章 循环系统疾病 (I00-I99)
I61.901,非创伤性脑内血肿,085,FCSXNNXZ,第9章 循环系统疾病 (I00-I99)
I61.902,脑出血,085,NCX,第9章 循环系统疾病 (I00-I99)
I61.903,脑血管破裂,085,NXGPL,第9章 循环系统疾病 (I00-I99)
I61.904,脑血肿,085,NXZ,第9章 循环系统疾病 (I00-I99)
I62.001,非创伤性硬脑膜下出血,085,FCSXYNMXCX,第9章 循环系统疾病 (I00-I99)
I62.002,慢性硬膜下血肿,085,MXYMXXZ,第9章 循环系统疾病 (I00-I99)
I62.101,非创伤性硬膜外血肿,085,FCSXYMWXZ,第9章 循环系统疾病 (I00-I99)
I62.102,非创伤性硬脑膜外出血,085,FCSXYNMWCX,第9章 循环系统疾病 (I00-I99)
I62.901,非创伤性颅内出血,085,FCSXLNCX,第9章 循环系统疾病 (I00-I99)
I63.301,血栓性偏瘫,086,XSXPT,第9章 循环系统疾病 (I00-I99)
I63.401,脑栓塞性偏瘫,086,NSSXPT,第9章 循环系统疾病 (I00-I99)
I63.801,脑干梗塞,086,NGGS,第9章 循环系统疾病 (I00-I99)
I63.901,多发性脑梗塞,086,DFXNGS,第9章 循环系统疾病 (I00-I99)
I63.902,脑梗塞,086,NGS,第9章 循环系统疾病 (I00-I99)
I63.903,腔隙性脑梗塞,086,QXXNGS,第9章 循环系统疾病 (I00-I99)
I63.904,小脑梗塞,086,XNGS,第9章 循环系统疾病 (I00-I99)
I64  01,急性偏瘫,084,JXPT,第9章 循环系统疾病 (I00-I99)
I64  02,可逆性脑卒中,084,KNXNZZ,第9章 循环系统疾病 (I00-I99)
I64  03,脑血管意外,084,NXGYW,第9章 循环系统疾病 (I00-I99)
I64  04,脑卒中,084,NZZ,第9章 循环系统疾病 (I00-I99)
I65.001,椎动脉狭窄,084,ZDMXZ,第9章 循环系统疾病 (I00-I99)
I65.002,椎动脉血栓形成,084,ZDMXSXC,第9章 循环系统疾病 (I00-I99)
I65.101,基底动脉栓塞,084,JDDMSS,第9章 循环系统疾病 (I00-I99)
I65.102,基底动脉血栓形成,084,JDDMXSXC,第9章 循环系统疾病 (I00-I99)
I65.201,颈动脉动脉硬化,084,JDMDMYH,第9章 循环系统疾病 (I00-I99)
I65.202,颈动脉狭窄,084,JDMXZ,第9章 循环系统疾病 (I00-I99)
I65.203,颈内动脉闭塞,084,JNDMBS,第9章 循环系统疾病 (I00-I99)
I65.204,颈内动脉栓塞,084,JNDMSS,第9章 循环系统疾病 (I00-I99)
I65.205,颈内动脉狭窄,084,JNDMXZ,第9章 循环系统疾病 (I00-I99)
I65.206,颈内动脉血栓形成,084,JNDMXSXC,第9章 循环系统疾病 (I00-I99)
I65.207,颈外动脉闭塞,084,JWDMBS,第9章 循环系统疾病 (I00-I99)
I65.208,颈总动脉闭塞,084,JZDMBS,第9章 循环系统疾病 (I00-I99)
I65.209,颈总动脉狭窄,084,JZDMXZ,第9章 循环系统疾病 (I00-I99)
I66.001,大脑中动脉闭塞,087,DNZDMBS,第9章 循环系统疾病 (I00-I99)
I66.301,小脑后下动脉血栓形成,087,XNHXDMXSXC,第9章 循环系统疾病 (I00-I99)
I66.302+ G46.401*,延髓背外侧综合征,087,YSBWCZHZ,第9章 循环系统疾病 (I00-I99)
I66.303+ G46.402*,瓦伦伯格氏综合征(延髓外侧综合征),087,WLBGSZHZYSWCZHZ,第9章 循环系统疾病 (I00-I99)
I66.304+ G46.403*,延髓外侧综合征,087,YSWCZHZ,第9章 循环系统疾病 (I00-I99)
I66.901,大脑动脉闭塞,087,DNDMBS,第9章 循环系统疾病 (I00-I99)
I66.902,脑动脉栓塞,087,NDMSS,第9章 循环系统疾病 (I00-I99)
I66.903,脑栓塞,087,NSS,第9章 循环系统疾病 (I00-I99)
I66.904,脑血栓形成,087,NXSXC,第9章 循环系统疾病 (I00-I99)
I67.101,大脑动脉瘤,084,DNDML,第9章 循环系统疾病 (I00-I99)
I67.102,后交通动脉瘤,084,HJTDML,第9章 循环系统疾病 (I00-I99)
I67.103,颈内动脉--海绵窦瘘,084,JNDMHMDL,第9章 循环系统疾病 (I00-I99)
I67.104,颅内动脉瘤,084,LNDML,第9章 循环系统疾病 (I00-I99)
I67.105,脑动静脉瘘,084,NDJML,第9章 循环系统疾病 (I00-I99)
I67.106,脑基底动脉瘤,084,NJDDML,第9章 循环系统疾病 (I00-I99)
I67.107,脑膜动静脉瘘,084,NMDJML,第9章 循环系统疾病 (I00-I99)
I67.108,前交通动脉瘤,084,QJTDML,第9章 循环系统疾病 (I00-I99)
I67.109,小脑动脉瘤,084,XNDML,第9章 循环系统疾病 (I00-I99)
I67.201,动脉硬化性脑病,084,DMYHXNB,第9章 循环系统疾病 (I00-I99)
I67.202,脑动脉硬化,084,NDMYH,第9章 循环系统疾病 (I00-I99)
I67.203,皮层下动脉硬化性脑病,084,PCXDMYHXNB,第9章 循环系统疾病 (I00-I99)
I67.301,宾斯万格氏病(早老性痴呆的一种),084,BSWGSBZLXCDDYZ,第9章 循环系统疾病 (I00-I99)
I67.401,高血压性脑病,084,GXYXNB,第9章 循环系统疾病 (I00-I99)
I67.501,脑底异常血管网病(云雾病),084,NDYCXGWBYWB,第9章 循环系统疾病 (I00-I99)
I67.701,脑动脉炎,084,NDMY,第9章 循环系统疾病 (I00-I99)
I67.801,急性脑血管病,084,JXNXGB,第9章 循环系统疾病 (I00-I99)
I67.802,脑动脉供血不足,084,NDMGXBZ,第9章 循环系统疾病 (I00-I99)
I67.803,脑坏死,084,NHS,第9章 循环系统疾病 (I00-I99)
I67.804,脑血管供血不足,084,NXGGXBZ,第9章 循环系统疾病 (I00-I99)
I67.805,缺血性脑血管病,084,QXXNXGB,第9章 循环系统疾病 (I00-I99)
I67.806,闭塞性脑血管瘤,084,BSXNXGL,第9章 循环系统疾病 (I00-I99)
I67.807,内听动脉卒中,084,NTDMZZ,第9章 循环系统疾病 (I00-I99)
I67.808,CADASIL(伴皮质下梗死和白质脑病的染色体显性遗传性),084,BPZXGSHBZNBDRSTXXYCX,第9章 循环系统疾病 (I00-I99)
I67.901,复发性脑血管病,084,FFXNXGB,第9章 循环系统疾病 (I00-I99)
I67.902,海绵窦受压综合征,084,HMDSYZHZ,第9章 循环系统疾病 (I00-I99)
I67.903,脑血管病,084,NXGB,第9章 循环系统疾病 (I00-I99)
I67.904+ G46.301*,韦伯氏综合征(大脑脚综合征),084,WBSZHZDNJZHZ,第9章 循环系统疾病 (I00-I99)
I69.101,脑出血后遗症,084,NCXHYZ,第9章 循环系统疾病 (I00-I99)
I69.301,脑梗塞后遗症,084,NGSHYZ,第9章 循环系统疾病 (I00-I99)
I69.801,脑血管病后遗症,084,NXGBHYZ,第9章 循环系统疾病 (I00-I99)
I69.802,脑血管病恢复期,084,NXGBHFQ,第9章 循环系统疾病 (I00-I99)
I69.803,缺血缺氧性脑病后遗症,084,QXQYXNBHYZ,第9章 循环系统疾病 (I00-I99)
I70.001,腹主动脉硬化,071,FZDMYH,第9章 循环系统疾病 (I00-I99)
I70.002,主动脉钙化,071,ZDMGH,第9章 循环系统疾病 (I00-I99)
I70.003,主动脉硬化,071,ZDMYH,第9章 循环系统疾病 (I00-I99)
I70.101,肾动脉狭窄,071,SDMXZ,第9章 循环系统疾病 (I00-I99)
I70.201,闭塞性髂动脉硬化,071,BSXQDMYH,第9章 循环系统疾病 (I00-I99)
I70.202,肢体动脉硬化,071,ZTDMYH,第9章 循环系统疾病 (I00-I99)
I70.203,下肢动脉粥样硬化闭塞症,071,XZDMZYYHBSZ,第9章 循环系统疾病 (I00-I99)
I70.204,肢体闭塞性动脉硬化,071,ZTBSXDMYH,第9章 循环系统疾病 (I00-I99)
I70.801,视网膜动脉硬化,071,SWMDMYH,第9章 循环系统疾病 (I00-I99)
I70.901,闭塞性动脉炎,071,BSXDMY,第9章 循环系统疾病 (I00-I99)
I70.902,闭塞性动脉硬化,071,BSXDMYH,第9章 循环系统疾病 (I00-I99)
I70.903,动脉硬化,071,DMYH,第9章 循环系统疾病 (I00-I99)
I70.904,动脉粥样硬化,071,DMZYYH,第9章 循环系统疾病 (I00-I99)
I70.905,外周动脉粥样硬化,071,WZDMZYYH,第9章 循环系统疾病 (I00-I99)
I71.001,主动脉夹层动脉瘤破裂,071,ZDMJCDMLPL,第9章 循环系统疾病 (I00-I99)
I71.002,主动脉夹层动脉瘤,071,ZDMJCDML,第9章 循环系统疾病 (I00-I99)
I71.101,胸主动脉动脉瘤破裂,071,XZDMDMLPL,第9章 循环系统疾病 (I00-I99)
I71.201,升主动脉动脉瘤,071,SZDMDML,第9章 循环系统疾病 (I00-I99)
I71.202,升主动脉扩张,071,SZDMKZ,第9章 循环系统疾病 (I00-I99)
I71.203,胸主动脉动脉瘤,071,XZDMDML,第9章 循环系统疾病 (I00-I99)
I71.204,主动脉弓动脉瘤,071,ZDMGDML,第9章 循环系统疾病 (I00-I99)
I71.205,主动脉弓假性动脉瘤,071,ZDMGJXDML,第9章 循环系统疾病 (I00-I99)
I71.301,腹主动脉动脉瘤破裂,071,FZDMDMLPL,第9章 循环系统疾病 (I00-I99)
I71.302,腹主动脉瘤破裂,071,FZDMLPL,第9章 循环系统疾病 (I00-I99)
I71.401,腹腔动脉动脉瘤,071,FQDMDML,第9章 循环系统疾病 (I00-I99)
I71.402,腹主动脉动脉瘤,071,FZDMDML,第9章 循环系统疾病 (I00-I99)
I71.801,主动脉破裂,071,ZDMPL,第9章 循环系统疾病 (I00-I99)
I71.901,降主动脉动脉瘤,071,JZDMDML,第9章 循环系统疾病 (I00-I99)
I71.902,主动脉动脉瘤,071,ZDMDML,第9章 循环系统疾病 (I00-I99)
I71.903,主动脉扩张,071,ZDMKZ,第9章 循环系统疾病 (I00-I99)
I72.001,创伤性颈动脉瘤,071,CSXJDML,第9章 循环系统疾病 (I00-I99)
I72.002,颈动脉动脉瘤,071,JDMDML,第9章 循环系统疾病 (I00-I99)
I72.003,颈动脉扩张,071,JDMKZ,第9章 循环系统疾病 (I00-I99)
I72.004,颈内动脉动脉瘤,071,JNDMDML,第9章 循环系统疾病 (I00-I99)
I72.005,颈内动脉瘤破裂,071,JNDMLPL,第9章 循环系统疾病 (I00-I99)
I72.006,颈外动脉夹层动脉瘤,071,JWDMJCDML,第9章 循环系统疾病 (I00-I99)
I72.101,上肢动脉动脉瘤,071,SZDMDML,第9章 循环系统疾病 (I00-I99)
I72.102,上肢假性动脉瘤,071,SZJXDML,第9章 循环系统疾病 (I00-I99)
I72.103,上肢动脉瘤破裂出血,071,SZDMLPLCX,第9章 循环系统疾病 (I00-I99)
I72.201,肾动脉动脉瘤,071,SDMDML,第9章 循环系统疾病 (I00-I99)
I72.301,髂动脉动脉瘤,071,QDMDML,第9章 循环系统疾病 (I00-I99)
I72.302,髂动脉瘤,071,QDML,第9章 循环系统疾病 (I00-I99)
I72.401,创伤性股动脉瘤,071,CSXGDML,第9章 循环系统疾病 (I00-I99)
I72.402,创伤性股假性动脉瘤,071,CSXGJXDML,第9章 循环系统疾病 (I00-I99)
I72.403,股动脉假性动脉瘤,071,GDMJXDML,第9章 循环系统疾病 (I00-I99)
I72.404,下肢动脉动脉瘤,071,XZDMDML,第9章 循环系统疾病 (I00-I99)
I72.405,下肢假性动脉瘤,071,XZJXDML,第9章 循环系统疾病 (I00-I99)
I72.801,肝动脉动脉瘤,071,GDMDML,第9章 循环系统疾病 (I00-I99)
I72.802,眶内动脉动脉瘤,071,KNDMDML,第9章 循环系统疾病 (I00-I99)
I72.803,脾动脉动脉瘤,071,PDMDML,第9章 循环系统疾病 (I00-I99)
I72.804,锁骨上假性动脉瘤,071,SGSJXDML,第9章 循环系统疾病 (I00-I99)
I72.805,锁骨下动脉动脉瘤,071,SGXDMDML,第9章 循环系统疾病 (I00-I99)
I72.806,无名动脉动脉瘤,071,WMDMDML,第9章 循环系统疾病 (I00-I99)
I72.807,椎动脉动脉瘤,071,ZDMDML,第9章 循环系统疾病 (I00-I99)
I72.808,椎假性动脉瘤,071,ZJXDML,第9章 循环系统疾病 (I00-I99)
I72.809,肠系膜假性动脉瘤,071,CXMJXDML,第9章 循环系统疾病 (I00-I99)
I72.810,髂动脉假性动脉瘤,071,QDMJXDML,第9章 循环系统疾病 (I00-I99)
I72.811,胃十二指肠动脉瘤,071,WSEZCDML,第9章 循环系统疾病 (I00-I99)
I72.812,颌动脉假性动脉瘤,071,HDMJXDML,第9章 循环系统疾病 (I00-I99)
I72.813,肝动脉假性动脉瘤,071,GDMJXDML,第9章 循环系统疾病 (I00-I99)
I72.814,胰腺假性动脉瘤,071,YXJXDML,第9章 循环系统疾病 (I00-I99)
I72.901,动脉瘤,071,DML,第9章 循环系统疾病 (I00-I99)
I73.001,雷诺氏综合征,071,LNSZHZ,第9章 循环系统疾病 (I00-I99)
I73.101,伯格氏病(血栓闭塞性脉管炎),071,BGSBXSBSXMGY,第9章 循环系统疾病 (I00-I99)
I73.801,股绀红皮病,071,GGHPB,第9章 循环系统疾病 (I00-I99)
I73.802,上肢缺血,071,SZQX,第9章 循环系统疾病 (I00-I99)
I73.803,四肢供血不足,071,SZGXBZ,第9章 循环系统疾病 (I00-I99)
I73.804,下肢缺血,071,XZQX,第9章 循环系统疾病 (I00-I99)
I73.805,红斑性肢痛症,071,HBXZTZ,第9章 循环系统疾病 (I00-I99)
I73.806,肢端血管功能失调,071,ZDXGGNST,第9章 循环系统疾病 (I00-I99)
I73.901,动脉痉挛,071,DMJL,第9章 循环系统疾病 (I00-I99)
I73.902,间歇性跛行,071,JXXBX,第9章 循环系统疾病 (I00-I99)
I73.903,血管痉挛,071,XGJL,第9章 循环系统疾病 (I00-I99)
I73.904,周围血管病,071,ZWXGB,第9章 循环系统疾病 (I00-I99)
I74.001,腹主动脉闭塞,071,FZDMBS,第9章 循环系统疾病 (I00-I99)
I74.002,腹主动脉血栓形成,071,FZDMXSXC,第9章 循环系统疾病 (I00-I99)
I74.003,勒里施氏综合征(主动脉自发性血栓形成),071,LLSSZHZZDMZFXXSXC,第9章 循环系统疾病 (I00-I99)
I74.101,主动脉栓塞,071,ZDMSS,第9章 循环系统疾病 (I00-I99)
I74.102,主动脉血栓形成,071,ZDMXSXC,第9章 循环系统疾病 (I00-I99)
I74.201,上肢动脉梗阻,071,SZDMGZ,第9章 循环系统疾病 (I00-I99)
I74.202,上肢动脉栓塞,071,SZDMSS,第9章 循环系统疾病 (I00-I99)
I74.301,创伤性股动静脉血栓形成,071,CSXGDJMXSXC,第9章 循环系统疾病 (I00-I99)
I74.302,创伤性胫后动脉血栓形成,071,CSXJHDMXSXC,第9章 循环系统疾病 (I00-I99)
I74.303,股动脉闭塞,071,GDMBS,第9章 循环系统疾病 (I00-I99)
I74.304,股动脉梗阻,071,GDMGZ,第9章 循环系统疾病 (I00-I99)
I74.305,下肢动脉栓塞,071,XZDMSS,第9章 循环系统疾病 (I00-I99)
I74.306,下肢动脉血栓形成,071,XZDMXSXC,第9章 循环系统疾病 (I00-I99)
I74.401,四肢动脉栓塞,071,SZDMSS,第9章 循环系统疾病 (I00-I99)
I74.402,周围动脉栓塞,071,ZWDMSS,第9章 循环系统疾病 (I00-I99)
I74.501,创伤性髂总动脉血栓形成,071,CSXQZDMXSXC,第9章 循环系统疾病 (I00-I99)
I74.502,髂动脉闭塞,071,QDMBS,第9章 循环系统疾病 (I00-I99)
I74.503,髂总动脉血栓形成,071,QZDMXSXC,第9章 循环系统疾病 (I00-I99)
I74.504,髂总动脉栓塞,071,QZDMSS,第9章 循环系统疾病 (I00-I99)
I74.801,腹腔动脉闭塞,071,FQDMBS,第9章 循环系统疾病 (I00-I99)
I74.802,腹腔动脉血栓形成,071,FQDMXSXC,第9章 循环系统疾病 (I00-I99)
I74.803,肝动脉血栓形成,071,GDMXSXC,第9章 循环系统疾病 (I00-I99)
I74.804,脾栓塞,071,PSS,第9章 循环系统疾病 (I00-I99)
I74.805,其他特指部位的动脉栓塞,071,QTTZBWDDMSS,第9章 循环系统疾病 (I00-I99)
I74.806,锁骨下动脉闭塞,071,SGXDMBS,第9章 循环系统疾病 (I00-I99)
I74.807,锁骨下动脉血栓形成,071,SGXDMXSXC,第9章 循环系统疾病 (I00-I99)
I74.814,锁骨下动脉假性动脉瘤,071,SGXDMJXDML,第9章 循环系统疾病 (I00-I99)
I74.901,动脉栓塞,071,DMSS,第9章 循环系统疾病 (I00-I99)
I74.902,多发性动脉栓塞,071,DFXDMSS,第9章 循环系统疾病 (I00-I99)
I77.001,多发性动静脉瘘,071,DFXDJML,第9章 循环系统疾病 (I00-I99)
I77.002,股动静脉瘘,071,GDJML,第9章 循环系统疾病 (I00-I99)
I77.003,后天性动静脉瘘,071,HTXDJML,第9章 循环系统疾病 (I00-I99)
I77.004,眶动静脉瘘,071,KDJML,第9章 循环系统疾病 (I00-I99)
I77.005,盆腔动静脉瘘,071,PQDJML,第9章 循环系统疾病 (I00-I99)
I77.006,锁骨下动静脉瘘,071,SGXDJML,第9章 循环系统疾病 (I00-I99)
I77.007,下肢动静脉瘘,071,XZDJML,第9章 循环系统疾病 (I00-I99)
I77.008,子宫旁动静脉瘘,071,ZGPDJML,第9章 循环系统疾病 (I00-I99)
I77.009,椎管内动静脉瘘,071,ZGNDJML,第9章 循环系统疾病 (I00-I99)
I77.101,动脉狭窄,071,DMXZ,第9章 循环系统疾病 (I00-I99)
I77.102,腹主动脉狭窄,071,FZDMXZ,第9章 循环系统疾病 (I00-I99)
I77.103,肱动脉扭曲,071,GDMNQ,第9章 循环系统疾病 (I00-I99)
I77.104,髂动脉狭窄,071,QDMXZ,第9章 循环系统疾病 (I00-I99)
I77.105,髂动脉纡曲,071,QDMYQ,第9章 循环系统疾病 (I00-I99)
I77.106,上肢动脉狭窄,071,SZDMXZ,第9章 循环系统疾病 (I00-I99)
I77.107,锁骨下动脉狭窄,071,SGXDMXZ,第9章 循环系统疾病 (I00-I99)
I77.108,无名动脉迂曲,071,WMDMYQ,第9章 循环系统疾病 (I00-I99)
I77.109,下肢动脉狭窄,071,XZDMXZ,第9章 循环系统疾病 (I00-I99)
I77.110,颈动脉扭曲症,071,JDMNQZ,第9章 循环系统疾病 (I00-I99)
I77.201,动脉瘘,071,DML,第9章 循环系统疾病 (I00-I99)
I77.202,腹主动脉-空肠瘘,071,FZDMKCL,第9章 循环系统疾病 (I00-I99)
I77.401,腹腔动脉受压综合征,071,FQDMSYZHZ,第9章 循环系统疾病 (I00-I99)
I77.501,动脉坏死,071,DMHS,第9章 循环系统疾病 (I00-I99)
I77.502,坏死性血管炎,071,HSXXGY,第9章 循环系统疾病 (I00-I99)
I77.601,大动脉炎,071,DDMY,第9章 循环系统疾病 (I00-I99)
I77.602,动脉内膜炎,071,DMNMY,第9章 循环系统疾病 (I00-I99)
I77.603,动脉炎,071,DMY,第9章 循环系统疾病 (I00-I99)
I77.604,多发性大动脉炎,071,DFXDDMY,第9章 循环系统疾病 (I00-I99)
I77.605,血管炎(脉管炎),071,XGYMGY,第9章 循环系统疾病 (I00-I99)
I77.606,上肢动脉炎,071,SZDMY,第9章 循环系统疾病 (I00-I99)
I77.607,系统性血管炎,071,XTXXGY,第9章 循环系统疾病 (I00-I99)
I77.608,下肢动脉炎,071,XZDMY,第9章 循环系统疾病 (I00-I99)
I77.609,下肢脉管炎,071,XZMGY,第9章 循环系统疾病 (I00-I99)
I77.610,主动脉炎,071,ZDMY,第9章 循环系统疾病 (I00-I99)
I77.801,后天性腹主动脉畸形,071,HTXFZDMJX,第9章 循环系统疾病 (I00-I99)
I77.802,主动脉根部病变,071,ZDMGBBB,第9章 循环系统疾病 (I00-I99)
I77.803,主动脉脓肿,071,ZDMNZ,第9章 循环系统疾病 (I00-I99)
I77.804,精索动脉迂曲,071,JSDMYQ,第9章 循环系统疾病 (I00-I99)
I77.805,下肢动脉供血不足,071,XZDMGXBZ,第9章 循环系统疾病 (I00-I99)
I78.001,遗传性出血性毛细血管扩张,071,YCXCXXMXXGKZ,第9章 循环系统疾病 (I00-I99)
I78.801,毛细血管扩张症,071,MXXGKZZ,第9章 循环系统疾病 (I00-I99)
I78.802,胃肠道毛细血管扩张症,071,WCDMXXGKZZ,第9章 循环系统疾病 (I00-I99)
I80.001,下肢表浅静脉炎,088,XZBQJMY,第9章 循环系统疾病 (I00-I99)
I80.101,股静脉血栓形成,088,GJMXSXC,第9章 循环系统疾病 (I00-I99)
I80.102,髂股静脉血栓形成,088,QGJMXSXC,第9章 循环系统疾病 (I00-I99)
I80.201,髂静脉血栓形成,088,QJMXSXC,第9章 循环系统疾病 (I00-I99)
I80.202,下肢慢性深静脉炎,088,XZMXSJMY,第9章 循环系统疾病 (I00-I99)
I80.203,下肢深静脉炎,088,XZSJMY,第9章 循环系统疾病 (I00-I99)
I80.204,下肢深部血栓性静脉炎,088,XZSBXSXJMY,第9章 循环系统疾病 (I00-I99)
I80.205,下肢深静脉血栓形成,088,XZSJMXSXC,第9章 循环系统疾病 (I00-I99)
I80.206,下肢深静脉栓塞,088,XZSJMSS,第9章 循环系统疾病 (I00-I99)
I80.301,下肢静脉血栓形成,088,XZJMXSXC,第9章 循环系统疾病 (I00-I99)
I80.302,下肢静脉炎,088,XZJMY,第9章 循环系统疾病 (I00-I99)
I80.303,下肢血栓性静脉炎,088,XZXSXJMY,第9章 循环系统疾病 (I00-I99)
I80.801,眶内血栓性静脉炎,088,KNXSXJMY,第9章 循环系统疾病 (I00-I99)
I80.802,蒙道尔氏病(胸壁血栓性静脉炎),088,MDESBXBXSXJMY,第9章 循环系统疾病 (I00-I99)
I80.803,乳腺血栓性静脉炎,088,RXXSXJMY,第9章 循环系统疾病 (I00-I99)
I80.804,上肢静脉炎,088,SZJMY,第9章 循环系统疾病 (I00-I99)
I80.805,上肢血栓性静脉炎,088,SZXSXJMY,第9章 循环系统疾病 (I00-I99)
I80.901,静脉炎,088,JMY,第9章 循环系统疾病 (I00-I99)
I80.902,血栓性静脉炎,088,XSXJMY,第9章 循环系统疾病 (I00-I99)
I80.903,静脉瓣功能不全,088,JMBGNBQ,第9章 循环系统疾病 (I00-I99)
I80.904,下肢静脉血栓后综合症,088,XZJMXSHZHZ,第9章 循环系统疾病 (I00-I99)
I81  01,门静脉梗阻,088,MJMGZ,第9章 循环系统疾病 (I00-I99)
I81  02,门静脉血栓形成,088,MJMXSXC,第9章 循环系统疾病 (I00-I99)
I81  03,门静脉静脉瘤,071,MJMJML,第9章 循环系统疾病 (I00-I99)
I81  04,门静脉海绵样变,088,MJMHMYB,第9章 循环系统疾病 (I00-I99)
I82.001,闭塞性肝静脉内膜炎(巴德-奇尔里二氏综合征),088,BSXGJMNMYBDQELESZHZ,第9章 循环系统疾病 (I00-I99)
I82.002,肝小静脉闭塞,088,GXJMBS,第9章 循环系统疾病 (I00-I99)
I82.101,游走性血栓性静脉炎,088,YZXXSXJMY,第9章 循环系统疾病 (I00-I99)
I82.201,腔静脉栓塞,088,QJMSS,第9章 循环系统疾病 (I00-I99)
I82.202,下腔静脉栓塞,088,XQJMSS,第9章 循环系统疾病 (I00-I99)
I82.203,下腔静脉血栓形成,088,XQJMXSXC,第9章 循环系统疾病 (I00-I99)
I82.301,肾静脉栓塞,088,SJMSS,第9章 循环系统疾病 (I00-I99)
I82.302,肾静脉血栓形成,088,SJMXSXC,第9章 循环系统疾病 (I00-I99)
I82.801,颈静脉血栓形成,088,JJMXSXC,第9章 循环系统疾病 (I00-I99)
I82.802,脾静脉栓塞,088,PJMSS,第9章 循环系统疾病 (I00-I99)
I82.803,髂静脉栓塞,088,QJMSS,第9章 循环系统疾病 (I00-I99)
I82.804,髂内静脉栓塞,088,QNJMSS,第9章 循环系统疾病 (I00-I99)
I82.805,髂外静脉栓塞,088,QWJMSS,第9章 循环系统疾病 (I00-I99)
I82.806,上肢静脉血栓形成,088,SZJMXSXC,第9章 循环系统疾病 (I00-I99)
I82.807,上肢深静脉血栓形成,088,SZSJMXSXC,第9章 循环系统疾病 (I00-I99)
I82.808,锁骨下静脉血栓形成,088,SGXJMXSXC,第9章 循环系统疾病 (I00-I99)
I82.809,腋静脉栓塞,088,YJMSS,第9章 循环系统疾病 (I00-I99)
I82.810,精索静脉血栓形成,088,JSJMXSXC,第9章 循环系统疾病 (I00-I99)
I82.901,静脉栓塞,088,JMSS,第9章 循环系统疾病 (I00-I99)
I82.902,静脉血栓形成,088,JMXSXC,第9章 循环系统疾病 (I00-I99)
I83.001,大隐静脉曲张伴溃疡,089,DYJMQZBKY,第9章 循环系统疾病 (I00-I99)
I83.002,下肢静脉曲张伴溃疡,089,XZJMQZBKY,第9章 循环系统疾病 (I00-I99)
I83.101,静脉曲张性皮炎,089,JMQZXPY,第9章 循环系统疾病 (I00-I99)
I83.102,曲张静脉炎,089,QZJMY,第9章 循环系统疾病 (I00-I99)
I83.103,下肢静脉曲张合并静脉炎,089,XZJMQZHBJMY,第9章 循环系统疾病 (I00-I99)
I83.104,淤积性皮炎,089,YJXPY,第9章 循环系统疾病 (I00-I99)
I83.201,静脉曲张性溃疡,089,JMQZXKY,第9章 循环系统疾病 (I00-I99)
I83.202,下肢静脉曲张伴溃疡及炎症,089,XZJMQZBKYJYZ,第9章 循环系统疾病 (I00-I99)
I83.901,大隐静脉曲张,089,DYJMQZ,第9章 循环系统疾病 (I00-I99)
I83.902,静脉曲张破裂,089,JMQZPL,第9章 循环系统疾病 (I00-I99)
I83.903,静脉曲张,089,JMQZ,第9章 循环系统疾病 (I00-I99)
I83.904,静脉曲张综合征,089,JMQZZHZ,第9章 循环系统疾病 (I00-I99)
I83.905,下肢静脉瘤,089,XZJML,第9章 循环系统疾病 (I00-I99)
I83.906,小隐静脉曲张,089,XYJMQZ,第9章 循环系统疾病 (I00-I99)
I83.908,下肢静脉返流,089,XZJMFL,第9章 循环系统疾病 (I00-I99)
I84.001,血栓性内痔,071,XSXNZ,第9章 循环系统疾病 (I00-I99)
I84.101,出血性内痔,071,CXXNZ,第9章 循环系统疾病 (I00-I99)
I84.102,混合痔,071,HHZ,第9章 循环系统疾病 (I00-I99)
I84.201,直肠静脉曲张破裂,071,ZCJMQZPL,第9章 循环系统疾病 (I00-I99)
I84.202,内痔,071,NZ,第9章 循环系统疾病 (I00-I99)
I84.301,血栓性外痔,071,XSXWZ,第9章 循环系统疾病 (I00-I99)
I84.401,出血性外痔,071,CXXWZ,第9章 循环系统疾病 (I00-I99)
I84.501,外痔,071,WZ,第9章 循环系统疾病 (I00-I99)
I84.601,直肠赘,071,ZCZ,第9章 循环系统疾病 (I00-I99)
I84.901,痔,071,Z,第9章 循环系统疾病 (I00-I99)
I84.902,嵌顿痔,071,QDZ,第9章 循环系统疾病 (I00-I99)
I85.001,食管静脉曲张破裂出血,071,SGJMQZPLCX,第9章 循环系统疾病 (I00-I99)
I85.901,食管静脉曲张,071,SGJMQZ,第9章 循环系统疾病 (I00-I99)
I85.902,食管静脉窦,071,SGJMD,第9章 循环系统疾病 (I00-I99)
I85.903,食管静脉瘤,071,SGJML,第9章 循环系统疾病 (I00-I99)
I86.101,精索静脉曲张,071,JSJMQZ,第9章 循环系统疾病 (I00-I99)
I86.102,阴囊静脉曲张,071,YNJMQZ,第9章 循环系统疾病 (I00-I99)
I86.201,膀胱静脉曲张,071,PGJMQZ,第9章 循环系统疾病 (I00-I99)
I86.202,盆腔静脉曲张,071,PQJMQZ,第9章 循环系统疾病 (I00-I99)
I86.301,外阴静脉曲张,071,WYJMQZ,第9章 循环系统疾病 (I00-I99)
I86.401,胃底静脉曲张,071,WDJMQZ,第9章 循环系统疾病 (I00-I99)
I86.402,胃血管扩张,071,WXGKZ,第9章 循环系统疾病 (I00-I99)
I86.403,胃底静脉静脉瘤,071,WDJMJML,第9章 循环系统疾病 (I00-I99)
I86.404,胃底血管裸露并出血,071,WDXGLLBCX,第9章 循环系统疾病 (I00-I99)
I86.801,肝静脉静脉瘤,071,GJMJML,第9章 循环系统疾病 (I00-I99)
I86.802,颈静脉扩张,071,JJMKZ,第9章 循环系统疾病 (I00-I99)
I86.803,颈内静脉扩张,071,JNJMKZ,第9章 循环系统疾病 (I00-I99)
I86.804,颈外静脉静脉瘤,071,JWJMJML,第9章 循环系统疾病 (I00-I99)
I86.805,颈外静脉扩张,071,JWJMKZ,第9章 循环系统疾病 (I00-I99)
I86.806,颈总静脉瘤,071,JZJML,第9章 循环系统疾病 (I00-I99)
I86.807,眶静脉曲张,071,KJMQZ,第9章 循环系统疾病 (I00-I99)
I86.808,颞静脉静脉瘤,071,NJMJML,第9章 循环系统疾病 (I00-I99)
I86.809,胃底畸形并出血,071,WDJXBCX,第9章 循环系统疾病 (I00-I99)
I86.810,颈静脉球高位,071,JJMQGW,第9章 循环系统疾病 (I00-I99)
I87.001,静脉炎后综合征,071,JMYHZHZ,第9章 循环系统疾病 (I00-I99)
I87.101,肝静脉-下腔静脉阻塞,071,GJMXQJMZS,第9章 循环系统疾病 (I00-I99)
I87.102,髂总静脉狭窄,071,QZJMXZ,第9章 循环系统疾病 (I00-I99)
I87.103,腔静脉阻塞综合征,071,QJMZSZHZ,第9章 循环系统疾病 (I00-I99)
I87.104,上腔静脉梗阻,071,SQJMGZ,第9章 循环系统疾病 (I00-I99)
I87.105,上腔静脉阻塞综合征,071,SQJMZSZHZ,第9章 循环系统疾病 (I00-I99)
I87.106,上下腔静脉回流障碍综合征,071,SXQJMHLZAZHZ,第9章 循环系统疾病 (I00-I99)
I87.107,上肢静脉阻塞,071,SZJMZS,第9章 循环系统疾病 (I00-I99)
I87.108,锁骨下静脉压迫综合症,071,SGXJMYPZHZ,第9章 循环系统疾病 (I00-I99)
I87.109,无名静脉阻塞,071,WMJMZS,第9章 循环系统疾病 (I00-I99)
I87.110,下腔静脉梗阻,071,XQJMGZ,第9章 循环系统疾病 (I00-I99)
I87.111,下腔静脉狭窄,071,XQJMXZ,第9章 循环系统疾病 (I00-I99)
I87.112,下腔静脉阻塞综合征,071,XQJMZSZHZ,第9章 循环系统疾病 (I00-I99)
I87.113,下腔静脉阻塞,071,XQJMZS,第9章 循环系统疾病 (I00-I99)
I87.114,下肢静脉梗阻,071,XZJMGZ,第9章 循环系统疾病 (I00-I99)
I87.115,静脉狭窄,071,JMXZ,第9章 循环系统疾病 (I00-I99)
I87.116,上腔静脉综合征,071,SQJMZHZ,第9章 循环系统疾病 (I00-I99)
I87.117,肾静脉受压,071,SJMSY,第9章 循环系统疾病 (I00-I99)
I87.201,下肢静脉功能不全,071,XZJMGNBQ,第9章 循环系统疾病 (I00-I99)
I87.801,假静脉瘤,071,JJML,第9章 循环系统疾病 (I00-I99)
I87.802,静脉石,071,JMS,第9章 循环系统疾病 (I00-I99)
I87.803,静脉硬化,071,JMYH,第9章 循环系统疾病 (I00-I99)
I87.804,下肢静脉回流障碍,071,XZJMHLZA,第9章 循环系统疾病 (I00-I99)
I87.805,食管静脉显露,071,SGJMXL,第9章 循环系统疾病 (I00-I99)
I87.806,上肢静脉回流障碍,071,SZJMHLZA,第9章 循环系统疾病 (I00-I99)
I87.901,下腔静脉占位性病变,071,XQJMZWXBB,第9章 循环系统疾病 (I00-I99)
I87.902,颈静脉球区占位性病变,071,JJMQQZWXBB,第9章 循环系统疾病 (I00-I99)
I88  05,门静脉癌栓形成,088,MJMASXC,第9章 循环系统疾病 (I00-I99)
I88.001,肠系膜淋巴结炎,071,CXMLBJY,第9章 循环系统疾病 (I00-I99)
I88.101,颌下慢性淋巴结炎,071,HXMXLBJY,第9章 循环系统疾病 (I00-I99)
I88.102,颏下慢性淋巴结炎,071,KXMXLBJY,第9章 循环系统疾病 (I00-I99)
I88.103,慢性腹股沟淋巴结炎,071,MXFGGLBJY,第9章 循环系统疾病 (I00-I99)
I88.104,慢性颈淋巴结炎,071,MXJLBJY,第9章 循环系统疾病 (I00-I99)
I88.105,慢性淋巴结炎,071,MXLBJY,第9章 循环系统疾病 (I00-I99)
I88.106,慢性腮腺淋巴结炎,071,MXSXLBJY,第9章 循环系统疾病 (I00-I99)
I88.901,反应性淋巴结炎,071,FYXLBJY,第9章 循环系统疾病 (I00-I99)
I88.902,肺门淋巴结炎,071,FMLBJY,第9章 循环系统疾病 (I00-I99)
I88.903,腹股沟淋巴结炎,071,FGGLBJY,第9章 循环系统疾病 (I00-I99)
I88.904,颌下淋巴结炎,071,HXLBJY,第9章 循环系统疾病 (I00-I99)
I88.905,颈部淋巴结炎,071,JBLBJY,第9章 循环系统疾病 (I00-I99)
I88.906,淋巴结炎,071,LBJY,第9章 循环系统疾病 (I00-I99)
I88.907,腮腺肉芽肿性淋巴结炎,071,SXRYZXLBJY,第9章 循环系统疾病 (I00-I99)
I88.908,纵隔淋巴结炎,071,ZGLBJY,第9章 循环系统疾病 (I00-I99)
I88.909,颈淋巴结炎,071,JLBJY,第9章 循环系统疾病 (I00-I99)
I89.001,肠淋巴管扩张,071,CLBGKZ,第9章 循环系统疾病 (I00-I99)
I89.002,非丝虫性象皮病,071,FSCXXPB,第9章 循环系统疾病 (I00-I99)
I89.003,淋巴管闭塞,071,LBGBS,第9章 循环系统疾病 (I00-I99)
I89.004,淋巴水肿,071,LBSZ,第9章 循环系统疾病 (I00-I99)
I89.005,象皮病,071,XPB,第9章 循环系统疾病 (I00-I99)
I89.006,胸导管梗阻,071,XDGGZ,第9章 循环系统疾病 (I00-I99)
I89.007,阴囊淋巴水肿,081,YNLBSZ,第9章 循环系统疾病 (I00-I99)
I89.101,淋巴管炎,071,LBGY,第9章 循环系统疾病 (I00-I99)
I89.102,阴囊淋巴管炎,081,YNLBGY,第9章 循环系统疾病 (I00-I99)
I89.801,肠系膜乳糜囊肿,071,CXMRMNZ,第9章 循环系统疾病 (I00-I99)
I89.802,非丝虫性乳糜胸,071,FSCXRMX,第9章 循环系统疾病 (I00-I99)
I89.803,淋巴管瘘,071,LBGL,第9章 循环系统疾病 (I00-I99)
I89.804,淋巴回流障碍,071,LBHLZA,第9章 循环系统疾病 (I00-I99)
I89.805,淋巴结钙化,071,LBJGH,第9章 循环系统疾病 (I00-I99)
I89.806,乳糜性腹水,071,RMXFS,第9章 循环系统疾病 (I00-I99)
I89.807,乳糜性胸水,071,RMXXS,第9章 循环系统疾病 (I00-I99)
I89.808,乳糜胸,071,RMX,第9章 循环系统疾病 (I00-I99)
I89.809,胸导管断裂,071,XDGDL,第9章 循环系统疾病 (I00-I99)
I95.101,体位性低血压,071,TWXDXY,第9章 循环系统疾病 (I00-I99)
I95.901,低血压,071,DXY,第9章 循环系统疾病 (I00-I99)
I95.902,血压下降,071,XYXJ,第9章 循环系统疾病 (I00-I99)
I97.001,心包切开术后综合征,071,XBQKSHZHZ,第9章 循环系统疾病 (I00-I99)
I97.002,心脏术后低心排综合征,071,XZSHDXPZHZ,第9章 循环系统疾病 (I00-I99)
I97.003,心脏术后综合征,071,XZSHZHZ,第9章 循环系统疾病 (I00-I99)
I97.101,瓣膜置换术后心脏瓣膜衰竭,071,BMZHSHXZBMSJ,第9章 循环系统疾病 (I00-I99)
I97.102,机械瓣置换术后瓣周漏,071,JXBZHSHBZL,第9章 循环系统疾病 (I00-I99)
I97.103,生物瓣膜失功能,071,SWBMSGN,第9章 循环系统疾病 (I00-I99)
I97.104,手术后心力衰竭伴肺水肿,071,SSHXLSJBFSZ,第9章 循环系统疾病 (I00-I99)
I97.105,心脏手术后功能障碍,071,XZSSHGNZA,第9章 循环系统疾病 (I00-I99)
I97.106,心脏手术后心力衰竭,071,XZSSHXLSJ,第9章 循环系统疾病 (I00-I99)
I97.107,心瓣膜术后再狭窄,071,XBMSHZXZ,第9章 循环系统疾病 (I00-I99)
I97.108,生物瓣置换术后瓣周漏,071,SWBZHSHBZL,第9章 循环系统疾病 (I00-I99)
I97.801,动脉导管结扎术后复通,071,DMDGJZSHFT,第9章 循环系统疾病 (I00-I99)
I97.802,经皮导管治疗动脉导管未闭术后残余分流,071,JPDGZLDMDGWBSHCYFL,第9章 循环系统疾病 (I00-I99)
I97.803,脑血管造影后脑血管痉挛,071,NXGZYHNXGJL,第9章 循环系统疾病 (I00-I99)
I97.804,上肢动脉穿刺后痉挛,071,SZDMCCHJL,第9章 循环系统疾病 (I00-I99)
I97.805,心脏残余漏,071,XZCYL,第9章 循环系统疾病 (I00-I99)
I97.806,手术后腹主动脉阻塞,071,SSHFZDMZS,第9章 循环系统疾病 (I00-I99)
I97.807,手术后淋巴水肿,071,SSHLBSZ,第9章 循环系统疾病 (I00-I99)
I97.808,手术后下肢动脉狭窄,071,SSHXZDMXZ,第9章 循环系统疾病 (I00-I99)
I97.809,法洛氏四联征术后主动脉窦-右室瘘,071,FLSSLZSHZDMDYSL,第9章 循环系统疾病 (I00-I99)
I97.901,冠状动脉搭桥术后,071,GZDMDQSH,第9章 循环系统疾病 (I00-I99)
I97.902,经皮动脉导管矫治术后并发症,071,JPDMDGJZSHBFZ,第9章 循环系统疾病 (I00-I99)
I97.903,经皮房缺.室缺矫治术后并发症,071,JPFQSQJZSHBFZ,第9章 循环系统疾病 (I00-I99)
I97.904,经皮冠状动脉狭窄矫治术后并发症,071,JPGZDMXZJZSHBFZ,第9章 循环系统疾病 (I00-I99)
I97.905,经皮球囊扩瓣术后并发症,071,JPQNKBSHBFZ,第9章 循环系统疾病 (I00-I99)
I97.906,经皮射频消融术后并发症,071,JPSPXRSHBFZ,第9章 循环系统疾病 (I00-I99)
I97.907,射频消融术后,071,SPXRSH,第9章 循环系统疾病 (I00-I99)
I97.908,心导管检查术后,071,XDGJCSH,第9章 循环系统疾病 (I00-I99)
I97.909,心导管造影术后并发症,071,XDGZYSHBFZ,第9章 循环系统疾病 (I00-I99)
I97.910,心导管治疗术后,071,XDGZLSH,第9章 循环系统疾病 (I00-I99)
I97.911,心脏瓣膜置换术后,071,XZBMZHSH,第9章 循环系统疾病 (I00-I99)
I97.912,心脏术后,071,XZSH,第9章 循环系统疾病 (I00-I99)
I97.913,心脏术后切口愈合不良,071,XZSHQKYHBL,第9章 循环系统疾病 (I00-I99)
I97.914,心脏术后胸骨哆开,071,XZSHXGDK,第9章 循环系统疾病 (I00-I99)
I97.915,人造瓣膜心内膜炎,071,RZBMXNMY,第9章 循环系统疾病 (I00-I99)
I99  01,急性循环充血,071,JXXHCX,第9章 循环系统疾病 (I00-I99)
I99  02,心室残留异物,071,XSCLYW,第9章 循环系统疾病 (I00-I99)
I99  03,周围血管并发症,071,ZWXGBFZ,第9章 循环系统疾病 (I00-I99)
I99.901,易栓症,071,YSZ,第9章 循环系统疾病 (I00-I99)
J00  01,鼻咽炎,091,BYY,第10章 呼吸系统疾病 (J00-J99)
J00  02,病毒性感冒,091,BDXGM,第10章 呼吸系统疾病 (J00-J99)
J00  03,感冒,091,GM,第10章 呼吸系统疾病 (J00-J99)
J00  04,胃肠型感冒,091,WCXGM,第10章 呼吸系统疾病 (J00-J99)
J00  05,急性鼻炎,091,JXBY,第10章 呼吸系统疾病 (J00-J99)
J01.001,化脓性上颌窦炎,091,HNXSHDY,第10章 呼吸系统疾病 (J00-J99)
J01.002,急性上颌窦炎,091,JXSHDY,第10章 呼吸系统疾病 (J00-J99)
J01.101,急性额窦炎,091,JXEDY,第10章 呼吸系统疾病 (J00-J99)
J01.201,急性筛窦炎,091,JXSDY,第10章 呼吸系统疾病 (J00-J99)
J01.301,急性蝶窦炎,091,JXDDY,第10章 呼吸系统疾病 (J00-J99)
J01.401,急性全鼻窦炎,091,JXQBDY,第10章 呼吸系统疾病 (J00-J99)
J01.901,急性鼻窦炎,091,JXBDY,第10章 呼吸系统疾病 (J00-J99)
J01.902,急性化脓性鼻窦炎,091,JXHNXBDY,第10章 呼吸系统疾病 (J00-J99)
J02.001,链球菌性咽峡炎,091,LQJXYXY,第10章 呼吸系统疾病 (J00-J99)
J02.901,化脓性咽炎,091,HNXYY,第10章 呼吸系统疾病 (J00-J99)
J02.902,急性化脓性咽峡炎,091,JXHNXYXY,第10章 呼吸系统疾病 (J00-J99)
J02.903,急性咽峡炎,091,JXYXY,第10章 呼吸系统疾病 (J00-J99)
J02.904,急性咽炎,091,JXYY,第10章 呼吸系统疾病 (J00-J99)
J02.905,溃疡性咽炎,091,KYXYY,第10章 呼吸系统疾病 (J00-J99)
J02.906,咽喉痛,091,YHT,第10章 呼吸系统疾病 (J00-J99)
J02.907,咽囊炎,091,YNY,第10章 呼吸系统疾病 (J00-J99)
J02.908,咽峡炎,091,YXY,第10章 呼吸系统疾病 (J00-J99)
J02.909,咽炎,091,YY,第10章 呼吸系统疾病 (J00-J99)
J03.901,扁桃残体炎,091,BTCTY,第10章 呼吸系统疾病 (J00-J99)
J03.902,扁桃腺炎,091,BTXY,第10章 呼吸系统疾病 (J00-J99)
J03.903,急性扁桃体炎,091,JXBTTY,第10章 呼吸系统疾病 (J00-J99)
J03.904,急性化脓性扁桃腺炎,091,JXHNXBTXY,第10章 呼吸系统疾病 (J00-J99)
J03.905,急性腺样体炎,091,JXXYTY,第10章 呼吸系统疾病 (J00-J99)
J03.906,慢性扁桃体炎急性发作,091,MXBTTYJXFZ,第10章 呼吸系统疾病 (J00-J99)
J03.909,化脓性扁桃体炎,091,HNXBTTY,第10章 呼吸系统疾病 (J00-J99)
J04.001,感染性喉炎,091,GRXHY,第10章 呼吸系统疾病 (J00-J99)
J04.002,喉炎,091,HY,第10章 呼吸系统疾病 (J00-J99)
J04.003,化脓性喉炎,091,HNXHY,第10章 呼吸系统疾病 (J00-J99)
J04.004,急性喉炎,091,JXHY,第10章 呼吸系统疾病 (J00-J99)
J04.005,链球菌性喉炎,091,LQJXHY,第10章 呼吸系统疾病 (J00-J99)
J04.006,水肿性喉炎,091,SZXHY,第10章 呼吸系统疾病 (J00-J99)
J04.101,急性气管炎,091,JXQGY,第10章 呼吸系统疾病 (J00-J99)
J04.102,气管炎,091,QGY,第10章 呼吸系统疾病 (J00-J99)
J04.103,新生儿气管炎,091,XSEQGY,第10章 呼吸系统疾病 (J00-J99)
J04.104,喘息性气管炎,091,CXXQGY,第10章 呼吸系统疾病 (J00-J99)
J04.201,急性喉气管炎,091,JXHQGY,第10章 呼吸系统疾病 (J00-J99)
J05.001,哮吼(格鲁布),091,XHGLB,第10章 呼吸系统疾病 (J00-J99)
J05.101,会厌脓肿,091,HYNZ,第10章 呼吸系统疾病 (J00-J99)
J05.102,急性会厌炎,091,JXHYY,第10章 呼吸系统疾病 (J00-J99)
J06.001,急性咽喉炎,091,JXYHY,第10章 呼吸系统疾病 (J00-J99)
J06.801,急性咽气管炎,091,JXYQGY,第10章 呼吸系统疾病 (J00-J99)
J06.901,病毒性上呼吸道感染,091,BDXSHXDGR,第10章 呼吸系统疾病 (J00-J99)
J06.902,急性上呼吸道感染,091,JXSHXDGR,第10章 呼吸系统疾病 (J00-J99)
J06.903,上呼吸道感染,091,SHXDGR,第10章 呼吸系统疾病 (J00-J99)
J06.904,新生儿上呼吸道感染,091,XSESHXDGR,第10章 呼吸系统疾病 (J00-J99)
J10.801,甲型H1N1流行性感冒,092,JXLXXGM,第10章 呼吸系统疾病 (J00-J99)
J11.101,流行性感冒,092,LXXGM,第10章 呼吸系统疾病 (J00-J99)
J12.901,病毒性肺炎,093,BDXFY,第10章 呼吸系统疾病 (J00-J99)
J13  01,肺炎链球菌性肺炎,093,FYLQJXFY,第10章 呼吸系统疾病 (J00-J99)
J13  02,肺炎球菌性肺炎,093,FYQJXFY,第10章 呼吸系统疾病 (J00-J99)
J14  01,流感嗜血杆菌性肺炎,093,LGSXGJXFY,第10章 呼吸系统疾病 (J00-J99)
J15.001,克雷白氏杆菌性肺炎,093,KLBSGJXFY,第10章 呼吸系统疾病 (J00-J99)
J15.101,假单胞菌性肺炎(绿脓杆菌性肺炎),093,JDBJXFYLNGJXFY,第10章 呼吸系统疾病 (J00-J99)
J15.201,葡萄球菌性肺炎,093,PTQJXFY,第10章 呼吸系统疾病 (J00-J99)
J15.401,链球菌性肺炎,093,LQJXFY,第10章 呼吸系统疾病 (J00-J99)
J15.501,大肠杆菌性肺炎,093,DCGJXFY,第10章 呼吸系统疾病 (J00-J99)
J15.601,变形杆菌性肺炎,093,BXGJXFY,第10章 呼吸系统疾病 (J00-J99)
J15.701,非典型性肺炎,093,FDXXFY,第10章 呼吸系统疾病 (J00-J99)
J15.702,支原体性肺炎,093,ZYTXFY,第10章 呼吸系统疾病 (J00-J99)
J15.801,产气杆菌性肺炎,093,CQGJXFY,第10章 呼吸系统疾病 (J00-J99)
J15.802,绿脓杆菌性肺炎,093,LNGJXFY,第10章 呼吸系统疾病 (J00-J99)
J15.803,霉菌性肺炎,093,MJXFY,第10章 呼吸系统疾病 (J00-J99)
J15.804,其他特指的细菌性肺炎,093,QTTZDXJXFY,第10章 呼吸系统疾病 (J00-J99)
J15.901,细菌性肺炎,093,XJXFY,第10章 呼吸系统疾病 (J00-J99)
J15.902,细菌性支气管肺炎,093,XJXZQGFY,第10章 呼吸系统疾病 (J00-J99)
J15.903,社区获得性肺炎,093,SQHDXFY,第10章 呼吸系统疾病 (J00-J99)
J18.001,喘息性支气管肺炎,093,CXXZQGFY,第10章 呼吸系统疾病 (J00-J99)
J18.002,毛细管支气管性肺炎,093,MXGZQGXFY,第10章 呼吸系统疾病 (J00-J99)
J18.003,支气管肺炎(小叶性肺炎 ),093,ZQGFYXYXFY,第10章 呼吸系统疾病 (J00-J99)
J18.004,哮喘性支气管肺炎,093,XCXZQGFY,第10章 呼吸系统疾病 (J00-J99)
J18.005,新生儿支气管肺炎,093,XSEZQGFY,第10章 呼吸系统疾病 (J00-J99)
J18.006,婴儿喘息性支气管肺炎,093,YECXXZQGFY,第10章 呼吸系统疾病 (J00-J99)
J18.007,婴儿支气管肺炎,093,YEZQGFY,第10章 呼吸系统疾病 (J00-J99)
J18.008,支气管肺炎,093,ZQGFY,第10章 呼吸系统疾病 (J00-J99)
J18.101,大叶性肺炎,093,DYXFY,第10章 呼吸系统疾病 (J00-J99)
J18.201,坠积性肺炎,093,ZJXFY,第10章 呼吸系统疾病 (J00-J99)
J18.801,被动性肺炎,093,BDXFY,第10章 呼吸系统疾病 (J00-J99)
J18.802,节段性肺炎,093,JDXFY,第10章 呼吸系统疾病 (J00-J99)
J18.803,局限性肺炎,093,JXXFY,第10章 呼吸系统疾病 (J00-J99)
J18.804,中毒性肺炎,093,ZDXFY,第10章 呼吸系统疾病 (J00-J99)
J18.805,阻塞性肺炎,093,ZSXFY,第10章 呼吸系统疾病 (J00-J99)
J18.901,肺炎,093,FY,第10章 呼吸系统疾病 (J00-J99)
J18.902,肺炎休克,093,FYXK,第10章 呼吸系统疾病 (J00-J99)
J18.903,婴儿肺炎,093,YEFY,第10章 呼吸系统疾病 (J00-J99)
J18.904,重症肺炎,093,ZZFY,第10章 呼吸系统疾病 (J00-J99)
J20.901,新生儿支气管炎,090,XSEZQGY,第10章 呼吸系统疾病 (J00-J99)
J20.902,婴儿支气管炎,090,YEZQGY,第10章 呼吸系统疾病 (J00-J99)
J20.903,急性化脓性支气管炎,090,JXHNXZQGY,第10章 呼吸系统疾病 (J00-J99)
J20.904,急性支气管炎,090,JXZQGY,第10章 呼吸系统疾病 (J00-J99)
J21.901,急性喘息性支气管炎,090,JXCXXZQGY,第10章 呼吸系统疾病 (J00-J99)
J21.902,急性毛细支气管炎,090,JXMXZQGY,第10章 呼吸系统疾病 (J00-J99)
J21.903,细支气管炎,090,XZQGY,第10章 呼吸系统疾病 (J00-J99)
J30.001,血管舒缩性鼻炎,090,XGSSXBY,第10章 呼吸系统疾病 (J00-J99)
J30.101,花粉病,090,HFB,第10章 呼吸系统疾病 (J00-J99)
J30.301,药物性鼻炎,090,YWXBY,第10章 呼吸系统疾病 (J00-J99)
J30.401,过敏性鼻炎(变应性鼻炎),090,GMXBYBYXBY,第10章 呼吸系统疾病 (J00-J99)
J31.001,鼻炎,090,BY,第10章 呼吸系统疾病 (J00-J99)
J31.002,肥厚性鼻炎,090,FHXBY,第10章 呼吸系统疾病 (J00-J99)
J31.003,溃疡性鼻炎,090,KYXBY,第10章 呼吸系统疾病 (J00-J99)
J31.004,慢性鼻炎,090,MXBY,第10章 呼吸系统疾病 (J00-J99)
J31.005,肉芽肿性鼻炎,090,RYZXBY,第10章 呼吸系统疾病 (J00-J99)
J31.006,萎缩性鼻炎,090,WSXBY,第10章 呼吸系统疾病 (J00-J99)
J31.007,干燥性鼻炎,090,GZXBY,第10章 呼吸系统疾病 (J00-J99)
J31.101,慢性鼻咽炎,090,MXBYY,第10章 呼吸系统疾病 (J00-J99)
J31.201,肥大性咽炎,090,FDXYY,第10章 呼吸系统疾病 (J00-J99)
J31.202,慢性咽喉痛,090,MXYHT,第10章 呼吸系统疾病 (J00-J99)
J31.203,慢性咽炎,090,MXYY,第10章 呼吸系统疾病 (J00-J99)
J31.204,萎缩性咽炎,090,WSXYY,第10章 呼吸系统疾病 (J00-J99)
J32.001,慢性上颌窦炎,090,MXSHDY,第10章 呼吸系统疾病 (J00-J99)
J32.002,出血性坏死性上颌窦炎,090,CXXHSXSHDY,第10章 呼吸系统疾病 (J00-J99)
J32.003,坏死性上颌窦炎,090,HSXSHDY,第10章 呼吸系统疾病 (J00-J99)
J32.004,口腔上颌窦瘘,090,KQSHDL,第10章 呼吸系统疾病 (J00-J99)
J32.005,慢性化脓性上颌窦炎,090,MXHNXSHDY,第10章 呼吸系统疾病 (J00-J99)
J32.006,上颌窦瘘,090,SHDL,第10章 呼吸系统疾病 (J00-J99)
J32.007,上颌窦炎,090,SHDY,第10章 呼吸系统疾病 (J00-J99)
J32.101,额窦炎,090,EDY,第10章 呼吸系统疾病 (J00-J99)
J32.102,慢性额窦炎,090,MXEDY,第10章 呼吸系统疾病 (J00-J99)
J32.103,额窦脓肿,090,EDNZ,第10章 呼吸系统疾病 (J00-J99)
J32.201,筛窦炎[慢性],090,SDYMX,第10章 呼吸系统疾病 (J00-J99)
J32.202,化脓性筛窦炎,090,HNXSDY,第10章 呼吸系统疾病 (J00-J99)
J32.203,筛窦炎,090,SDY,第10章 呼吸系统疾病 (J00-J99)
J32.301,慢性蝶窦炎,090,MXDDY,第10章 呼吸系统疾病 (J00-J99)
J32.302,蝶窦脓肿,090,DDNZ,第10章 呼吸系统疾病 (J00-J99)
J32.303,蝶窦肉芽肿,090,DDRYZ,第10章 呼吸系统疾病 (J00-J99)
J32.401,慢性全鼻窦炎,090,MXQBDY,第10章 呼吸系统疾病 (J00-J99)
J32.801,额筛窦脓肿,090,ESDNZ,第10章 呼吸系统疾病 (J00-J99)
J32.901,化脓性鼻窦炎,090,HNXBDY,第10章 呼吸系统疾病 (J00-J99)
J32.902,慢性鼻窦炎,090,MXBDY,第10章 呼吸系统疾病 (J00-J99)
J32.903,慢性化脓性鼻窦炎,090,MXHNXBDY,第10章 呼吸系统疾病 (J00-J99)
J32.904,鼻窦瘘,090,BDL,第10章 呼吸系统疾病 (J00-J99)
J32.905,鼻窦脓肿,090,BDNZ,第10章 呼吸系统疾病 (J00-J99)
J32.906,鼻窦肉芽肿,090,BDRYZ,第10章 呼吸系统疾病 (J00-J99)
J32.907,鼻窦炎,090,BDY,第10章 呼吸系统疾病 (J00-J99)
J32.908,慢性化脓性副鼻窦炎,090,MXHNXFBDY,第10章 呼吸系统疾病 (J00-J99)
J32.909,上颌窦真菌病,094,SHDZJB,第10章 呼吸系统疾病 (J00-J99)
J32.910,蝶窦真菌病,090,DDZJB,第10章 呼吸系统疾病 (J00-J99)
J33.001,鼻息肉,090,BXR,第10章 呼吸系统疾病 (J00-J99)
J33.002,后鼻孔息肉,090,HBKXR,第10章 呼吸系统疾病 (J00-J99)
J33.003,左侧鼻息肉,090,ZCBXR,第10章 呼吸系统疾病 (J00-J99)
J33.004,鼻腔息肉,090,BQXR,第10章 呼吸系统疾病 (J00-J99)
J33.801,鼻窦息肉,090,BDXR,第10章 呼吸系统疾病 (J00-J99)
J33.802,鼻甲息肉,090,BJXR,第10章 呼吸系统疾病 (J00-J99)
J33.803,蝶窦息肉,090,DDXR,第10章 呼吸系统疾病 (J00-J99)
J33.804,上颌窦息肉,090,SHDXR,第10章 呼吸系统疾病 (J00-J99)
J33.805,副鼻窦息肉,090,FBDXR,第10章 呼吸系统疾病 (J00-J99)
J33.806,筛窦息肉,090,SDXR,第10章 呼吸系统疾病 (J00-J99)
J33.807,鼻内血管增生,090,BNXGZS,第10章 呼吸系统疾病 (J00-J99)
J34.001,鼻部疖,090,BBJ,第10章 呼吸系统疾病 (J00-J99)
J34.002,鼻部脓肿,090,BBNZ,第10章 呼吸系统疾病 (J00-J99)
J34.003,鼻部痈,090,BBY,第10章 呼吸系统疾病 (J00-J99)
J34.004,鼻蜂窝织炎,090,BFWZY,第10章 呼吸系统疾病 (J00-J99)
J34.005,鼻坏死,090,BHS,第10章 呼吸系统疾病 (J00-J99)
J34.006,鼻溃疡,090,BKY,第10章 呼吸系统疾病 (J00-J99)
J34.007,鼻脓肿,090,BNZ,第10章 呼吸系统疾病 (J00-J99)
J34.008,鼻前庭鼻中隔溃疡,090,BQTBZGKY,第10章 呼吸系统疾病 (J00-J99)
J34.009,鼻中隔坏死,090,BZGHS,第10章 呼吸系统疾病 (J00-J99)
J34.010,鼻中隔溃疡,090,BZGKY,第10章 呼吸系统疾病 (J00-J99)
J34.011,鼻中隔脓肿,090,BZGNZ,第10章 呼吸系统疾病 (J00-J99)
J34.012,鼻中隔肉芽肿,090,BZGRYZ,第10章 呼吸系统疾病 (J00-J99)
J34.013,鼻中隔瘘管,090,BZGLG,第10章 呼吸系统疾病 (J00-J99)
J34.101,鼻部囊肿,090,BBNZ,第10章 呼吸系统疾病 (J00-J99)
J34.102,鼻窦囊肿,090,BDNZ,第10章 呼吸系统疾病 (J00-J99)
J34.103,鼻前庭囊肿,090,BQTNZ,第10章 呼吸系统疾病 (J00-J99)
J34.104,蝶窦囊肿,090,DDNZ,第10章 呼吸系统疾病 (J00-J99)
J34.105,额窦囊肿,090,EDNZ,第10章 呼吸系统疾病 (J00-J99)
J34.106,筛窦囊肿,090,SDNZ,第10章 呼吸系统疾病 (J00-J99)
J34.107,上颌窦囊肿,090,SHDNZ,第10章 呼吸系统疾病 (J00-J99)
J34.201,鼻中隔弯曲,090,BZGWQ,第10章 呼吸系统疾病 (J00-J99)
J34.301,鼻甲肥大,090,BJFD,第10章 呼吸系统疾病 (J00-J99)
J34.801,鼻部感染,090,BBGR,第10章 呼吸系统疾病 (J00-J99)
J34.802,鼻部瘘管,090,BBLG,第10章 呼吸系统疾病 (J00-J99)
J34.803,鼻部肿物,090,BBZW,第10章 呼吸系统疾病 (J00-J99)
J34.804,鼻肥大,090,BFD,第10章 呼吸系统疾病 (J00-J99)
J34.805,鼻甲粘连,090,BJNL,第10章 呼吸系统疾病 (J00-J99)
J34.806,鼻结石,090,BJS,第10章 呼吸系统疾病 (J00-J99)
J34.807,鼻瘘,090,BL,第10章 呼吸系统疾病 (J00-J99)
J34.808,鼻前庭炎,090,BQTY,第10章 呼吸系统疾病 (J00-J99)
J34.809,"鼻腔闭锁,后天性",090,BQBSHTX,第10章 呼吸系统疾病 (J00-J99)
J34.810,鼻腔狭窄,090,BQXZ,第10章 呼吸系统疾病 (J00-J99)
J34.811,鼻腔粘连,090,BQNL,第10章 呼吸系统疾病 (J00-J99)
J34.812,上颌窦肿物,090,SHDZW,第10章 呼吸系统疾病 (J00-J99)
J34.813,筛窦肿物,090,SDZW,第10章 呼吸系统疾病 (J00-J99)
J34.814,鼻腔肿物,090,BQZW,第10章 呼吸系统疾病 (J00-J99)
J34.815,鼻中隔穿孔,090,BZGCK,第10章 呼吸系统疾病 (J00-J99)
J34.816,鼻中膈血肿,090,BZGXZ,第10章 呼吸系统疾病 (J00-J99)
J34.817,鼻肿物,090,BZW,第10章 呼吸系统疾病 (J00-J99)
J34.818,蝶窦肿物,090,DDZW,第10章 呼吸系统疾病 (J00-J99)
J34.819,后天性鼻孔狭窄,090,HTXBKXZ,第10章 呼吸系统疾病 (J00-J99)
J34.820,后天性鼻孔闭锁,090,HTXBKBS,第10章 呼吸系统疾病 (J00-J99)
J34.821,后天性鼻腔闭锁,090,HTXBQBS,第10章 呼吸系统疾病 (J00-J99)
J34.822,鼻咽淋巴组织增生,090,BYLBZZZS,第10章 呼吸系统疾病 (J00-J99)
J34.823,鼻腔纤维异常增生症,090,BQXWYCZSZ,第10章 呼吸系统疾病 (J00-J99)
J34.824,上颌窦胆脂瘤,090,SHDDZL,第10章 呼吸系统疾病 (J00-J99)
J34.825,上颌窦炎性假瘤,090,SHDYXJL,第10章 呼吸系统疾病 (J00-J99)
J35.001,慢性扁桃体炎,094,MXBTTY,第10章 呼吸系统疾病 (J00-J99)
J35.101,扁桃体肥大,094,BTTFD,第10章 呼吸系统疾病 (J00-J99)
J35.102,扁桃体增生,094,BTTZS,第10章 呼吸系统疾病 (J00-J99)
J35.201,腺样体肥大,094,XYTFD,第10章 呼吸系统疾病 (J00-J99)
J35.301,慢性扁桃体炎和腺样体增生,094,MXBTTYHXYTZS,第10章 呼吸系统疾病 (J00-J99)
J35.801,扁桃体残体,094,BTTCT,第10章 呼吸系统疾病 (J00-J99)
J35.802,扁桃体角化症,094,BTTJHZ,第10章 呼吸系统疾病 (J00-J99)
J35.803,扁桃体溃疡,094,BTTKY,第10章 呼吸系统疾病 (J00-J99)
J35.804,扁桃体囊肿,094,BTTNZ,第10章 呼吸系统疾病 (J00-J99)
J35.805,扁桃体息肉,094,BTTXR,第10章 呼吸系统疾病 (J00-J99)
J35.806,腺样体残留,094,XYTCL,第10章 呼吸系统疾病 (J00-J99)
J35.807,扁桃体出血,094,BTTCX,第10章 呼吸系统疾病 (J00-J99)
J35.901,扁桃体肿物,094,BTTZW,第10章 呼吸系统疾病 (J00-J99)
J36  01,扁桃体脓肿,090,BTTNZ,第10章 呼吸系统疾病 (J00-J99)
J36  02,扁桃体周围脓肿,090,BTTZWNZ,第10章 呼吸系统疾病 (J00-J99)
J36  03,扁桃体周围炎,090,BTTZWY,第10章 呼吸系统疾病 (J00-J99)
J37.001,慢性喉咽炎,090,MXHYY,第10章 呼吸系统疾病 (J00-J99)
J37.002,慢性喉炎,090,MXHY,第10章 呼吸系统疾病 (J00-J99)
J37.003,慢性会厌炎,090,MXHYY,第10章 呼吸系统疾病 (J00-J99)
J38.001,喉肌麻痹 [喉麻痹],090,HJMBHMB,第10章 呼吸系统疾病 (J00-J99)
J38.002,喉上神经麻痹,090,HSSJMB,第10章 呼吸系统疾病 (J00-J99)
J38.003,喉神经麻痹,090,HSJMB,第10章 呼吸系统疾病 (J00-J99)
J38.004,声带麻痹,090,SDMB,第10章 呼吸系统疾病 (J00-J99)
J38.101,喉息肉,090,HXR,第10章 呼吸系统疾病 (J00-J99)
J38.102,声带息肉,090,SDXR,第10章 呼吸系统疾病 (J00-J99)
J38.201,歌手结节,090,GSJJ,第10章 呼吸系统疾病 (J00-J99)
J38.202,声带结节,090,SDJJ,第10章 呼吸系统疾病 (J00-J99)
J38.203,声带小结,090,SDXJ,第10章 呼吸系统疾病 (J00-J99)
J38.204,声带炎,090,SDY,第10章 呼吸系统疾病 (J00-J99)
J38.205,声带肥厚,090,SDFH,第10章 呼吸系统疾病 (J00-J99)
J38.301,声带白斑,090,SDBB,第10章 呼吸系统疾病 (J00-J99)
J38.302,声带出血,090,SDCX,第10章 呼吸系统疾病 (J00-J99)
J38.303,声带恶性肉芽肿,090,SDEXRYZ,第10章 呼吸系统疾病 (J00-J99)
J38.304,声带角化症,090,SDJHZ,第10章 呼吸系统疾病 (J00-J99)
J38.305,声带囊肿,090,SDNZ,第10章 呼吸系统疾病 (J00-J99)
J38.306,声带其他疾患,090,SDQTJH,第10章 呼吸系统疾病 (J00-J99)
J38.307,声带肉芽肿,090,SDRYZ,第10章 呼吸系统疾病 (J00-J99)
J38.308,声带水肿,090,SDSZ,第10章 呼吸系统疾病 (J00-J99)
J38.309,声带松弛,090,SDSC,第10章 呼吸系统疾病 (J00-J99)
J38.310,声带粘连,090,SDNL,第10章 呼吸系统疾病 (J00-J99)
J38.311,声带肿物,090,SDZW,第10章 呼吸系统疾病 (J00-J99)
J38.401,喉水肿,090,HSZ,第10章 呼吸系统疾病 (J00-J99)
J38.501,喉痉挛,090,HJL,第10章 呼吸系统疾病 (J00-J99)
J38.601,喉梗阻,090,HGZ,第10章 呼吸系统疾病 (J00-J99)
J38.602,喉狭窄,090,HXZ,第10章 呼吸系统疾病 (J00-J99)
J38.603,喉咽部狭窄,090,HYBXZ,第10章 呼吸系统疾病 (J00-J99)
J38.604,声门狭窄,090,SMXZ,第10章 呼吸系统疾病 (J00-J99)
J38.701,喉室带囊肿,090,HSDNZ,第10章 呼吸系统疾病 (J00-J99)
J38.702,喉囊肿,090,HNZ,第10章 呼吸系统疾病 (J00-J99)
J38.703,喉肌弱症,090,HJRZ,第10章 呼吸系统疾病 (J00-J99)
J38.704,喉角化不全症,090,HJHBQZ,第10章 呼吸系统疾病 (J00-J99)
J38.705,喉角化症,090,HJHZ,第10章 呼吸系统疾病 (J00-J99)
J38.706,喉溃疡,090,HKY,第10章 呼吸系统疾病 (J00-J99)
J38.707,喉内炎性肿物,090,HNYXZW,第10章 呼吸系统疾病 (J00-J99)
J38.708,喉肉芽肿,090,HRYZ,第10章 呼吸系统疾病 (J00-J99)
J38.709,喉上皮角化症,090,HSPJHZ,第10章 呼吸系统疾病 (J00-J99)
J38.710,喉硬结病,090,HYJB,第10章 呼吸系统疾病 (J00-J99)
J38.711,喉肿物,090,HZW,第10章 呼吸系统疾病 (J00-J99)
J38.712,环杓关节强硬,090,HBGJQY,第10章 呼吸系统疾病 (J00-J99)
J38.713,会厌部肉芽肿,090,HYBRYZ,第10章 呼吸系统疾病 (J00-J99)
J38.714,会厌溃疡,090,HYKY,第10章 呼吸系统疾病 (J00-J99)
J38.715,会厌囊肿,090,HYNZ,第10章 呼吸系统疾病 (J00-J99)
J38.716,会厌肉芽肿,090,HYRYZ,第10章 呼吸系统疾病 (J00-J99)
J38.717,会厌增生,090,HYZS,第10章 呼吸系统疾病 (J00-J99)
J38.718,室带肥厚,090,SDFH,第10章 呼吸系统疾病 (J00-J99)
J38.719,外伤性喉蹼,090,WSXHP,第10章 呼吸系统疾病 (J00-J99)
J38.720,喉白斑,090,HBB,第10章 呼吸系统疾病 (J00-J99)
J38.721,喉真菌病,090,HZJB,第10章 呼吸系统疾病 (J00-J99)
J39.001,咽侧壁炎性肿物,090,YCBYXZW,第10章 呼吸系统疾病 (J00-J99)
J39.002,咽后壁脓肿,090,YHBNZ,第10章 呼吸系统疾病 (J00-J99)
J39.003,咽后脓肿,090,YHNZ,第10章 呼吸系统疾病 (J00-J99)
J39.004,咽旁脓肿,090,YPNZ,第10章 呼吸系统疾病 (J00-J99)
J39.101,咽脓肿,090,YNZ,第10章 呼吸系统疾病 (J00-J99)
J39.201,瘢痕性咽狭窄,090,BHXYXZ,第10章 呼吸系统疾病 (J00-J99)
J39.202,鼻咽部出血,090,BYBCX,第10章 呼吸系统疾病 (J00-J99)
J39.203,鼻咽部囊肿,090,BYBNZ,第10章 呼吸系统疾病 (J00-J99)
J39.204,鼻咽囊肿,090,BYNZ,第10章 呼吸系统疾病 (J00-J99)
J39.205,咽部水肿,090,YBSZ,第10章 呼吸系统疾病 (J00-J99)
J39.206,咽水肿,090,YSZ,第10章 呼吸系统疾病 (J00-J99)
J39.207,鼻咽粘连,090,BYNL,第10章 呼吸系统疾病 (J00-J99)
J39.208,梨状窝息肉,090,LZWXR,第10章 呼吸系统疾病 (J00-J99)
J39.209,手术后咽瘘,090,SSHYL,第10章 呼吸系统疾病 (J00-J99)
J39.210,咽下部狭窄,090,YXBXZ,第10章 呼吸系统疾病 (J00-J99)
J39.211,咽部肿物,090,YBZW,第10章 呼吸系统疾病 (J00-J99)
J39.212,咽喉溃疡,090,YHKY,第10章 呼吸系统疾病 (J00-J99)
J39.213,咽角化症,090,YJHZ,第10章 呼吸系统疾病 (J00-J99)
J39.214,咽瘘,090,YL,第10章 呼吸系统疾病 (J00-J99)
J39.215,咽旁隙感染,090,YPXGR,第10章 呼吸系统疾病 (J00-J99)
J39.216,咽下部囊肿,090,YXBNZ,第10章 呼吸系统疾病 (J00-J99)
J39.217,梨状窝血肿,090,LZWXZ,第10章 呼吸系统疾病 (J00-J99)
J39.801,大气道狭窄,090,DQDXZ,第10章 呼吸系统疾病 (J00-J99)
J39.802,气管瘢痕,090,QGBH,第10章 呼吸系统疾病 (J00-J99)
J39.803,气管梗阻,090,QGGZ,第10章 呼吸系统疾病 (J00-J99)
J39.804,气管假性淋巴瘤,090,QGJXLBL,第10章 呼吸系统疾病 (J00-J99)
J39.805,气管囊肿,090,QGNZ,第10章 呼吸系统疾病 (J00-J99)
J39.806,气管脓肿,090,QGNZ,第10章 呼吸系统疾病 (J00-J99)
J39.807,气管肉芽肿,090,QGRYZ,第10章 呼吸系统疾病 (J00-J99)
J39.808,气管软化症,090,QGRHZ,第10章 呼吸系统疾病 (J00-J99)
J39.809,气管受压,090,QGSY,第10章 呼吸系统疾病 (J00-J99)
J39.810,气管狭窄,090,QGXZ,第10章 呼吸系统疾病 (J00-J99)
J39.811,鼻后滴漏综合征,090,BHDLZHZ,第10章 呼吸系统疾病 (J00-J99)
J39.812,气管骨化症,090,QGGHZ,第10章 呼吸系统疾病 (J00-J99)
J39.901,气管肿物,090,QGZW,第10章 呼吸系统疾病 (J00-J99)
J40  01,气管支气管炎,095,QGZQGY,第10章 呼吸系统疾病 (J00-J99)
J40  02,纤维素性支气管炎,095,XWSXZQGY,第10章 呼吸系统疾病 (J00-J99)
J40  03,支气管炎,095,ZQGY,第10章 呼吸系统疾病 (J00-J99)
J40  04,支气管周围炎,095,ZQGZWY,第10章 呼吸系统疾病 (J00-J99)
J41.001,慢性单纯性支气管炎,095,MXDCXZQGY,第10章 呼吸系统疾病 (J00-J99)
J41.002,支气管炎性肿物,095,ZQGYXZW,第10章 呼吸系统疾病 (J00-J99)
J42  01,慢性气管炎,095,MXQGY,第10章 呼吸系统疾病 (J00-J99)
J42  02,慢性支气管炎,095,MXZQGY,第10章 呼吸系统疾病 (J00-J99)
J43.101,全叶性肺气肿,095,QYXFQZ,第10章 呼吸系统疾病 (J00-J99)
J43.201,中心叶性肺气肿,095,ZXYXFQZ,第10章 呼吸系统疾病 (J00-J99)
J43.901,大泡性肺气肿,095,DPXFQZ,第10章 呼吸系统疾病 (J00-J99)
J43.902,肺大泡破裂,095,FDPPL,第10章 呼吸系统疾病 (J00-J99)
J43.903,肺气肿,095,FQZ,第10章 呼吸系统疾病 (J00-J99)
J43.904,老年性肺气肿,095,LNXFQZ,第10章 呼吸系统疾病 (J00-J99)
J43.905,阻塞性肺气肿,095,ZSXFQZ,第10章 呼吸系统疾病 (J00-J99)
J43.906,肺大泡,095,FDP,第10章 呼吸系统疾病 (J00-J99)
J44.001,慢性阻塞性支气管炎合并感染,095,MXZSXZQGYHBGR,第10章 呼吸系统疾病 (J00-J99)
J44.002,哮喘性肺炎,095,XCXFY,第10章 呼吸系统疾病 (J00-J99)
J44.101,慢性支气管炎急性发作,095,MXZQGYJXFZ,第10章 呼吸系统疾病 (J00-J99)
J44.801,闭塞性细支气管炎,095,BSXXZQGY,第10章 呼吸系统疾病 (J00-J99)
J44.802,慢性喘息性支气管炎,095,MXCXXZQGY,第10章 呼吸系统疾病 (J00-J99)
J44.803,慢性哮喘性支气管炎,095,MXXCXZQGY,第10章 呼吸系统疾病 (J00-J99)
J44.804,慢性气肿型支气管炎,095,MXQZXZQGY,第10章 呼吸系统疾病 (J00-J99)
J44.805,慢性阻塞性支气管炎,095,MXZSXZQGY,第10章 呼吸系统疾病 (J00-J99)
J44.806,慢性细支气管炎,095,MXXZQGY,第10章 呼吸系统疾病 (J00-J99)
J44.901,慢性阻塞性肺疾病,095,MXZSXFJB,第10章 呼吸系统疾病 (J00-J99)
J45.001,过敏性哮喘,096,GMXXC,第10章 呼吸系统疾病 (J00-J99)
J45.002,外源性支气管哮喘,096,WYXZQGXC,第10章 呼吸系统疾病 (J00-J99)
J45.003,儿童期哮喘,096,ETQXC,第10章 呼吸系统疾病 (J00-J99)
J45.004,过敏性鼻炎伴哮喘,096,GMXBYBXC,第10章 呼吸系统疾病 (J00-J99)
J45.005,支气管哮喘持续状态,096,ZQGXCCXZT,第10章 呼吸系统疾病 (J00-J99)
J45.101,内源性支气管哮喘,096,NYXZQGXC,第10章 呼吸系统疾病 (J00-J99)
J45.901,哮喘,096,XC,第10章 呼吸系统疾病 (J00-J99)
J45.902,哮喘性支气管炎,096,XCXZQGY,第10章 呼吸系统疾病 (J00-J99)
J45.903,支气管哮喘,096,ZQGXC,第10章 呼吸系统疾病 (J00-J99)
J46  01,哮喘持续状态(哮喘状态),096,XCCXZTXCZT,第10章 呼吸系统疾病 (J00-J99)
J47  01,支气管扩张,090,ZQGKZ,第10章 呼吸系统疾病 (J00-J99)
J47  02,支气管扩张伴咯血,090,ZQGKZBKX,第10章 呼吸系统疾病 (J00-J99)
J47  03,支气管扩张合并感染,090,ZQGKZHBGR,第10章 呼吸系统疾病 (J00-J99)
J60  01,煤尘肺(炭末肺),097,MCFTMF,第10章 呼吸系统疾病 (J00-J99)
J62.801,矽肺(硅肺),097,XFGF,第10章 呼吸系统疾病 (J00-J99)
J62.802,矽肺性肺纤维化,097,XFXFXWH,第10章 呼吸系统疾病 (J00-J99)
J62.803,毁损肺,097,HSF,第10章 呼吸系统疾病 (J00-J99)
J65  01,矽肺结核,097,XFJH,第10章 呼吸系统疾病 (J00-J99)
J67.001,农民肺,097,NMF,第10章 呼吸系统疾病 (J00-J99)
J67.501,蘑菇肺,097,MGF,第10章 呼吸系统疾病 (J00-J99)
J67.902,过敏性(变应性)肺泡炎,097,GMXBYXFPY,第10章 呼吸系统疾病 (J00-J99)
J68.001,"肺炎,由于吸入有毒气体",097,FYYYXRYDQT,第10章 呼吸系统疾病 (J00-J99)
J68.901,气道高反应性,097,QDGFYX,第10章 呼吸系统疾病 (J00-J99)
J69.001,吸入性肺炎,097,XRXFY,第10章 呼吸系统疾病 (J00-J99)
J69.002,"吸入性肺炎,由于胃分泌物",097,XRXFYYYWFMW,第10章 呼吸系统疾病 (J00-J99)
J69.101,"肺炎,由于吸入油",097,FYYYXRY,第10章 呼吸系统疾病 (J00-J99)
J69.801,洗涤剂性支气管哮喘,097,XDJXZQGXC,第10章 呼吸系统疾病 (J00-J99)
J70.001,放射性肺炎,097,FSXFY,第10章 呼吸系统疾病 (J00-J99)
J70.101,放射性肺纤维化,097,FSXFXWH,第10章 呼吸系统疾病 (J00-J99)
J80  01,成人肺透明膜病,090,CRFTMMB,第10章 呼吸系统疾病 (J00-J99)
J80  02,成人呼吸窘迫综合征,090,CRHXJPZHZ,第10章 呼吸系统疾病 (J00-J99)
J80  03,透明肺,090,TMF,第10章 呼吸系统疾病 (J00-J99)
J80  04,休克肺,090,XKF,第10章 呼吸系统疾病 (J00-J99)
J80.03,透明肺,090,TMF,第10章 呼吸系统疾病 (J00-J99)
J81  01,创伤性湿肺,090,CSXSF,第10章 呼吸系统疾病 (J00-J99)
J81  02,急性肺水肿,090,JXFSZ,第10章 呼吸系统疾病 (J00-J99)
J81  03,肺水肿,090,FSZ,第10章 呼吸系统疾病 (J00-J99)
J82  01,肺嗜酸细胞增多症,090,FSSXBZDZ,第10章 呼吸系统疾病 (J00-J99)
J82  02,过敏性肺炎(变应性),090,GMXFYBYX,第10章 呼吸系统疾病 (J00-J99)
J82  03,嗜酸细胞性肺炎,090,SSXBXFY,第10章 呼吸系统疾病 (J00-J99)
J84.001,肺泡蛋白沉积症,090,FPDBCJZ,第10章 呼吸系统疾病 (J00-J99)
J84.101,肺间质纤维化(炎症后),090,FJZXWHYZH,第10章 呼吸系统疾病 (J00-J99)
J84.102,肺肉芽肿,090,FRYZ,第10章 呼吸系统疾病 (J00-J99)
J84.103,肺纤维化,090,FXWH,第10章 呼吸系统疾病 (J00-J99)
J84.104,肺硬化,090,FYH,第10章 呼吸系统疾病 (J00-J99)
J84.105,机化性肺炎,090,JHXFY,第10章 呼吸系统疾病 (J00-J99)
J84.106,间质性纤维化性肺泡炎,090,JZXXWHXFPY,第10章 呼吸系统疾病 (J00-J99)
J84.107,弥漫性肺间质纤维化,090,MMXFJZXWH,第10章 呼吸系统疾病 (J00-J99)
J84.108,弥漫性肺纤维化,090,MMXFXWH,第10章 呼吸系统疾病 (J00-J99)
J84.109,特发性弥漫性肺间质纤维化,090,TFXMMXFJZXWH,第10章 呼吸系统疾病 (J00-J99)
J84.110,致纤维化肺泡炎,090,ZXWHFPY,第10章 呼吸系统疾病 (J00-J99)
J84.801,胆固醇肺炎,090,DGCFY,第10章 呼吸系统疾病 (J00-J99)
J84.802,肺弥漫性间质病变,090,FMMXJZBB,第10章 呼吸系统疾病 (J00-J99)
J84.901,间质性肺炎,090,JZXFY,第10章 呼吸系统疾病 (J00-J99)
J85.001,坏疽性肺炎,090,HJXFY,第10章 呼吸系统疾病 (J00-J99)
J85.201,肺脓肿,090,FNZ,第10章 呼吸系统疾病 (J00-J99)
J85.301,纵隔脓肿,090,ZGNZ,第10章 呼吸系统疾病 (J00-J99)
J86.001,肝-胸膜瘘,090,GXML,第10章 呼吸系统疾病 (J00-J99)
J86.002,脓胸伴瘘,090,NXBL,第10章 呼吸系统疾病 (J00-J99)
J86.003,食管气管瘘,090,SGQGL,第10章 呼吸系统疾病 (J00-J99)
J86.004,食管胸膜瘘,090,SGXML,第10章 呼吸系统疾病 (J00-J99)
J86.005,食管支气管瘘,090,SGZQGL,第10章 呼吸系统疾病 (J00-J99)
J86.006,手术后支气管胸膜瘘,090,SSHZQGXML,第10章 呼吸系统疾病 (J00-J99)
J86.007,胸壁窦道,090,XBDD,第10章 呼吸系统疾病 (J00-J99)
J86.008,支气管瘘,090,ZQGL,第10章 呼吸系统疾病 (J00-J99)
J86.009,支气管-胃-结肠瘘,090,ZQGWJCL,第10章 呼吸系统疾病 (J00-J99)
J86.010,支气管胸膜瘘,090,ZQGXML,第10章 呼吸系统疾病 (J00-J99)
J86.011,纵隔瘘,090,ZGL,第10章 呼吸系统疾病 (J00-J99)
J86.012,气管食道瘘,090,QGSDL,第10章 呼吸系统疾病 (J00-J99)
J86.013,喉-气管瘘,090,HQGL,第10章 呼吸系统疾病 (J00-J99)
J86.901,化脓性胸膜炎,090,HNXXMY,第10章 呼吸系统疾病 (J00-J99)
J86.902,脓气胸,090,NQX,第10章 呼吸系统疾病 (J00-J99)
J86.903,脓胸,090,NX,第10章 呼吸系统疾病 (J00-J99)
J90  01,包裹性胸膜炎,090,BGXXMY,第10章 呼吸系统疾病 (J00-J99)
J90  02,渗出性胸膜炎,090,SCXXMY,第10章 呼吸系统疾病 (J00-J99)
J90  03,胸膜炎伴积液,090,XMYBJY,第10章 呼吸系统疾病 (J00-J99)
J92.901,胸膜肥厚(胸膜纤维化),090,XMFHXMXWH,第10章 呼吸系统疾病 (J00-J99)
J93.001,张力性气胸,090,ZLXQX,第10章 呼吸系统疾病 (J00-J99)
J93.101,自发性气胸,090,ZFXQX,第10章 呼吸系统疾病 (J00-J99)
J93.801,包裹性气胸,090,BGXQX,第10章 呼吸系统疾病 (J00-J99)
J93.901,气胸,090,QX,第10章 呼吸系统疾病 (J00-J99)
J94.201,血气胸,090,XQX,第10章 呼吸系统疾病 (J00-J99)
J94.202,血胸,090,XX,第10章 呼吸系统疾病 (J00-J99)
J94.801,包裹性胸腔积液,090,BGXXQJY,第10章 呼吸系统疾病 (J00-J99)
J94.802,梅格斯综合征,090,MGSZHZ,第10章 呼吸系统疾病 (J00-J99)
J94.803,手术后胸腔积液,090,SSHXQJY,第10章 呼吸系统疾病 (J00-J99)
J94.804,水气胸,090,SQX,第10章 呼吸系统疾病 (J00-J99)
J94.805,胸膜钙化,090,XMGH,第10章 呼吸系统疾病 (J00-J99)
J94.806,胸膜腔积液,090,XMQJY,第10章 呼吸系统疾病 (J00-J99)
J94.807,胸膜粘连,090,XMNL,第10章 呼吸系统疾病 (J00-J99)
J94.808,胸腔积液,090,XQJY,第10章 呼吸系统疾病 (J00-J99)
J94.809,液气胸,090,YQX,第10章 呼吸系统疾病 (J00-J99)
J94.810,胸膜囊肿,090,XMNZ,第10章 呼吸系统疾病 (J00-J99)
J94.811,胸膜占位病变,090,XMZWBB,第10章 呼吸系统疾病 (J00-J99)
J94.812,胸壁良性纤维骨性病变,090,XBLXXWGXBB,第10章 呼吸系统疾病 (J00-J99)
J94.901,恶性多浆膜腔积液,090,EXDJMQJY,第10章 呼吸系统疾病 (J00-J99)
J94.902,恶性胸水,090,EXXS,第10章 呼吸系统疾病 (J00-J99)
J95.001,手术后气管食管瘘,090,SSHQGSGL,第10章 呼吸系统疾病 (J00-J99)
J95.002,气管瘘口狭窄,090,QGLKXZ,第10章 呼吸系统疾病 (J00-J99)
J95.003,气管切开术后拔管困难,090,QGQKSHBGKN,第10章 呼吸系统疾病 (J00-J99)
J95.004,气管切开术后气道阻塞,090,QGQKSHQDZS,第10章 呼吸系统疾病 (J00-J99)
J95.005,气管造瘘口狭窄,090,QGZLKXZ,第10章 呼吸系统疾病 (J00-J99)
J95.006,气管造口术后气管食管瘘,090,QGZKSHQGSGL,第10章 呼吸系统疾病 (J00-J99)
J95.101,手术后肺机能不全,090,SSHFJNBQ,第10章 呼吸系统疾病 (J00-J99)
J95.801,气管插管后喉水肿,090,QGCGHHSZ,第10章 呼吸系统疾病 (J00-J99)
J95.802,手术后气胸,090,SSHQX,第10章 呼吸系统疾病 (J00-J99)
J95.803,手术后声带粘连,090,SSHSDNL,第10章 呼吸系统疾病 (J00-J99)
J95.804,胸壁术后软化,090,XBSHRH,第10章 呼吸系统疾病 (J00-J99)
J96.901,呼吸衰竭,090,HXSJ,第10章 呼吸系统疾病 (J00-J99)
J98.001,后天性支气管憩室,090,HTXZQGQS,第10章 呼吸系统疾病 (J00-J99)
J98.002,支气管化脓性肉芽肿,090,ZQGHNXRYZ,第10章 呼吸系统疾病 (J00-J99)
J98.003,支气管结石,090,ZQGJS,第10章 呼吸系统疾病 (J00-J99)
J98.004,支气管息肉,090,ZQGXR,第10章 呼吸系统疾病 (J00-J99)
J98.005,支气管狭窄,090,ZQGXZ,第10章 呼吸系统疾病 (J00-J99)
J98.006,支气管粘膜纤维组织增生,090,ZQGNMXWZZZS,第10章 呼吸系统疾病 (J00-J99)
J98.101,肺不张,090,FBZ,第10章 呼吸系统疾病 (J00-J99)
J98.102,肺萎陷,090,FWX,第10章 呼吸系统疾病 (J00-J99)
J98.103,肺中叶综合征,090,FZYZHZ,第10章 呼吸系统疾病 (J00-J99)
J98.104,中叶综合征 (肺),090,ZYZHZF,第10章 呼吸系统疾病 (J00-J99)
J98.105,肺叶不张综合征(布罗克氏综合征),090,FYBZZHZBLKSZHZ,第10章 呼吸系统疾病 (J00-J99)
J98.201,纵隔气肿,090,ZGQZ,第10章 呼吸系统疾病 (J00-J99)
J98.301,代偿性肺气肿,090,DCXFQZ,第10章 呼吸系统疾病 (J00-J99)
J98.401,多囊肺,090,DNF,第10章 呼吸系统疾病 (J00-J99)
J98.402,肺部感染,090,FBGR,第10章 呼吸系统疾病 (J00-J99)
J98.403,肺膨出,090,FPC,第10章 呼吸系统疾病 (J00-J99)
J98.404,肺钙化,090,FGH,第10章 呼吸系统疾病 (J00-J99)
J98.405,肺空洞,090,FKD,第10章 呼吸系统疾病 (J00-J99)
J98.406,肺机能不全,090,FJNBQ,第10章 呼吸系统疾病 (J00-J99)
J98.407,肺假性淋巴瘤,090,FJXLBL,第10章 呼吸系统疾病 (J00-J99)
J98.408,肺假性肿瘤,090,FJXZL,第10章 呼吸系统疾病 (J00-J99)
J98.409,肺炎性假瘤,090,FYXJL,第10章 呼吸系统疾病 (J00-J99)
J98.410,肺弥漫性病变,090,FMMXBB,第10章 呼吸系统疾病 (J00-J99)
J98.411,肺囊肿,090,FNZ,第10章 呼吸系统疾病 (J00-J99)
J98.412,肺肿物,090,FZW,第10章 呼吸系统疾病 (J00-J99)
J98.413,过敏性支气管肺疾患,090,GMXZQGFJH,第10章 呼吸系统疾病 (J00-J99)
J98.414,损毁肺(炎症性),090,SHFYZX,第10章 呼吸系统疾病 (J00-J99)
J98.415,支气管囊肿,090,ZQGNZ,第10章 呼吸系统疾病 (J00-J99)
J98.416,肺占位性病变,090,FZWXBB,第10章 呼吸系统疾病 (J00-J99)
J98.501,慢性纵隔炎,090,MXZGY,第10章 呼吸系统疾病 (J00-J99)
J98.502,纵隔疝,090,ZGS,第10章 呼吸系统疾病 (J00-J99)
J98.503,纵隔纤维化,090,ZGXWH,第10章 呼吸系统疾病 (J00-J99)
J98.504,纵隔炎,090,ZGY,第10章 呼吸系统疾病 (J00-J99)
J98.505,纵隔肿物,090,ZGZW,第10章 呼吸系统疾病 (J00-J99)
J98.506,纵膈阴影,,ZGYY,第10章 呼吸系统疾病 (J00-J99)
J98.601,膈膨升,090,GPS,第10章 呼吸系统疾病 (J00-J99)
J98.602,膈肌麻痹,090,GJMB,第10章 呼吸系统疾病 (J00-J99)
J98.603,横膈麻痹,090,HGMB,第10章 呼吸系统疾病 (J00-J99)
J98.604,横膈炎,090,HGY,第10章 呼吸系统疾病 (J00-J99)
J98.801,鼻咽肿物,090,BYZW,第10章 呼吸系统疾病 (J00-J99)
J98.802,呼吸道感染,090,HXDGR,第10章 呼吸系统疾病 (J00-J99)
J98.803,呼吸道梗阻,090,HXDGZ,第10章 呼吸系统疾病 (J00-J99)
J98.804,胸部肿物,090,XBZW,第10章 呼吸系统疾病 (J00-J99)
J98.805,呼吸道硬结病,090,HXDYJB,第10章 呼吸系统疾病 (J00-J99)
J98.901,胸腔占位性病变,090,XQZWXBB,第10章 呼吸系统疾病 (J00-J99)
J98.902,胸腔肿物,090,XQZW,第10章 呼吸系统疾病 (J00-J99)
K00.001,牙齿发育不全,100,YCFYBQ,第11章 消化系统疾病 (K00-K93)
K00.101,多生齿,100,DSC,第11章 消化系统疾病 (K00-K93)
K00.201,巨齿,100,JC,第11章 消化系统疾病 (K00-K93)
K00.701,出牙综合征,100,CYZHZ,第11章 消化系统疾病 (K00-K93)
K01.101,阻生齿,100,ZSC,第11章 消化系统疾病 (K00-K93)
K01.102,肥大性龈炎,100,FDXYY,第11章 消化系统疾病 (K00-K93)
K02.401,牙折断,100,YZD,第11章 消化系统疾病 (K00-K93)
K02.901,龋齿,100,QC,第11章 消化系统疾病 (K00-K93)
K04.001,化脓性牙髓炎,100,HNXYSY,第11章 消化系统疾病 (K00-K93)
K04.002,急性牙髓炎,100,JXYSY,第11章 消化系统疾病 (K00-K93)
K04.003,慢性牙髓炎,100,MXYSY,第11章 消化系统疾病 (K00-K93)
K04.004,牙髓脓肿,100,YSNZ,第11章 消化系统疾病 (K00-K93)
K04.005,牙髓炎,100,YSY,第11章 消化系统疾病 (K00-K93)
K04.101,牙髓坏死,100,YSHS,第11章 消化系统疾病 (K00-K93)
K04.401,急性根尖牙周炎,100,JXGJYZY,第11章 消化系统疾病 (K00-K93)
K04.501,根尖牙周炎,100,GJYZY,第11章 消化系统疾病 (K00-K93)
K04.502,根尖周肉芽肿,100,GJZRYZ,第11章 消化系统疾病 (K00-K93)
K04.503,慢性根尖牙周炎,100,MXGJYZY,第11章 消化系统疾病 (K00-K93)
K04.504,牙根肉芽肿,100,YGRYZ,第11章 消化系统疾病 (K00-K93)
K04.601,根尖周围脓肿并脓窦,100,GJZWNZBND,第11章 消化系统疾病 (K00-K93)
K04.701,根尖脓肿,100,GJNZ,第11章 消化系统疾病 (K00-K93)
K04.702,根尖周脓肿,100,GJZNZ,第11章 消化系统疾病 (K00-K93)
K04.703,牙槽脓肿,100,YCNZ,第11章 消化系统疾病 (K00-K93)
K04.801,根端囊肿,100,GDNZ,第11章 消化系统疾病 (K00-K93)
K04.802,根尖囊肿,100,GJNZ,第11章 消化系统疾病 (K00-K93)
K05.001,急性龈炎,100,JXYY,第11章 消化系统疾病 (K00-K93)
K05.101,边缘性龈炎,100,BYXYY,第11章 消化系统疾病 (K00-K93)
K05.102,增生性牙龈炎,100,ZSXYYY,第11章 消化系统疾病 (K00-K93)
K05.103,化脓性牙龈炎,100,HNXYYY,第11章 消化系统疾病 (K00-K93)
K05.104,溃疡性龈炎,100,KYXYY,第11章 消化系统疾病 (K00-K93)
K05.105,龈炎,100,YY,第11章 消化系统疾病 (K00-K93)
K05.201,急性冠周炎,100,JXGZY,第11章 消化系统疾病 (K00-K93)
K05.202,牙冠周脓肿,100,YGZNZ,第11章 消化系统疾病 (K00-K93)
K05.203,牙龈脓肿,100,YYNZ,第11章 消化系统疾病 (K00-K93)
K05.204,牙周脓肿,100,YZNZ,第11章 消化系统疾病 (K00-K93)
K05.205,急性牙周炎,100,JXYZY,第11章 消化系统疾病 (K00-K93)
K05.301,牙周炎,100,YZY,第11章 消化系统疾病 (K00-K93)
K05.302,慢性牙周炎,100,MXYZY,第11章 消化系统疾病 (K00-K93)
K05.501,牙周病,100,YZB,第11章 消化系统疾病 (K00-K93)
K05.502,牙周牙髓综合征,100,YZYSZHZ,第11章 消化系统疾病 (K00-K93)
K06.101,牙龈增生,100,YYZS,第11章 消化系统疾病 (K00-K93)
K06.801,巨细胞龈瘤,100,JXBYL,第11章 消化系统疾病 (K00-K93)
K06.802,牙龈出血,100,YYCX,第11章 消化系统疾病 (K00-K93)
K06.803,牙龈溃疡,100,YYKY,第11章 消化系统疾病 (K00-K93)
K06.804,牙龈瘤,100,YYL,第11章 消化系统疾病 (K00-K93)
K06.805,牙龈瘘管,100,YYLG,第11章 消化系统疾病 (K00-K93)
K06.806,牙龈息肉,100,YYXR,第11章 消化系统疾病 (K00-K93)
K06.807,牙龈纤维瘤病,100,YYXWLB,第11章 消化系统疾病 (K00-K93)
K06.808,牙槽嵴前突,100,YCJQT,第11章 消化系统疾病 (K00-K93)
K07.001,颌骨发育不全,100,HGFYBQ,第11章 消化系统疾病 (K00-K93)
K07.002,上颌骨纤维增生,100,SHGXWZS,第11章 消化系统疾病 (K00-K93)
K07.003,小颌畸形,100,XHJX,第11章 消化系统疾病 (K00-K93)
K07.004,下颌骨增生,100,XHGZS,第11章 消化系统疾病 (K00-K93)
K07.101,颌骨不对称,100,HGBDC,第11章 消化系统疾病 (K00-K93)
K07.102,后缩颌(上、下颌),100,HSHSXH,第11章 消化系统疾病 (K00-K93)
K07.103,前突颌,100,QTH,第11章 消化系统疾病 (K00-K93)
K07.104,上颌后缩、下颌前突,100,SHHSXHQT,第11章 消化系统疾病 (K00-K93)
K07.105,上颌前突,100,SHQT,第11章 消化系统疾病 (K00-K93)
K07.106,上下颌前突畸形,100,SXHQTJX,第11章 消化系统疾病 (K00-K93)
K07.107,下颌前突,100,XHQT,第11章 消化系统疾病 (K00-K93)
K07.201,反咬合,100,FYH,第11章 消化系统疾病 (K00-K93)
K07.202,后牙反咬合,100,HYFYH,第11章 消化系统疾病 (K00-K93)
K07.203,前牙反咬合,100,QYFYH,第11章 消化系统疾病 (K00-K93)
K07.204,前牙开,100,QYK,第11章 消化系统疾病 (K00-K93)
K07.205,深覆合,100,SFH,第11章 消化系统疾病 (K00-K93)
K07.206,牙弓关系异常,100,YGGXYC,第11章 消化系统疾病 (K00-K93)
K07.301,牙齿错位,100,YCCW,第11章 消化系统疾病 (K00-K93)
K07.302,牙列不齐,100,YLBQ,第11章 消化系统疾病 (K00-K93)
K07.303,埋伏牙,100,MFY,第11章 消化系统疾病 (K00-K93)
K07.401,咬合不正,100,YHBZ,第11章 消化系统疾病 (K00-K93)
K07.601,颞颌关节综合征,100,NHGJZHZ,第11章 消化系统疾病 (K00-K93)
K07.602,颞颌关节不正,100,NHGJBZ,第11章 消化系统疾病 (K00-K93)
K07.603,颞下颌关节强直,100,NXHGJQZ,第11章 消化系统疾病 (K00-K93)
K07.901,颌骨后天畸形,100,HGHTJX,第11章 消化系统疾病 (K00-K93)
K07.902,颌骨畸形,100,HGJX,第11章 消化系统疾病 (K00-K93)
K07.903,颌骨先天畸形,100,HGXTJX,第11章 消化系统疾病 (K00-K93)
K08.201,齿槽嵴萎缩,100,CCJWS,第11章 消化系统疾病 (K00-K93)
K08.202,齿槽突萎缩,100,CCTWS,第11章 消化系统疾病 (K00-K93)
K08.301,残冠,100,CG,第11章 消化系统疾病 (K00-K93)
K08.302,残留齿根,100,CLCG,第11章 消化系统疾病 (K00-K93)
K08.801,齿槽突不齐,100,CCTBQ,第11章 消化系统疾病 (K00-K93)
K08.802,齿槽突裂,100,CCTL,第11章 消化系统疾病 (K00-K93)
K08.803,牙槽出血,100,YCCX,第11章 消化系统疾病 (K00-K93)
K08.804,牙槽嵴裂,100,YCJL,第11章 消化系统疾病 (K00-K93)
K08.805,牙槽嵴裂隙,100,YCJLX,第11章 消化系统疾病 (K00-K93)
K08.806,牙缺失,100,YQS,第11章 消化系统疾病 (K00-K93)
K08.901,牙病,100,YB,第11章 消化系统疾病 (K00-K93)
K09.001,颌含牙囊肿,099,HHYNZ,第11章 消化系统疾病 (K00-K93)
K09.002,颌骨角化囊肿,099,HGJHNZ,第11章 消化系统疾病 (K00-K93)
K09.003,颌角化囊肿,099,HJHNZ,第11章 消化系统疾病 (K00-K93)
K09.004,颌骨始基囊肿,099,HGSJNZ,第11章 消化系统疾病 (K00-K93)
K09.005,颌骨牙源性囊肿,099,HGYYXNZ,第11章 消化系统疾病 (K00-K93)
K09.006,发育性牙源性囊肿,099,FYXYYXNZ,第11章 消化系统疾病 (K00-K93)
K09.101,腭骨囊肿,099,EGNZ,第11章 消化系统疾病 (K00-K93)
K09.102,腭正中囊肿,099,EZZNZ,第11章 消化系统疾病 (K00-K93)
K09.103,球上颌囊肿,099,QSHNZ,第11章 消化系统疾病 (K00-K93)
K09.104,鼻腭囊肿,099,BENZ,第11章 消化系统疾病 (K00-K93)
K09.105,硬腭囊肿,099,YENZ,第11章 消化系统疾病 (K00-K93)
K09.106,腭部皮脂腺囊肿,099,EBPZXNZ,第11章 消化系统疾病 (K00-K93)
K09.201,颌骨囊肿,099,HGNZ,第11章 消化系统疾病 (K00-K93)
K09.202,上颌骨囊肿,099,SHGNZ,第11章 消化系统疾病 (K00-K93)
K09.203,下颌骨囊肿,099,XHGNZ,第11章 消化系统疾病 (K00-K93)
K09.204,颌下囊肿,099,HXNZ,第11章 消化系统疾病 (K00-K93)
K09.205,颌下皮样囊肿,099,HXPYNZ,第11章 消化系统疾病 (K00-K93)
K09.801,鼻唇囊肿,099,BCNZ,第11章 消化系统疾病 (K00-K93)
K09.802,口腔表皮样囊肿,099,KQBPYNZ,第11章 消化系统疾病 (K00-K93)
K09.803,口腔皮样囊肿,099,KQPYNZ,第11章 消化系统疾病 (K00-K93)
K09.804,口腔粘液腺囊肿,099,KQNYXNZ,第11章 消化系统疾病 (K00-K93)
K10.001,下颌隆凸,099,XHLT,第11章 消化系统疾病 (K00-K93)
K10.002,下颌骨隆突,099,XHGLT,第11章 消化系统疾病 (K00-K93)
K10.101,颌骨恶性肉芽肿,099,HGEXRYZ,第11章 消化系统疾病 (K00-K93)
K10.102,颌骨肉芽肿,099,HGRYZ,第11章 消化系统疾病 (K00-K93)
K10.103,颌下区肉芽肿,099,HXQRYZ,第11章 消化系统疾病 (K00-K93)
K10.201,颌骨放射性骨髓炎,099,HGFSXGSY,第11章 消化系统疾病 (K00-K93)
K10.202,颌骨骨髓炎,099,HGGSY,第11章 消化系统疾病 (K00-K93)
K10.203,颌骨骨炎,099,HGGY,第11章 消化系统疾病 (K00-K93)
K10.204,颌骨慢性炎症,099,HGMXYZ,第11章 消化系统疾病 (K00-K93)
K10.205,颌骨死骨,099,HGSG,第11章 消化系统疾病 (K00-K93)
K10.206,颌骨炎性增生,099,HGYXZS,第11章 消化系统疾病 (K00-K93)
K10.301,齿槽骨炎,099,CCGY,第11章 消化系统疾病 (K00-K93)
K10.302,干槽,099,GC,第11章 消化系统疾病 (K00-K93)
K10.801,腭后天畸形,099,EHTJX,第11章 消化系统疾病 (K00-K93)
K10.802,腭血肿,099,EXZ,第11章 消化系统疾病 (K00-K93)
K10.803,颌骨纤维性发育不良,099,HGXWXFYBL,第11章 消化系统疾病 (K00-K93)
K10.804,颌部瘤样纤维组织增生,099,HBLYXWZZZS,第11章 消化系统疾病 (K00-K93)
K10.805,颌骨骨纤维异样增殖,099,HGGXWYYZZ,第11章 消化系统疾病 (K00-K93)
K10.806,颌骨骨质增生,099,HGGZZS,第11章 消化系统疾病 (K00-K93)
K10.807,上腭穿孔,099,SECK,第11章 消化系统疾病 (K00-K93)
K10.808,颌骨纤维异常增生症,099,HGXWYCZSZ,第11章 消化系统疾病 (K00-K93)
K10.901,颌骨肿物,099,HGZW,第11章 消化系统疾病 (K00-K93)
K11.001,涎腺萎缩,099,XXWS,第11章 消化系统疾病 (K00-K93)
K11.101,颌下腺肥大,099,HXXFD,第11章 消化系统疾病 (K00-K93)
K11.102,颌下腺良性增生,099,HXXLXZS,第11章 消化系统疾病 (K00-K93)
K11.103,腮腺肥大,099,SXFD,第11章 消化系统疾病 (K00-K93)
K11.104,涎腺肥大,099,XXFD,第11章 消化系统疾病 (K00-K93)
K11.201,非流行性腮腺炎性假瘤,099,FLXXSXYXJL,第11章 消化系统疾病 (K00-K93)
K11.202,颌下腺炎,099,HXXY,第11章 消化系统疾病 (K00-K93)
K11.203,化脓性腮腺炎,099,HNXSXY,第11章 消化系统疾病 (K00-K93)
K11.204,急性化脓性腮腺炎,099,JXHNXSXY,第11章 消化系统疾病 (K00-K93)
K11.205,急性腮腺炎,099,JXSXY,第11章 消化系统疾病 (K00-K93)
K11.206,慢性颌下腺炎,099,MXHXXY,第11章 消化系统疾病 (K00-K93)
K11.207,慢性腮腺炎,099,MXSXY,第11章 消化系统疾病 (K00-K93)
K11.208,慢性舌下腺炎,099,MXSXXY,第11章 消化系统疾病 (K00-K93)
K11.209,慢性涎腺炎,099,MXXXY,第11章 消化系统疾病 (K00-K93)
K11.210,涎腺炎,099,XXY,第11章 消化系统疾病 (K00-K93)
K11.301,腮腺脓肿,099,SXNZ,第11章 消化系统疾病 (K00-K93)
K11.401,颌下腺瘘,099,HXXL,第11章 消化系统疾病 (K00-K93)
K11.402,腮腺瘘,099,SXL,第11章 消化系统疾病 (K00-K93)
K11.403,涎腺瘘管,099,XXLG,第11章 消化系统疾病 (K00-K93)
K11.501,颌下腺导管结石(涎石症),099,HXXDGJSXSZ,第11章 消化系统疾病 (K00-K93)
K11.502,腮腺导管结石,099,SXDGJS,第11章 消化系统疾病 (K00-K93)
K11.503,舌下管结石,099,SXGJS,第11章 消化系统疾病 (K00-K93)
K11.504,舌下管结石,099,SXGJS,第11章 消化系统疾病 (K00-K93)
K11.601,颌下腺囊肿,099,HXXNZ,第11章 消化系统疾病 (K00-K93)
K11.602,颌下腺粘液囊肿,099,HXXNYNZ,第11章 消化系统疾病 (K00-K93)
K11.603,腮腺囊肿,099,SXNZ,第11章 消化系统疾病 (K00-K93)
K11.604,舌下腺囊肿,099,SXXNZ,第11章 消化系统疾病 (K00-K93)
K11.605,涎腺粘液腺囊肿,099,XXNYXNZ,第11章 消化系统疾病 (K00-K93)
K11.701,口干症,099,KGZ,第11章 消化系统疾病 (K00-K93)
K11.801,米库利奇病,099,MKLQB,第11章 消化系统疾病 (K00-K93)
K11.802,腮腺涎液潴留,099,SXXYZL,第11章 消化系统疾病 (K00-K93)
K11.803,腮腺脂肪浸润,099,SXZFJR,第11章 消化系统疾病 (K00-K93)
K11.804,涎腺管扩张,099,XXGKZ,第11章 消化系统疾病 (K00-K93)
K11.805,涎腺良性淋巴上皮损害,099,XXLXLBSPSH,第11章 消化系统疾病 (K00-K93)
K11.806,舌下腺导管扩张,099,SXXDGKZ,第11章 消化系统疾病 (K00-K93)
K11.901,颌下肿物,099,HXZW,第11章 消化系统疾病 (K00-K93)
K11.902,腮腺区肿物,099,SXQZW,第11章 消化系统疾病 (K00-K93)
K11.903,涎腺肿物,099,XXZW,第11章 消化系统疾病 (K00-K93)
K11.904,诞腺症,099,DXZ,第11章 消化系统疾病 (K00-K93)
K11.905,颌下间隙感染,099,HXJXGR,第11章 消化系统疾病 (K00-K93)
K12.001,阿佛他口腔炎,099,AFTKQY,第11章 消化系统疾病 (K00-K93)
K12.002,复发性口疮性溃疡,099,FFXKCXKY,第11章 消化系统疾病 (K00-K93)
K12.003,口疮,099,KC,第11章 消化系统疾病 (K00-K93)
K12.004,口疮性咽峡炎,099,KCXYXY,第11章 消化系统疾病 (K00-K93)
K12.005,疱疹样口炎,099,PZYKY,第11章 消化系统疾病 (K00-K93)
K12.101,腭部溃疡,099,EBKY,第11章 消化系统疾病 (K00-K93)
K12.102,过敏性口炎,099,GMXKY,第11章 消化系统疾病 (K00-K93)
K12.103,口腔感染,099,KQGR,第11章 消化系统疾病 (K00-K93)
K12.104,口腔炎性肿块,099,KQYXZK,第11章 消化系统疾病 (K00-K93)
K12.105,口腔粘膜溃疡,099,KQNMKY,第11章 消化系统疾病 (K00-K93)
K12.106,口炎,099,KY,第11章 消化系统疾病 (K00-K93)
K12.107,溃疡性口炎,099,KYXKY,第11章 消化系统疾病 (K00-K93)
K12.108,上腭炎性肿物,099,SEYXZW,第11章 消化系统疾病 (K00-K93)
K12.110,药物性口炎,099,YWXKY,第11章 消化系统疾病 (K00-K93)
K12.111,糜烂性口炎,099,MLXKY,第11章 消化系统疾病 (K00-K93)
K12.201,颌面间隙感染,099,HMJXGR,第11章 消化系统疾病 (K00-K93)
K12.202,颌下感染(间隙),099,HXGRJX,第11章 消化系统疾病 (K00-K93)
K12.203,颌下瘘管,099,HXLG,第11章 消化系统疾病 (K00-K93)
K12.204,颌下区感染,099,HXQGR,第11章 消化系统疾病 (K00-K93)
K12.205,颌下区瘘,099,HXQL,第11章 消化系统疾病 (K00-K93)
K12.206,颊部瘘管,099,JBLG,第11章 消化系统疾病 (K00-K93)
K12.207,颊间隙感染,099,JJXGR,第11章 消化系统疾病 (K00-K93)
K12.208,嚼肌间隙感染,099,JJJXGR,第11章 消化系统疾病 (K00-K93)
K12.209,颏下区感染,099,KXQGR,第11章 消化系统疾病 (K00-K93)
K12.210,口底蜂窝织炎,099,KDFWZY,第11章 消化系统疾病 (K00-K93)
K12.211,口腔瘘管,099,KQLG,第11章 消化系统疾病 (K00-K93)
K12.212,口腔内脓肿,099,KQNNZ,第11章 消化系统疾病 (K00-K93)
K12.213,眶下间隙感染,099,KXJXGR,第11章 消化系统疾病 (K00-K93)
K12.214,颞间隙感染,099,NJXGR,第11章 消化系统疾病 (K00-K93)
K12.215,牙源性面部皮肤瘘管,099,YYXMBPFLG,第11章 消化系统疾病 (K00-K93)
K12.216,翼腭间隙脓肿,099,YEJXNZ,第11章 消化系统疾病 (K00-K93)
K13.001,传染性口角炎,099,CRXKJY,第11章 消化系统疾病 (K00-K93)
K13.002,唇部肿物,099,CBZW,第11章 消化系统疾病 (K00-K93)
K13.003,唇肥厚,099,CFH,第11章 消化系统疾病 (K00-K93)
K13.004,唇蜂窝织炎,099,CFWZY,第11章 消化系统疾病 (K00-K93)
K13.005,唇畸形,099,CJX,第11章 消化系统疾病 (K00-K93)
K13.006,"唇畸形, 后天性",099,CJXHTX,第11章 消化系统疾病 (K00-K93)
K13.007,唇桨细胞性肉芽肿,099,CJXBXRYZ,第11章 消化系统疾病 (K00-K93)
K13.008,唇皲裂,099,CJL,第11章 消化系统疾病 (K00-K93)
K13.009,唇鳞状上皮增生,099,CLZSPZS,第11章 消化系统疾病 (K00-K93)
K13.010,唇瘘,099,CL,第11章 消化系统疾病 (K00-K93)
K13.011,唇囊肿,099,CNZ,第11章 消化系统疾病 (K00-K93)
K13.012,唇疼,099,CT,第11章 消化系统疾病 (K00-K93)
K13.013,唇炎,099,CY,第11章 消化系统疾病 (K00-K93)
K13.014,唇粘液囊肿,099,CNYNZ,第11章 消化系统疾病 (K00-K93)
K13.015,口角炎,099,KJY,第11章 消化系统疾病 (K00-K93)
K13.016,烧伤后唇畸形,099,SSHCJX,第11章 消化系统疾病 (K00-K93)
K13.017,唇疖肿,099,CJZ,第11章 消化系统疾病 (K00-K93)
K13.018,唇炎性肉芽肿,099,CYXRYZ,第11章 消化系统疾病 (K00-K93)
K13.019,唇溃疡,099,CKY,第11章 消化系统疾病 (K00-K93)
K13.201,腭白斑,099,EBB,第11章 消化系统疾病 (K00-K93)
K13.202,口腔粘膜白斑症,099,KQNMBBZ,第11章 消化系统疾病 (K00-K93)
K13.203,舌白斑,099,SBB,第11章 消化系统疾病 (K00-K93)
K13.401,口腔粘膜恶性肉芽肿,099,KQNMEXRYZ,第11章 消化系统疾病 (K00-K93)
K13.402,口腔粘膜肉芽肿,099,KQNMRYZ,第11章 消化系统疾病 (K00-K93)
K13.501,口腔粘膜纤维变性,099,KQNMXWBX,第11章 消化系统疾病 (K00-K93)
K13.601,腭增生症,099,EZSZ,第11章 消化系统疾病 (K00-K93)
K13.602,颊部炎性增生,099,JBYXZS,第11章 消化系统疾病 (K00-K93)
K13.603,口腔粘膜增生,099,KQNMZS,第11章 消化系统疾病 (K00-K93)
K13.604,腭部淋巴滤泡增生症,099,EBLBLPZSZ,第11章 消化系统疾病 (K00-K93)
K13.701,腭部疤痕组织,099,EBBHZZ,第11章 消化系统疾病 (K00-K93)
K13.702,腭粘膜息肉,099,ENMXR,第11章 消化系统疾病 (K00-K93)
K13.703,腭粘膜炎症,099,ENMYZ,第11章 消化系统疾病 (K00-K93)
K13.704,颊沟后天畸形,099,JGHTJX,第11章 消化系统疾病 (K00-K93)
K13.705,后天性小口畸形,099,HTXXKJX,第11章 消化系统疾病 (K00-K93)
K13.706,颊部炎性假瘤,099,JBYXJL,第11章 消化系统疾病 (K00-K93)
K13.707,颊部炎症,099,JBYZ,第11章 消化系统疾病 (K00-K93)
K13.708,颊粘膜脓肿,099,JNMNZ,第11章 消化系统疾病 (K00-K93)
K13.709,颊粘膜下慢性炎症,099,JNMXMXYZ,第11章 消化系统疾病 (K00-K93)
K13.710,口腔内血管增生,099,KQNXGZS,第11章 消化系统疾病 (K00-K93)
K13.711,口腔粘膜出血,099,KQNMCX,第11章 消化系统疾病 (K00-K93)
K13.712,口腔肿物,099,KQZW,第11章 消化系统疾病 (K00-K93)
K13.713,软腭肿瘤放疗后畸形,099,REZLFLHJX,第11章 消化系统疾病 (K00-K93)
K13.714,烧伤后小口畸形,099,SSHXKJX,第11章 消化系统疾病 (K00-K93)
K13.715,下颌前庭沟过浅,099,XHQTGGQ,第11章 消化系统疾病 (K00-K93)
K13.716,悬雍垂肥大,099,XYCFD,第11章 消化系统疾病 (K00-K93)
K13.717,悬雍垂息肉,099,XYCXR,第11章 消化系统疾病 (K00-K93)
K13.718,翼钩过长,099,YGGC,第11章 消化系统疾病 (K00-K93)
K13.720,口腔粘膜其他损害,099,KQNMQTSH,第11章 消化系统疾病 (K00-K93)
K13.721,口腔(包括舌)上皮增生,099,KQBKSSPZS,第11章 消化系统疾病 (K00-K93)
K13.722,口腔肉芽肿,099,KQRYZ,第11章 消化系统疾病 (K00-K93)
K13.723,软腭麻痹,099,REMB,第11章 消化系统疾病 (K00-K93)
K13.724,口腔息肉,099,KQXR,第11章 消化系统疾病 (K00-K93)
K13.725,口腔黑斑病,099,KQHBB,第11章 消化系统疾病 (K00-K93)
K13.726,颊部粉瘤(皮脂腺瘤),099,JBFLPZXL,第11章 消化系统疾病 (K00-K93)
K13.727,颊部血肿,099,JBXZ,第11章 消化系统疾病 (K00-K93)
K13.817,悬雍垂囊肿,099,XYCNZ,第11章 消化系统疾病 (K00-K93)
K14.001,舌溃疡,099,SKY,第11章 消化系统疾病 (K00-K93)
K14.002,舌脓肿,099,SNZ,第11章 消化系统疾病 (K00-K93)
K14.003,舌乳突炎,099,SRTY,第11章 消化系统疾病 (K00-K93)
K14.004,舌炎,099,SY,第11章 消化系统疾病 (K00-K93)
K14.005,舌炎性肿块,099,SYXZK,第11章 消化系统疾病 (K00-K93)
K14.101,地图舌,099,DTS,第11章 消化系统疾病 (K00-K93)
K14.102,移行性舌炎,099,YXXSY,第11章 消化系统疾病 (K00-K93)
K14.301,黑毛舌,099,HMS,第11章 消化系统疾病 (K00-K93)
K14.401,舌乳头萎缩,099,SRTWS,第11章 消化系统疾病 (K00-K93)
K14.402,萎缩性舌炎,099,WSXSY,第11章 消化系统疾病 (K00-K93)
K14.501,裂缝舌,099,LFS,第11章 消化系统疾病 (K00-K93)
K14.601,舌痛,099,ST,第11章 消化系统疾病 (K00-K93)
K14.801,舌出血,099,SCX,第11章 消化系统疾病 (K00-K93)
K14.802,舌肥大,099,SFD,第11章 消化系统疾病 (K00-K93)
K14.803,舌尖瘘管,099,SJLG,第11章 消化系统疾病 (K00-K93)
K14.804,舌良性过度角化症,099,SLXGDJHZ,第11章 消化系统疾病 (K00-K93)
K14.805,舌淋巴组织增生,099,SLBZZZS,第11章 消化系统疾病 (K00-K93)
K14.806,舌鳞状上皮增生,099,SLZSPZS,第11章 消化系统疾病 (K00-K93)
K14.807,舌囊肿,099,SNZ,第11章 消化系统疾病 (K00-K93)
K14.808,舌肉芽肿,099,SRYZ,第11章 消化系统疾病 (K00-K93)
K14.809,舌萎缩,099,SWS,第11章 消化系统疾病 (K00-K93)
K14.810,舌异物,099,SYW,第11章 消化系统疾病 (K00-K93)
K14.811,舌骨大角过长,099,SGDJGC,第11章 消化系统疾病 (K00-K93)
K14.812,舌甲瘘管,099,SJLG,第11章 消化系统疾病 (K00-K93)
K14.813,舌骨综合征,099,SGZHZ,第11章 消化系统疾病 (K00-K93)
K14.814,舌体肉芽组织,099,STRYZZ,第11章 消化系统疾病 (K00-K93)
K14.815,舌扁平苔癣,099,SBPTX,第11章 消化系统疾病 (K00-K93)
K14.816,舌的非损伤性缺损,099,SDFSSXQS,第11章 消化系统疾病 (K00-K93)
K14.818,舌叶乳头增生,099,SYRTZS,第11章 消化系统疾病 (K00-K93)
K14.819,舌淋巴组织增生样息肉,099,SLBZZZSYXR,第11章 消化系统疾病 (K00-K93)
K14.820,舌水肿,099,SSZ,第11章 消化系统疾病 (K00-K93)
K14.901,舌肿物,099,SZW,第11章 消化系统疾病 (K00-K93)
K20  01,贲门炎,098,BMY,第11章 消化系统疾病 (K00-K93)
K20  02,出血性食管炎,098,CXXSGY,第11章 消化系统疾病 (K00-K93)
K20  03,创伤性食管炎,098,CSXSGY,第11章 消化系统疾病 (K00-K93)
K20  04,化学性食管炎,098,HXXSGY,第11章 消化系统疾病 (K00-K93)
K20  05,慢性食管炎,098,MXSGY,第11章 消化系统疾病 (K00-K93)
K20  06,食管炎,098,SGY,第11章 消化系统疾病 (K00-K93)
K20  07,手术后食管炎,098,SSHSGY,第11章 消化系统疾病 (K00-K93)
K20  08,食道脓肿,098,SDNZ,第11章 消化系统疾病 (K00-K93)
K20.002,剥脱性食管炎,098,BTXSGY,第11章 消化系统疾病 (K00-K93)
K21.001,反流性食管炎,098,FLXSGY,第11章 消化系统疾病 (K00-K93)
K21.002,胃食道返流,098,WSDFL,第11章 消化系统疾病 (K00-K93)
K21.901,贲门松驰,098,BMSC,第11章 消化系统疾病 (K00-K93)
K21.902,食管返流,098,SGFL,第11章 消化系统疾病 (K00-K93)
K22.001,贲门失弛缓(贲门痉挛),098,BMSCHBMJL,第11章 消化系统疾病 (K00-K93)
K22.101,贲门口糜烂,098,BMKML,第11章 消化系统疾病 (K00-K93)
K22.102,贲门溃疡,098,BMKY,第11章 消化系统疾病 (K00-K93)
K22.103,糜烂性食道炎,098,MLXSDY,第11章 消化系统疾病 (K00-K93)
K22.104,食管溃疡,098,SGKY,第11章 消化系统疾病 (K00-K93)
K22.105,食管糜烂,098,SGML,第11章 消化系统疾病 (K00-K93)
K22.106,贲门息肉,098,BMXR,第11章 消化系统疾病 (K00-K93)
K22.201,贲门梗阻,098,BMGZ,第11章 消化系统疾病 (K00-K93)
K22.202,创伤性食管狭窄,098,CSXSGXZ,第11章 消化系统疾病 (K00-K93)
K22.203,后天性食管狭窄,098,HTXSGXZ,第11章 消化系统疾病 (K00-K93)
K22.204,食管梗阻,098,SGGZ,第11章 消化系统疾病 (K00-K93)
K22.205,食管受压,098,SGSY,第11章 消化系统疾病 (K00-K93)
K22.206,食管狭窄,098,SGXZ,第11章 消化系统疾病 (K00-K93)
K22.207,手术后食道狭窄,098,SSHSDXZ,第11章 消化系统疾病 (K00-K93)
K22.301,食管穿孔,098,SGCK,第11章 消化系统疾病 (K00-K93)
K22.302,食道破裂,098,SDPL,第11章 消化系统疾病 (K00-K93)
K22.401,食管运动障碍,098,SGYDZA,第11章 消化系统疾病 (K00-K93)
K22.402,弥漫性食管痉挛,098,MMXSGJL,第11章 消化系统疾病 (K00-K93)
K22.501,后天性食管憩室,098,HTXSGQS,第11章 消化系统疾病 (K00-K93)
K22.502,食管憩室,098,SGQS,第11章 消化系统疾病 (K00-K93)
K22.503,食道假性憩室,098,SDJXQS,第11章 消化系统疾病 (K00-K93)
K22.601,贲门撕裂症,098,BMSLZ,第11章 消化系统疾病 (K00-K93)
K22.602,马洛里-韦斯氏综合征(食管贲门粘膜裂伤),098,MLLWSSZHZSGBMNMLS,第11章 消化系统疾病 (K00-K93)
K22.801,食管肠上皮化生,098,SGCSPHS,第11章 消化系统疾病 (K00-K93)
K22.802,食管出血,098,SGCX,第11章 消化系统疾病 (K00-K93)
K22.803,食管肌性肥厚,098,SGJXFH,第11章 消化系统疾病 (K00-K93)
K22.804,食管克隆氏病,098,SGKLSB,第11章 消化系统疾病 (K00-K93)
K22.805,食管扩张,098,SGKZ,第11章 消化系统疾病 (K00-K93)
K22.806,食管瘘,098,SGL,第11章 消化系统疾病 (K00-K93)
K22.807,食管囊肿,098,SGNZ,第11章 消化系统疾病 (K00-K93)
K22.808,食管息肉,098,SGXR,第11章 消化系统疾病 (K00-K93)
K22.809,食管粘膜不典型增生,098,SGNMBDXZS,第11章 消化系统疾病 (K00-K93)
K22.810,手术后食管瘘,098,SSHSGL,第11章 消化系统疾病 (K00-K93)
K22.811,食管周围脓肿,098,SGZWNZ,第11章 消化系统疾病 (K00-K93)
K22.812,食道纵膈瘘,098,SDZGL,第11章 消化系统疾病 (K00-K93)
K22.813,食管降主A瘘,098,SGJZL,第11章 消化系统疾病 (K00-K93)
K22.814,食管隆起性病变,098,SGLQXBB,第11章 消化系统疾病 (K00-K93)
K22.815,食管鳞状上皮增生,098,SGLZSPZS,第11章 消化系统疾病 (K00-K93)
K22.816,壶腹部狭窄,098,HFBXZ,第11章 消化系统疾病 (K00-K93)
K22.817,食管糖原棘皮症,098,SGTYJPZ,第11章 消化系统疾病 (K00-K93)
K22.901,食道功能不全,098,SDGNBQ,第11章 消化系统疾病 (K00-K93)
K22.902,食管肿物,098,SGZW,第11章 消化系统疾病 (K00-K93)
K25.001,急性胃溃疡伴出血,101,JXWKYBCX,第11章 消化系统疾病 (K00-K93)
K25.002,急性胃粘膜病变伴出血,101,JXWNMBBBCX,第11章 消化系统疾病 (K00-K93)
K25.101,急性胃溃疡伴穿孔,101,JXWKYBCK,第11章 消化系统疾病 (K00-K93)
K25.201,急性胃溃疡伴出血和穿孔,101,JXWKYBCXHCK,第11章 消化系统疾病 (K00-K93)
K25.301,急性胃溃疡,101,JXWKY,第11章 消化系统疾病 (K00-K93)
K25.401,胃溃疡伴出血,101,WKYBCX,第11章 消化系统疾病 (K00-K93)
K25.402,幽门溃疡伴出血,101,YMKYBCX,第11章 消化系统疾病 (K00-K93)
K25.501,胃溃疡伴穿孔,101,WKYBCK,第11章 消化系统疾病 (K00-K93)
K25.502,幽门穿孔,101,YMCK,第11章 消化系统疾病 (K00-K93)
K25.701,慢性胃溃疡,101,MXWKY,第11章 消化系统疾病 (K00-K93)
K25.901,残胃溃疡,101,CWKY,第11章 消化系统疾病 (K00-K93)
K25.902,急性糜烂性胃炎,101,JXMLXWY,第11章 消化系统疾病 (K00-K93)
K25.903,胃溃疡,101,WKY,第11章 消化系统疾病 (K00-K93)
K25.904,胃溃疡型假性淋巴瘤,101,WKYXJXLBL,第11章 消化系统疾病 (K00-K93)
K25.905,幽门管溃疡,101,YMGKY,第11章 消化系统疾病 (K00-K93)
K25.906,应激性胃溃疡,101,YJXWKY,第11章 消化系统疾病 (K00-K93)
K25.907,糜烂胃,101,MLW,第11章 消化系统疾病 (K00-K93)
K26.001,急性十二指肠溃疡伴出血,101,JXSEZCKYBCX,第11章 消化系统疾病 (K00-K93)
K26.002,急性十二指肠球部溃疡并出血,101,JXSEZCQBKYBCX,第11章 消化系统疾病 (K00-K93)
K26.101,急性十二指肠溃疡伴穿孔,101,JXSEZCKYBCK,第11章 消化系统疾病 (K00-K93)
K26.201,急性十二指肠溃疡伴出血和穿孔,101,JXSEZCKYBCXHCK,第11章 消化系统疾病 (K00-K93)
K26.301,急性十二指肠溃疡,101,JXSEZCKY,第11章 消化系统疾病 (K00-K93)
K26.401,十二指肠球部溃疡伴出血,101,SEZCQBKYBCX,第11章 消化系统疾病 (K00-K93)
K26.402,十二指肠溃疡伴出血,101,SEZCKYBCX,第11章 消化系统疾病 (K00-K93)
K26.403,十二指肠糜烂出血,101,SEZCMLCX,第11章 消化系统疾病 (K00-K93)
K26.501,十二指肠溃疡伴穿孔,101,SEZCKYBCK,第11章 消化系统疾病 (K00-K93)
K26.502,十二指肠球部溃疡伴穿孔,101,SEZCQBKYBCK,第11章 消化系统疾病 (K00-K93)
K26.601,十二指肠溃疡伴穿孔和出血,101,SEZCKYBCKHCX,第11章 消化系统疾病 (K00-K93)
K26.701,慢性十二指肠溃疡,101,MXSEZCKY,第11章 消化系统疾病 (K00-K93)
K26.702,慢性十二指肠球部溃疡,101,MXSEZCQBKY,第11章 消化系统疾病 (K00-K93)
K26.901,十二指肠溃疡,101,SEZCKY,第11章 消化系统疾病 (K00-K93)
K26.902,十二指肠球部溃疡,101,SEZCQBKY,第11章 消化系统疾病 (K00-K93)
K27.101,上消化道穿孔,101,SXHDCK,第11章 消化系统疾病 (K00-K93)
K27.102,消化性溃疡伴急性穿孔,101,XHXKYBJXCK,第11章 消化系统疾病 (K00-K93)
K27.401,多发性溃疡伴出血,101,DFXKYBCX,第11章 消化系统疾病 (K00-K93)
K27.402,胃十二指肠溃疡伴出血,101,WSEZCKYBCX,第11章 消化系统疾病 (K00-K93)
K27.403,应激性溃疡伴出血,101,YJXKYBCX,第11章 消化系统疾病 (K00-K93)
K27.404,应激性消化道出血,101,YJXXHDCX,第11章 消化系统疾病 (K00-K93)
K27.501,溃疡病穿孔,101,KYBCK,第11章 消化系统疾病 (K00-K93)
K27.502,胃十二指肠溃疡伴穿孔,101,WSEZCKYBCK,第11章 消化系统疾病 (K00-K93)
K27.503,消化道穿孔,101,XHDCK,第11章 消化系统疾病 (K00-K93)
K27.504,应激性溃疡伴穿孔,101,YJXKYBCK,第11章 消化系统疾病 (K00-K93)
K27.901,多发性复合性溃疡病,101,DFXFHXKYB,第11章 消化系统疾病 (K00-K93)
K27.902,复合性溃疡,101,FHXKY,第11章 消化系统疾病 (K00-K93)
K27.903,胃十二指肠溃疡,101,WSEZCKY,第11章 消化系统疾病 (K00-K93)
K27.904,消化性溃疡,101,XHXKY,第11章 消化系统疾病 (K00-K93)
K27.905,应激性溃疡,101,YJXKY,第11章 消化系统疾病 (K00-K93)
K28.401,胃肠吻合口溃疡出血,098,WCWHKKYCX,第11章 消化系统疾病 (K00-K93)
K28.402,空肠溃疡伴出血,098,KCKYBCX,第11章 消化系统疾病 (K00-K93)
K28.501,胃肠吻合口溃疡穿孔,098,WCWHKKYCK,第11章 消化系统疾病 (K00-K93)
K28.502,吻合口穿孔,098,WHKCK,第11章 消化系统疾病 (K00-K93)
K28.701,慢性胃吻合口炎,098,MXWWHKY,第11章 消化系统疾病 (K00-K93)
K28.901,食管空肠吻合口炎,098,SGKCWHKY,第11章 消化系统疾病 (K00-K93)
K28.902,胃肠吻合口溃疡,098,WCWHKKY,第11章 消化系统疾病 (K00-K93)
K28.903,空肠溃疡,098,KCKY,第11章 消化系统疾病 (K00-K93)
K28.904,空肠炎性病变,098,KCYXBB,第11章 消化系统疾病 (K00-K93)
K29.001,急性出血性胃炎,098,JXCXXWY,第11章 消化系统疾病 (K00-K93)
K29.101,急性胃炎,098,JXWY,第11章 消化系统疾病 (K00-K93)
K29.301,慢性红斑性胃(窦)炎,098,MXHBXWDY,第11章 消化系统疾病 (K00-K93)
K29.302,慢性浅表性胃窦炎,098,MXQBXWDY,第11章 消化系统疾病 (K00-K93)
K29.303,慢性浅表性胃炎,098,MXQBXWY,第11章 消化系统疾病 (K00-K93)
K29.304,慢性浅表性疣状胃炎,098,MXQBXYZWY,第11章 消化系统疾病 (K00-K93)
K29.305,浅表性胃炎,098,QBXWY,第11章 消化系统疾病 (K00-K93)
K29.401,慢性萎缩性胃炎,098,MXWSXWY,第11章 消化系统疾病 (K00-K93)
K29.402,萎缩性胃炎,098,WSXWY,第11章 消化系统疾病 (K00-K93)
K29.501,慢性胃窦炎,098,MXWDY,第11章 消化系统疾病 (K00-K93)
K29.502,慢性胃炎,098,MXWY,第11章 消化系统疾病 (K00-K93)
K29.503,充血性胃窦炎,098,CXXWDY,第11章 消化系统疾病 (K00-K93)
K29.601,肥厚性胃炎,098,FHXWY,第11章 消化系统疾病 (K00-K93)
K29.602,门内特里尔氏病(胃巨皱襞症),098,MNTLESBWJZBZ,第11章 消化系统疾病 (K00-K93)
K29.603,糜烂性胃炎,098,MLXWY,第11章 消化系统疾病 (K00-K93)
K29.604,胃粘膜肥厚,098,WNMFH,第11章 消化系统疾病 (K00-K93)
K29.605,药物性胃炎,098,YWXWY,第11章 消化系统疾病 (K00-K93)
K29.606,胃粘膜肥厚性胃炎,098,WNMFHXWY,第11章 消化系统疾病 (K00-K93)
K29.701,反流性胃炎,098,FLXWY,第11章 消化系统疾病 (K00-K93)
K29.702,胃窦炎,098,WDY,第11章 消化系统疾病 (K00-K93)
K29.703,胃炎,098,WY,第11章 消化系统疾病 (K00-K93)
K29.704,胃炎性假瘤,098,WYXJL,第11章 消化系统疾病 (K00-K93)
K29.705,应激性胃炎,098,YJXWY,第11章 消化系统疾病 (K00-K93)
K29.706,幽门炎,098,YMY,第11章 消化系统疾病 (K00-K93)
K29.707,疣状胃(胃窦)炎,098,YZWWDY,第11章 消化系统疾病 (K00-K93)
K29.708,胃脓肿,098,WNZ,第11章 消化系统疾病 (K00-K93)
K29.801,十二指肠球炎,098,SEZCQY,第11章 消化系统疾病 (K00-K93)
K29.802,十二指肠炎,098,SEZCY,第11章 消化系统疾病 (K00-K93)
K29.803,十二指肠糜烂,098,SEZCML,第11章 消化系统疾病 (K00-K93)
K29.901,胃十二指肠炎,098,WSEZCY,第11章 消化系统疾病 (K00-K93)
K30  01,肠消化不良,098,CXHBL,第11章 消化系统疾病 (K00-K93)
K30  02,消化不良,098,XHBL,第11章 消化系统疾病 (K00-K93)
K31.001,急性胃扩张,098,JXWKZ,第11章 消化系统疾病 (K00-K93)
K31.002,手术后急性胃扩张,098,SSHJXWKZ,第11章 消化系统疾病 (K00-K93)
K31.101,幽门肥大,098,YMFD,第11章 消化系统疾病 (K00-K93)
K31.102,幽门梗阻,098,YMGZ,第11章 消化系统疾病 (K00-K93)
K31.103,幽门梗阻(成人),098,YMGZCR,第11章 消化系统疾病 (K00-K93)
K31.104,幽门狭窄,098,YMXZ,第11章 消化系统疾病 (K00-K93)
K31.301,幽门痉挛,098,YMJL,第11章 消化系统疾病 (K00-K93)
K31.401,胃憩室,098,WQS,第11章 消化系统疾病 (K00-K93)
K31.501,十二指肠梗阻,098,SEZCGZ,第11章 消化系统疾病 (K00-K93)
K31.502,十二指肠受压,098,SEZCSY,第11章 消化系统疾病 (K00-K93)
K31.503,十二指肠淤积,098,SEZCYJ,第11章 消化系统疾病 (K00-K93)
K31.504,十二指肠狭窄,098,SEZCXZ,第11章 消化系统疾病 (K00-K93)
K31.601,十二指肠瘘,098,SEZCL,第11章 消化系统疾病 (K00-K93)
K31.602,手术后食管胃瘘,098,SSHSGWL,第11章 消化系统疾病 (K00-K93)
K31.603,手术后胃大肠瘘,098,SSHWDCL,第11章 消化系统疾病 (K00-K93)
K31.604,手术后胃瘘,098,SSHWL,第11章 消化系统疾病 (K00-K93)
K31.605,手术后胃小肠瘘,098,SSHWXCL,第11章 消化系统疾病 (K00-K93)
K31.606,胃空肠结肠瘘,098,WKCJCL,第11章 消化系统疾病 (K00-K93)
K31.607,十二指肠结肠瘘,098,SEZCJCL,第11章 消化系统疾病 (K00-K93)
K31.701,胃息肉,098,WXR,第11章 消化系统疾病 (K00-K93)
K31.801,低张力胃,098,DZLW,第11章 消化系统疾病 (K00-K93)
K31.802,葫芦状胃(沙漏状胃痉挛),098,HLZWSLZWJL,第11章 消化系统疾病 (K00-K93)
K31.803,急性胃粘膜病变,098,JXWNMBB,第11章 消化系统疾病 (K00-K93)
K31.804,上消化道梗阻,098,SXHDGZ,第11章 消化系统疾病 (K00-K93)
K31.805,十二指肠白点征,098,SEZCBDZ,第11章 消化系统疾病 (K00-K93)
K31.806,十二指肠球变形,098,SEZCQBX,第11章 消化系统疾病 (K00-K93)
K31.807,十二指肠球部息肉,098,SEZCQBXR,第11章 消化系统疾病 (K00-K93)
K31.808,十二指肠息肉,098,SEZCXR,第11章 消化系统疾病 (K00-K93)
K31.809,胃肠粘膜病变,098,WCNMBB,第11章 消化系统疾病 (K00-K93)
K31.810,胃黄色斑,098,WHSB,第11章 消化系统疾病 (K00-K93)
K31.811,胃假性淋巴瘤,098,WJXLBL,第11章 消化系统疾病 (K00-K93)
K31.812,胃结石,098,WJS,第11章 消化系统疾病 (K00-K93)
K31.813,胃痉挛,098,WJL,第11章 消化系统疾病 (K00-K93)
K31.814,胃麻痹,098,WMB,第11章 消化系统疾病 (K00-K93)
K31.815,胃囊肿,098,WNZ,第11章 消化系统疾病 (K00-K93)
K31.816,胃扭转,098,WNZ,第11章 消化系统疾病 (K00-K93)
K31.817,胃排空梗阻,098,WPKGZ,第11章 消化系统疾病 (K00-K93)
K31.818,胃破裂,098,WPL,第11章 消化系统疾病 (K00-K93)
K31.819,胃酸分泌过多,098,WSFMGD,第11章 消化系统疾病 (K00-K93)
K31.820,胃酸缺乏,098,WSQF,第11章 消化系统疾病 (K00-K93)
K31.821,胃下垂,098,WXC,第11章 消化系统疾病 (K00-K93)
K31.822,胃腺体增生,098,WXTZS,第11章 消化系统疾病 (K00-K93)
K31.823,胃粘膜病变,098,WNMBB,第11章 消化系统疾病 (K00-K93)
K31.824,胃粘膜脱垂,098,WNMTC,第11章 消化系统疾病 (K00-K93)
K31.825,胃皱襞,098,WZB,第11章 消化系统疾病 (K00-K93)
K31.826,胃潴留,098,WZL,第11章 消化系统疾病 (K00-K93)
K31.827,腐蚀后胃萎缩,098,FSHWWS,第11章 消化系统疾病 (K00-K93)
K31.828,十二指肠压迹,098,SEZCYJ,第11章 消化系统疾病 (K00-K93)
K31.829,十二指肠腺瘤样增生,098,SEZCXLYZS,第11章 消化系统疾病 (K00-K93)
K31.830,十二指肠粘连,098,SEZCNL,第11章 消化系统疾病 (K00-K93)
K31.831,胃腺体不典型增生,098,WXTBDXZS,第11章 消化系统疾病 (K00-K93)
K31.832,胃浆细胞肉芽肿,098,WJXBRYZ,第11章 消化系统疾病 (K00-K93)
K31.833,急性胃粘膜出血,098,JXWNMCX,第11章 消化系统疾病 (K00-K93)
K31.834,十二指肠石症,098,SEZCSZ,第11章 消化系统疾病 (K00-K93)
K31.835,十二指肠隆起性病变,098,SEZCLQXBB,第11章 消化系统疾病 (K00-K93)
K31.901,十二指肠肿物,098,SEZCZW,第11章 消化系统疾病 (K00-K93)
K31.902,胃占位性病变,098,WZWXBB,第11章 消化系统疾病 (K00-K93)
K31.903,胃隆起性病变,098,WLQXBB,第11章 消化系统疾病 (K00-K93)
K35.001,急性化脓性阑尾炎伴穿孔,102,JXHNXLWYBCK,第11章 消化系统疾病 (K00-K93)
K35.002,急性阑尾炎伴穿孔,102,JXLWYBCK,第11章 消化系统疾病 (K00-K93)
K35.003,急性阑尾炎伴腹膜炎,102,JXLWYBFMY,第11章 消化系统疾病 (K00-K93)
K35.004,阑尾破裂,102,LWPL,第11章 消化系统疾病 (K00-K93)
K35.005,阑尾穿孔,102,LWCK,第11章 消化系统疾病 (K00-K93)
K35.101,急性化脓性阑尾炎,102,JXHNXLWY,第11章 消化系统疾病 (K00-K93)
K35.102,急性化脓性阑尾炎伴阑尾周围炎,102,JXHNXLWYBLWZWY,第11章 消化系统疾病 (K00-K93)
K35.103,急性化脓性阑尾炎伴周围脓肿,102,JXHNXLWYBZWNZ,第11章 消化系统疾病 (K00-K93)
K35.104,急性阑尾炎伴腹膜脓肿,102,JXLWYBFMNZ,第11章 消化系统疾病 (K00-K93)
K35.105,阑尾脓肿,102,LWNZ,第11章 消化系统疾病 (K00-K93)
K35.106,阑尾炎伴脓肿,102,LWYBNZ,第11章 消化系统疾病 (K00-K93)
K35.107,阑尾周围脓肿,102,LWZWNZ,第11章 消化系统疾病 (K00-K93)
K35.108,盲肠脓肿,102,MCNZ,第11章 消化系统疾病 (K00-K93)
K35.901,急性坏疽性阑尾炎,102,JXHJXLWY,第11章 消化系统疾病 (K00-K93)
K35.902,急性阑尾炎,102,JXLWY,第11章 消化系统疾病 (K00-K93)
K35.903,急性阑尾炎及阑尾周围炎,102,JXLWYJLWZWY,第11章 消化系统疾病 (K00-K93)
K35.904,急性蜂窝织炎性阑尾炎,102,JXFWZYXLWY,第11章 消化系统疾病 (K00-K93)
K35.905,阑尾残株炎,102,LWCZY,第11章 消化系统疾病 (K00-K93)
K36  01,复发性阑尾炎,102,FFXLWY,第11章 消化系统疾病 (K00-K93)
K36  02,慢性阑尾炎,102,MXLWY,第11章 消化系统疾病 (K00-K93)
K36  03,亚急性阑尾炎,102,YJXLWY,第11章 消化系统疾病 (K00-K93)
K37  01,阑尾炎,102,LWY,第11章 消化系统疾病 (K00-K93)
K37  02,阑尾周围炎,102,LWZWY,第11章 消化系统疾病 (K00-K93)
K37  03,盲肠炎,102,MCY,第11章 消化系统疾病 (K00-K93)
K38.101,阑尾结石,102,LWJS,第11章 消化系统疾病 (K00-K93)
K38.301,阑尾瘘,102,LWL,第11章 消化系统疾病 (K00-K93)
K38.801,闭锁性阑尾,102,BSXLW,第11章 消化系统疾病 (K00-K93)
K38.802,阑尾囊肿,102,LWNZ,第11章 消化系统疾病 (K00-K93)
K38.803,回盲部病变,102,HMBBB,第11章 消化系统疾病 (K00-K93)
K40.301,绞窄性腹股沟疝,104,JZXFGGS,第11章 消化系统疾病 (K00-K93)
K40.302,难复性腹股沟疝,104,NFXFGGS,第11章 消化系统疾病 (K00-K93)
K40.303,嵌顿性腹股沟疝,104,QDXFGGS,第11章 消化系统疾病 (K00-K93)
K40.304,嵌顿性腹股沟疝伴梗阻,104,QDXFGGSBGZ,第11章 消化系统疾病 (K00-K93)
K40.901,腹股沟环松弛,104,FGGHSC,第11章 消化系统疾病 (K00-K93)
K40.902,腹股沟疝,104,FGGS,第11章 消化系统疾病 (K00-K93)
K40.903,腹股沟斜疝,104,FGGXS,第11章 消化系统疾病 (K00-K93)
K40.904,腹股沟直疝,104,FGGZS,第11章 消化系统疾病 (K00-K93)
K41.301,股嵌顿疝,103,GQDS,第11章 消化系统疾病 (K00-K93)
K41.302,绞窄性股疝,103,JZXGS,第11章 消化系统疾病 (K00-K93)
K41.901,股疝,103,GS,第11章 消化系统疾病 (K00-K93)
K42.001,脐疝伴梗阻,103,QSBGZ,第11章 消化系统疾病 (K00-K93)
K42.901,脐旁疝,103,QPS,第11章 消化系统疾病 (K00-K93)
K42.902,脐疝,103,QS,第11章 消化系统疾病 (K00-K93)
K43.001,腹嵌顿疝,103,FQDS,第11章 消化系统疾病 (K00-K93)
K43.002,腹疝(切口疝)并梗阻,103,FSQKSBGZ,第11章 消化系统疾病 (K00-K93)
K43.901,腹白线疝,103,FBXS,第11章 消化系统疾病 (K00-K93)
K43.902,腹壁疝(切口疝),103,FBSQKS,第11章 消化系统疾病 (K00-K93)
K43.903,腹疝,103,FS,第11章 消化系统疾病 (K00-K93)
K44.901,膈疝,103,GS,第11章 消化系统疾病 (K00-K93)
K44.902,食道裂孔疝,103,SDLKS,第11章 消化系统疾病 (K00-K93)
K45.801,闭孔疝,103,BKS,第11章 消化系统疾病 (K00-K93)
K45.802,腰肌疝,103,YJS,第11章 消化系统疾病 (K00-K93)
K45.803,腰疝,103,YS,第11章 消化系统疾病 (K00-K93)
K46.001,绞窄性小肠疝,103,JZXXCS,第11章 消化系统疾病 (K00-K93)
K46.002,腹内疝伴肠梗阻,103,FNSBCGZ,第11章 消化系统疾病 (K00-K93)
K46.901,肠系膜裂孔疝,103,CXMLKS,第11章 消化系统疾病 (K00-K93)
K46.902,腹内疝,103,FNS,第11章 消化系统疾病 (K00-K93)
K46.903,输入袢内疝,103,SRPNS,第11章 消化系统疾病 (K00-K93)
K46.904,网膜裂孔疝,103,WMLKS,第11章 消化系统疾病 (K00-K93)
K46.905,小肠疝,103,XCS,第11章 消化系统疾病 (K00-K93)
K50.001,末端性回肠炎,098,MDXHCY,第11章 消化系统疾病 (K00-K93)
K50.002,小肠节段性肠炎(小肠克隆氏病),098,XCJDXCYXCKLSB,第11章 消化系统疾病 (K00-K93)
K50.101,大肠克隆氏病(大肠节段性肠炎),098,DCKLSBDCJDXCY,第11章 消化系统疾病 (K00-K93)
K50.102,结肠克隆氏病(结肠节段性肠炎),098,JCKLSBJCJDXCY,第11章 消化系统疾病 (K00-K93)
K50.103,肉芽肿性结肠炎,098,RYZXJCY,第11章 消化系统疾病 (K00-K93)
K50.104,直肠节段性肠炎(直肠克隆氏病),098,ZCJDXCYZCKLSB,第11章 消化系统疾病 (K00-K93)
K50.901,节段性肠炎(克隆氏病),098,JDXCYKLSB,第11章 消化系统疾病 (K00-K93)
K50.902+ M07.401*,节段性肠炎性关节病,098,JDXCYXGJB,第11章 消化系统疾病 (K00-K93)
K51.301,慢性直肠乙状结肠炎,098,MXZCYZJCY,第11章 消化系统疾病 (K00-K93)
K51.401,结肠假息肉病,098,JCJXRB,第11章 消化系统疾病 (K00-K93)
K51.901,溃疡性肠炎,098,KYXCY,第11章 消化系统疾病 (K00-K93)
K51.902,溃疡性结肠炎,098,KYXJCY,第11章 消化系统疾病 (K00-K93)
K51.903+ M07.501*,溃疡性结肠炎性关节病,098,KYXJCYXGJB,第11章 消化系统疾病 (K00-K93)
K51.904,溃疡性回肠炎,098,KYXHCY,第11章 消化系统疾病 (K00-K93)
K51.905,慢性溃疡性结肠炎,098,MXKYXJCY,第11章 消化系统疾病 (K00-K93)
K52.001,放射性肠炎,098,FSXCY,第11章 消化系统疾病 (K00-K93)
K52.101,中毒性腹泻,098,ZDXFX,第11章 消化系统疾病 (K00-K93)
K52.106,中毒性肠炎,098,ZDXCY,第11章 消化系统疾病 (K00-K93)
K52.201,过敏性肠炎,098,GMXCY,第11章 消化系统疾病 (K00-K93)
K52.202,过敏性腹泻,098,GMXFX,第11章 消化系统疾病 (K00-K93)
K52.203,过敏性结肠炎,098,GMXJCY,第11章 消化系统疾病 (K00-K93)
K52.204,胃肠道过敏症,098,WCDGMZ,第11章 消化系统疾病 (K00-K93)
K52.205,饮食性腹泻,098,YSXFX,第11章 消化系统疾病 (K00-K93)
K52.801,嗜酸粒细胞性胃肠炎,098,SSLXBXWCY,第11章 消化系统疾病 (K00-K93)
K52.802,药物相关性肠炎,098,YWXGXCY,第11章 消化系统疾病 (K00-K93)
K52.803,胰源性腹泻,098,YYXFX,第11章 消化系统疾病 (K00-K93)
K52.804,药物相关性胃病,098,YWXGXWB,第11章 消化系统疾病 (K00-K93)
K52.901,肠炎,098,CY,第11章 消化系统疾病 (K00-K93)
K52.902,出血性结肠炎,098,CXXJCY,第11章 消化系统疾病 (K00-K93)
K52.903,非感染性腹泻,098,FGRXFX,第11章 消化系统疾病 (K00-K93)
K52.904,腹泻,098,FX,第11章 消化系统疾病 (K00-K93)
K52.905,急性肠炎,098,JXCY,第11章 消化系统疾病 (K00-K93)
K52.906,急性出血性肠炎,098,JXCXXCY,第11章 消化系统疾病 (K00-K93)
K52.907,急性结肠炎,098,JXJCY,第11章 消化系统疾病 (K00-K93)
K52.908,急性胃肠炎,098,JXWCY,第11章 消化系统疾病 (K00-K93)
K52.909,结肠炎,098,JCY,第11章 消化系统疾病 (K00-K93)
K52.910,流行性肠炎,098,LXXCY,第11章 消化系统疾病 (K00-K93)
K52.911,慢性肠炎,098,MXCY,第11章 消化系统疾病 (K00-K93)
K52.912,慢性腹泻,098,MXFX,第11章 消化系统疾病 (K00-K93)
K52.913,慢性结肠炎,098,MXJCY,第11章 消化系统疾病 (K00-K93)
K52.914,慢性胃肠炎,098,MXWCY,第11章 消化系统疾病 (K00-K93)
K52.915,脓毒性肠炎,098,NDXCY,第11章 消化系统疾病 (K00-K93)
K52.916,秋季腹泻,098,QJFX,第11章 消化系统疾病 (K00-K93)
K52.917,伪膜性肠炎,098,WMXCY,第11章 消化系统疾病 (K00-K93)
K52.918,胃肠炎,098,WCY,第11章 消化系统疾病 (K00-K93)
K52.919,小儿肠炎,098,XECY,第11章 消化系统疾病 (K00-K93)
K52.920,乙状结肠炎,098,YZJCY,第11章 消化系统疾病 (K00-K93)
K52.921,婴儿肠炎,098,YECY,第11章 消化系统疾病 (K00-K93)
K52.922,婴儿腹泻,098,YEFX,第11章 消化系统疾病 (K00-K93)
K52.923,幼儿腹泻(夏季腹泻),098,YEFXXJFX,第11章 消化系统疾病 (K00-K93)
K52.925,应激性肠炎,098,YJXCY,第11章 消化系统疾病 (K00-K93)
K52.926,放射性结肠炎,098,FSXJCY,第11章 消化系统疾病 (K00-K93)
K52.927,回盲部炎性假瘤,098,HMBYXJL,第11章 消化系统疾病 (K00-K93)
K52.928,自限性肠炎,098,ZXXCY,第11章 消化系统疾病 (K00-K93)
K55.001,肠坏疽,098,CHJ,第11章 消化系统疾病 (K00-K93)
K55.002,肠坏死,098,CHS,第11章 消化系统疾病 (K00-K93)
K55.003,肠系膜动脉栓塞,098,CXMDMSS,第11章 消化系统疾病 (K00-K93)
K55.004,肠系膜动脉栓塞伴肠坏死,098,CXMDMSSBCHS,第11章 消化系统疾病 (K00-K93)
K55.005,肠系膜动脉狭窄,098,CXMDMXZ,第11章 消化系统疾病 (K00-K93)
K55.006,肠系膜坏疽,098,CXMHJ,第11章 消化系统疾病 (K00-K93)
K55.007,肠系膜静脉血栓形成,098,CXMJMXSXC,第11章 消化系统疾病 (K00-K93)
K55.008,肠系膜静脉血栓形成伴肠坏死,098,CXMJMXSXCBCHS,第11章 消化系统疾病 (K00-K93)
K55.009,出血性肠梗塞,098,CXXCGS,第11章 消化系统疾病 (K00-K93)
K55.010,急性出血性(坏死性)小肠结肠炎,098,JXCXXHSXXCJCY,第11章 消化系统疾病 (K00-K93)
K55.011,急性肠坏死,098,JXCHS,第11章 消化系统疾病 (K00-K93)
K55.012,梗阻性肠坏死,098,GZXCHS,第11章 消化系统疾病 (K00-K93)
K55.013,肠系膜上动脉动脉瘤,098,CXMSDMDML,第11章 消化系统疾病 (K00-K93)
K55.014,肠系膜上动脉血栓形成,098,CXMSDMXSXC,第11章 消化系统疾病 (K00-K93)
K55.101,肠道慢性缺血性综合征,098,CDMXQXXZHZ,第11章 消化系统疾病 (K00-K93)
K55.102,肠系膜动脉供血不足,098,CXMDMGXBZ,第11章 消化系统疾病 (K00-K93)
K55.103,肠系膜动脉硬化,098,CXMDMYH,第11章 消化系统疾病 (K00-K93)
K55.104,肠系膜上动脉综合征,098,CXMSDMZHZ,第11章 消化系统疾病 (K00-K93)
K55.801,肠系膜动脉炎,098,CXMDMY,第11章 消化系统疾病 (K00-K93)
K55.802,结肠血管扩张,098,JCXGKZ,第11章 消化系统疾病 (K00-K93)
K55.803,十二指肠动脉破裂,098,SEZCDMPL,第11章 消化系统疾病 (K00-K93)
K55.804,十二指肠动脉压迫综合征,098,SEZCDMYPZHZ,第11章 消化系统疾病 (K00-K93)
K55.805,小肠毛细血管扩张,098,XCMXXGKZ,第11章 消化系统疾病 (K00-K93)
K55.901,局限性缺血性肠病,098,JXXQXXCB,第11章 消化系统疾病 (K00-K93)
K55.902,缺血性肠炎,098,QXXCY,第11章 消化系统疾病 (K00-K93)
K56.001,肠麻痹,105,CMB,第11章 消化系统疾病 (K00-K93)
K56.002,麻痹性肠梗阻,105,MBXCGZ,第11章 消化系统疾病 (K00-K93)
K56.101,肠套叠,105,CTD,第11章 消化系统疾病 (K00-K93)
K56.201,肠绞窄,105,CJZ,第11章 消化系统疾病 (K00-K93)
K56.202,肠扭转,105,CNZ,第11章 消化系统疾病 (K00-K93)
K56.203,绞窄性肠梗阻,105,JZXCGZ,第11章 消化系统疾病 (K00-K93)
K56.401,肠粪嵌塞,105,CFQS,第11章 消化系统疾病 (K00-K93)
K56.402,肠结石,105,CJS,第11章 消化系统疾病 (K00-K93)
K56.501,肠梗阻伴粘连,105,CGZBNL,第11章 消化系统疾病 (K00-K93)
K56.502,肠粘连性狭窄,105,CNLXXZ,第11章 消化系统疾病 (K00-K93)
K56.503,粘连性肠梗阻,105,NLXCGZ,第11章 消化系统疾病 (K00-K93)
K56.601,肠绞窄坏死,105,CJZHS,第11章 消化系统疾病 (K00-K93)
K56.602,肠狭窄,105,CXZ,第11章 消化系统疾病 (K00-K93)
K56.603,机械性肠梗阻,105,JXXCGZ,第11章 消化系统疾病 (K00-K93)
K56.604,急性肠梗塞,105,JXCGS,第11章 消化系统疾病 (K00-K93)
K56.605,痉挛性肠梗阻(假性肠梗阻),105,JLXCGZJXCGZ,第11章 消化系统疾病 (K00-K93)
K56.606,腹茧症,105,FJZ,第11章 消化系统疾病 (K00-K93)
K56.701,不完全性肠梗阻,105,BWQXCGZ,第11章 消化系统疾病 (K00-K93)
K56.702,肠梗阻,105,CGZ,第11章 消化系统疾病 (K00-K93)
K56.703,完全性肠梗阻,105,WQXCGZ,第11章 消化系统疾病 (K00-K93)
K56.705,假性肠梗阻,105,JXCGZ,第11章 消化系统疾病 (K00-K93)
K56.706,消化道梗阻,105,XHDGZ,第11章 消化系统疾病 (K00-K93)
K57.001,十二指肠憩室伴穿孔,098,SEZCQSBCK,第11章 消化系统疾病 (K00-K93)
K57.101,回盲部憩室,098,HMBQS,第11章 消化系统疾病 (K00-K93)
K57.102,空肠憩室,098,KCQS,第11章 消化系统疾病 (K00-K93)
K57.103,空肠憩室炎,098,KCQSY,第11章 消化系统疾病 (K00-K93)
K57.104,十二指肠憩室炎,098,SEZCQSY,第11章 消化系统疾病 (K00-K93)
K57.105,小肠憩室,098,XCQS,第11章 消化系统疾病 (K00-K93)
K57.106,小肠憩室炎,098,XCQSY,第11章 消化系统疾病 (K00-K93)
K57.107,回肠憩室,098,HCQS,第11章 消化系统疾病 (K00-K93)
K57.301,结肠憩室,098,JCQS,第11章 消化系统疾病 (K00-K93)
K57.302,结肠憩室炎,098,JCQSY,第11章 消化系统疾病 (K00-K93)
K57.303,盲肠憩室,098,MCQS,第11章 消化系统疾病 (K00-K93)
K57.304,盲肠憩室炎,098,MCQSY,第11章 消化系统疾病 (K00-K93)
K57.305,直肠憩室,098,ZCQS,第11章 消化系统疾病 (K00-K93)
K58.901,"过敏性结肠(痉挛性结肠炎,粘液性结肠炎)",098,GMXJCJLXJCYNYXJCY,第11章 消化系统疾病 (K00-K93)
K58.902,肠痉挛,098,CJL,第11章 消化系统疾病 (K00-K93)
K58.903,痉挛性结肠,098,JLXJC,第11章 消化系统疾病 (K00-K93)
K58.904,激惹综合症,098,JRZHZ,第11章 消化系统疾病 (K00-K93)
K59.001,便秘,098,BM,第11章 消化系统疾病 (K00-K93)
K59.002,粪便潴留,098,FBZL,第11章 消化系统疾病 (K00-K93)
K59.101,功能性腹泻,098,GNXFX,第11章 消化系统疾病 (K00-K93)
K59.301,后天性巨结肠,098,HTXJJC,第11章 消化系统疾病 (K00-K93)
K59.302,结肠扩张,098,JCKZ,第11章 消化系统疾病 (K00-K93)
K59.303,继发性巨结肠,098,JFXJJC,第11章 消化系统疾病 (K00-K93)
K59.304,特发性巨结肠,098,TFXJJC,第11章 消化系统疾病 (K00-K93)
K59.801,肠道菌群失调,098,CDJQST,第11章 消化系统疾病 (K00-K93)
K59.802,肠扩张,098,CKZ,第11章 消化系统疾病 (K00-K93)
K59.803,结肠脾曲综合征,098,JCPQZHZ,第11章 消化系统疾病 (K00-K93)
K59.804,脾区综合征,098,PQZHZ,第11章 消化系统疾病 (K00-K93)
K59.805,肠旋转不良,098,CXZBL,第11章 消化系统疾病 (K00-K93)
K59.806,肛门驰缓症,098,GMCHZ,第11章 消化系统疾病 (K00-K93)
K59.807,肝曲综合征,098,GQZHZ,第11章 消化系统疾病 (K00-K93)
K59.901,肠功能紊乱,098,CGNWL,第11章 消化系统疾病 (K00-K93)
K59.902,功能性胃肠病,098,GNXWCB,第11章 消化系统疾病 (K00-K93)
K60.201,肛裂,098,GL,第11章 消化系统疾病 (K00-K93)
K60.301,肛瘘,098,GL,第11章 消化系统疾病 (K00-K93)
K60.302,肛门瘘管,098,GMLG,第11章 消化系统疾病 (K00-K93)
K60.401,直肠会阴瘘,098,ZCHYL,第11章 消化系统疾病 (K00-K93)
K60.402,直肠瘘,098,ZCL,第11章 消化系统疾病 (K00-K93)
K60.403,直肠舟状窝瘘,098,ZCZZWL,第11章 消化系统疾病 (K00-K93)
K60.404,直肠前庭瘘,098,ZCQTL,第11章 消化系统疾病 (K00-K93)
K61.001,肛门旁皮下脓肿,098,GMPPXNZ,第11章 消化系统疾病 (K00-K93)
K61.002,肛周脓肿,098,GZNZ,第11章 消化系统疾病 (K00-K93)
K61.101,直肠脓肿,098,ZCNZ,第11章 消化系统疾病 (K00-K93)
K62.001,肛门息肉,098,GMXR,第11章 消化系统疾病 (K00-K93)
K62.002,肛周息肉,098,GZXR,第11章 消化系统疾病 (K00-K93)
K62.101,直肠息肉,098,ZCXR,第11章 消化系统疾病 (K00-K93)
K62.201,肛门脱垂(脱肛),098,GMTCTG,第11章 消化系统疾病 (K00-K93)
K62.301,直肠粘膜脱垂,098,ZCNMTC,第11章 消化系统疾病 (K00-K93)
K62.302,直肠脱垂,098,ZCTC,第11章 消化系统疾病 (K00-K93)
K62.401,肛门狭窄,098,GMXZ,第11章 消化系统疾病 (K00-K93)
K62.402,直肠狭窄,098,ZCXZ,第11章 消化系统疾病 (K00-K93)
K62.601,肛周溃疡,098,GZKY,第11章 消化系统疾病 (K00-K93)
K62.602,直肠溃疡,098,ZCKY,第11章 消化系统疾病 (K00-K93)
K62.701,放射性直肠炎,098,FSXZCY,第11章 消化系统疾病 (K00-K93)
K62.801,出血性直肠炎,098,CXXZCY,第11章 消化系统疾病 (K00-K93)
K62.802,肛管囊肿,098,GGNZ,第11章 消化系统疾病 (K00-K93)
K62.803,肛管炎,098,GGY,第11章 消化系统疾病 (K00-K93)
K62.804,肛门囊肿,098,GMNZ,第11章 消化系统疾病 (K00-K93)
K62.805,肛周感染,098,GZGR,第11章 消化系统疾病 (K00-K93)
K62.806,肛乳头肥大,098,GRTFD,第11章 消化系统疾病 (K00-K93)
K62.807,巨直肠,098,JZC,第11章 消化系统疾病 (K00-K93)
K62.808,慢性肛管直肠炎,098,MXGGZCY,第11章 消化系统疾病 (K00-K93)
K62.809,慢性直肠炎,098,MXZCY,第11章 消化系统疾病 (K00-K93)
K62.810,直肠穿孔,098,ZCCK,第11章 消化系统疾病 (K00-K93)
K62.811,直肠囊肿,098,ZCNZ,第11章 消化系统疾病 (K00-K93)
K62.812,直肠前突,098,ZCQT,第11章 消化系统疾病 (K00-K93)
K62.813,直肠肉芽肿,098,ZCRYZ,第11章 消化系统疾病 (K00-K93)
K62.814,直肠吻合口瘢痕,098,ZCWHKBH,第11章 消化系统疾病 (K00-K93)
K62.815,直肠炎,098,ZCY,第11章 消化系统疾病 (K00-K93)
K62.817,直肠肛管炎,098,ZCGGY,第11章 消化系统疾病 (K00-K93)
K62.818,肛周囊肿,098,GZNZ,第11章 消化系统疾病 (K00-K93)
K62.819,肛周炎性肉芽肿,098,GZYXRYZ,第11章 消化系统疾病 (K00-K93)
K62.820,肛管乳头肥大,098,GGRTFD,第11章 消化系统疾病 (K00-K93)
K62.821,肛门括约肌缺损,098,GMKYJQS,第11章 消化系统疾病 (K00-K93)
K62.822,肛门皮赘,098,GMPZ,第11章 消化系统疾病 (K00-K93)
K62.823,肛门坠胀,098,GMZZ,第11章 消化系统疾病 (K00-K93)
K62.901,肛旁肿物,098,GPZW,第11章 消化系统疾病 (K00-K93)
K62.902,直肠肿物,098,ZCZW,第11章 消化系统疾病 (K00-K93)
K63.001,肠脓肿,098,CNZ,第11章 消化系统疾病 (K00-K93)
K63.002,回盲部脓肿,098,HMBNZ,第11章 消化系统疾病 (K00-K93)
K63.101,肠穿孔,098,CCK,第11章 消化系统疾病 (K00-K93)
K63.102,肠破裂,098,CPL,第11章 消化系统疾病 (K00-K93)
K63.103,结肠穿孔,098,JCCK,第11章 消化系统疾病 (K00-K93)
K63.104,小肠穿孔,098,XCCK,第11章 消化系统疾病 (K00-K93)
K63.201,手术后大肠瘘,098,SSHDCL,第11章 消化系统疾病 (K00-K93)
K63.202,手术后小肠瘘,098,SSHXCL,第11章 消化系统疾病 (K00-K93)
K63.203,肠瘘,098,CL,第11章 消化系统疾病 (K00-K93)
K63.204,腹壁肠瘘,098,FBCL,第11章 消化系统疾病 (K00-K93)
K63.205,腹壁瘘管,098,FBLG,第11章 消化系统疾病 (K00-K93)
K63.206,结肠瘘,098,JCL,第11章 消化系统疾病 (K00-K93)
K63.207,结肠胸腔瘘,098,JCXQL,第11章 消化系统疾病 (K00-K93)
K63.208,盲肠腹壁瘘,098,MCFBL,第11章 消化系统疾病 (K00-K93)
K63.209,盲管瘘,098,MGL,第11章 消化系统疾病 (K00-K93)
K63.210,盆腔腹壁瘘,098,PQFBL,第11章 消化系统疾病 (K00-K93)
K63.211,手术后肠腹壁瘘,098,SSHCFBL,第11章 消化系统疾病 (K00-K93)
K63.212,手术后肠瘘,098,SSHCL,第11章 消化系统疾病 (K00-K93)
K63.213,腹壁窦道,098,FBDD,第11章 消化系统疾病 (K00-K93)
K63.301,结肠溃疡,098,JCKY,第11章 消化系统疾病 (K00-K93)
K63.302,盲肠溃疡,098,MCKY,第11章 消化系统疾病 (K00-K93)
K63.303,小肠溃疡,098,XCKY,第11章 消化系统疾病 (K00-K93)
K63.304,肠糜烂,098,CML,第11章 消化系统疾病 (K00-K93)
K63.401,回肠粘膜脱垂,098,HCNMTC,第11章 消化系统疾病 (K00-K93)
K63.402,结肠下垂,098,JCXC,第11章 消化系统疾病 (K00-K93)
K63.403,内脏下垂,098,NZXC,第11章 消化系统疾病 (K00-K93)
K63.501,结肠息肉,098,JCXR,第11章 消化系统疾病 (K00-K93)
K63.801,结肠积气,098,JCJQ,第11章 消化系统疾病 (K00-K93)
K63.802,肠息肉,098,CXR,第11章 消化系统疾病 (K00-K93)
K63.803,结肠脂肪垂,098,JCZFC,第11章 消化系统疾病 (K00-K93)
K63.804,肠炎性包块,098,CYXBK,第11章 消化系统疾病 (K00-K93)
K63.805,盲肠息肉,098,MCXR,第11章 消化系统疾病 (K00-K93)
K63.806,结肠黑变病,098,JCHBB,第11章 消化系统疾病 (K00-K93)
K63.807,小肠肉芽肿,098,XCRYZ,第11章 消化系统疾病 (K00-K93)
K63.808,小肠息肉,098,XCXR,第11章 消化系统疾病 (K00-K93)
K63.809,肠膨胀,098,CPZ,第11章 消化系统疾病 (K00-K93)
K63.810,小肠粘膜增粗,098,XCNMZC,第11章 消化系统疾病 (K00-K93)
K63.811,蛋白丢失性肠病,098,DBDSXCB,第11章 消化系统疾病 (K00-K93)
K63.812,多浆膜腔积液,098,DJMQJY,第11章 消化系统疾病 (K00-K93)
K63.813,肠壁囊样积气症,098,CBNYJQZ,第11章 消化系统疾病 (K00-K93)
K63.814,肠黑变病,098,CHBB,第11章 消化系统疾病 (K00-K93)
K63.815,回肠隆起病变,098,HCLQBB,第11章 消化系统疾病 (K00-K93)
K63.816,肠囊肿,098,CNZ,第11章 消化系统疾病 (K00-K93)
K63.901,结肠肿物,098,JCZW,第11章 消化系统疾病 (K00-K93)
K63.902,空肠肿物,098,KCZW,第11章 消化系统疾病 (K00-K93)
K65.001,肠系膜脓肿,098,CXMNZ,第11章 消化系统疾病 (K00-K93)
K65.002,腹膜脓肿,098,FMNZ,第11章 消化系统疾病 (K00-K93)
K65.003,腹腔脓肿,098,FQNZ,第11章 消化系统疾病 (K00-K93)
K65.004,膈下脓肿,098,GXNZ,第11章 消化系统疾病 (K00-K93)
K65.005,化脓性腹膜炎,098,HNXFMY,第11章 消化系统疾病 (K00-K93)
K65.006,急性腹膜炎,098,JXFMY,第11章 消化系统疾病 (K00-K93)
K65.007,急性化脓性弥漫性腹膜炎,098,JXHNXMMXFMY,第11章 消化系统疾病 (K00-K93)
K65.008,急性弥漫性腹膜炎,098,JXMMXFMY,第11章 消化系统疾病 (K00-K93)
K65.009,弥漫性腹膜炎,098,MMXFMY,第11章 消化系统疾病 (K00-K93)
K65.010,男性盆腔脓肿,098,NXPQNZ,第11章 消化系统疾病 (K00-K93)
K65.011,男性盆腔炎,098,NXPQY,第11章 消化系统疾病 (K00-K93)
K65.012,男性盆腔炎性包块,098,NXPQYXBK,第11章 消化系统疾病 (K00-K93)
K65.013,细菌性腹膜炎,098,XJXFMY,第11章 消化系统疾病 (K00-K93)
K65.014,陶氏腔脓肿,098,TSQNZ,第11章 消化系统疾病 (K00-K93)
K65.015,腹腔盆腔脓肿,098,FQPQNZ,第11章 消化系统疾病 (K00-K93)
K65.016,小网膜囊脓肿,098,XWMNNZ,第11章 消化系统疾病 (K00-K93)
K65.801,肠系膜炎,098,CXMY,第11章 消化系统疾病 (K00-K93)
K65.802,出血性腹膜炎,098,CXXFMY,第11章 消化系统疾病 (K00-K93)
K65.803,穿孔性腹膜炎,098,CKXFMY,第11章 消化系统疾病 (K00-K93)
K65.804,胆汁性腹膜炎,098,DZXFMY,第11章 消化系统疾病 (K00-K93)
K65.805,多发性浆膜腔积液,098,DFXJMQJY,第11章 消化系统疾病 (K00-K93)
K65.806,多发性浆膜炎,098,DFXJMY,第11章 消化系统疾病 (K00-K93)
K65.807,多浆膜炎,098,DJMY,第11章 消化系统疾病 (K00-K93)
K65.808,局限性腹膜炎,098,JXXFMY,第11章 消化系统疾病 (K00-K93)
K65.809,慢性腹膜炎,098,MXFMY,第11章 消化系统疾病 (K00-K93)
K65.810,自发性腹膜炎,098,ZFXFMY,第11章 消化系统疾病 (K00-K93)
K65.811,胆固醇性腹膜炎,098,DGCXFMY,第11章 消化系统疾病 (K00-K93)
K65.812,嗜酸细胞性腹膜炎,098,SSXBXFMY,第11章 消化系统疾病 (K00-K93)
K65.901,腹膜后感染,098,FMHGR,第11章 消化系统疾病 (K00-K93)
K65.902,腹膜炎,098,FMY,第11章 消化系统疾病 (K00-K93)
K65.903,腹腔感染,098,FQGR,第11章 消化系统疾病 (K00-K93)
K65.904,继发性腹膜炎,098,JFXFMY,第11章 消化系统疾病 (K00-K93)
K65.905,原发性腹膜炎,098,YFXFMY,第11章 消化系统疾病 (K00-K93)
K65.906,腹膜后炎性包块(脓肿),098,FMHYXBKNZ,第11章 消化系统疾病 (K00-K93)
K65.907,腹部炎性包块(腹腔感染),098,FBYXBKFQGR,第11章 消化系统疾病 (K00-K93)
K66.001,肠系膜粘连,098,CXMNL,第11章 消化系统疾病 (K00-K93)
K66.002,肠粘连,098,CNL,第11章 消化系统疾病 (K00-K93)
K66.003,大网膜粘连,098,DWMNL,第11章 消化系统疾病 (K00-K93)
K66.004,腹膜粘连,098,FMNL,第11章 消化系统疾病 (K00-K93)
K66.005,腹腔粘连,098,FQNL,第11章 消化系统疾病 (K00-K93)
K66.006,膈肌粘连,098,GJNL,第11章 消化系统疾病 (K00-K93)
K66.007,膈肌抬高,098,GJTG,第11章 消化系统疾病 (K00-K93)
K66.100,腹壁血肿,098,FBXZ,第11章 消化系统疾病 (K00-K93)
K66.101,腹膜后血肿,098,FMHXZ,第11章 消化系统疾病 (K00-K93)
K66.102,腹腔积血,098,FQJX,第11章 消化系统疾病 (K00-K93)
K66.103,大网膜血肿,098,DWMXZ,第11章 消化系统疾病 (K00-K93)
K66.104,腹股沟部血肿,098,FGGBXZ,第11章 消化系统疾病 (K00-K93)
K66.105,腹股沟瘘管,098,FGGLG,第11章 消化系统疾病 (K00-K93)
K66.801,肠系膜钙化,098,CXMGH,第11章 消化系统疾病 (K00-K93)
K66.802,肠系膜囊肿,098,CXMNZ,第11章 消化系统疾病 (K00-K93)
K66.803,骶前囊肿,098,DQNZ,第11章 消化系统疾病 (K00-K93)
K66.804,腹膜后囊肿,098,FMHNZ,第11章 消化系统疾病 (K00-K93)
K66.805,网膜囊肿,098,WMNZ,第11章 消化系统疾病 (K00-K93)
K66.806,大网膜炎性包块,098,DWMYXBK,第11章 消化系统疾病 (K00-K93)
K66.807,大网膜粘连综合征,098,DWMNLZHZ,第11章 消化系统疾病 (K00-K93)
K66.810,腹膜积气症(气腹),098,FMJQZQF,第11章 消化系统疾病 (K00-K93)
K66.811,腹膜卒中,098,FMZZ,第11章 消化系统疾病 (K00-K93)
K66.812,大网膜结石,098,DWMJS,第11章 消化系统疾病 (K00-K93)
K66.813,肠系膜噬脂性肉芽肿,098,CXMSZXRYZ,第11章 消化系统疾病 (K00-K93)
K66.814,盆腔肉芽肿,098,PQRYZ,第11章 消化系统疾病 (K00-K93)
K66.815,肠系膜特发纤维化,098,CXMTFXWH,第11章 消化系统疾病 (K00-K93)
K66.816,腹膜肉芽肿,098,FMRYZ,第11章 消化系统疾病 (K00-K93)
K66.817,腹膜后肉芽肿,098,FMHRYZ,第11章 消化系统疾病 (K00-K93)
K66.818,网膜囊积液,098,WMNJY,第11章 消化系统疾病 (K00-K93)
K66.901,腹膜后肿物,098,FMHZW,第11章 消化系统疾病 (K00-K93)
K70.101,酒精性肝炎,106,JJXGY,第11章 消化系统疾病 (K00-K93)
K70.301,酒精性肝硬化,106,JJXGYH,第11章 消化系统疾病 (K00-K93)
K70.901,酒精性肝损坏,106,JJXGSH,第11章 消化系统疾病 (K00-K93)
K71.601,药物性肝炎,106,YWXGY,第11章 消化系统疾病 (K00-K93)
K71.602,中毒性肝炎,106,ZDXGY,第11章 消化系统疾病 (K00-K93)
K71.701,药物性肝硬变,106,YWXGYB,第11章 消化系统疾病 (K00-K93)
K71.901,药物性肝损害,106,YWXGSH,第11章 消化系统疾病 (K00-K93)
K72.001,急性肝功能衰竭,106,JXGGNSJ,第11章 消化系统疾病 (K00-K93)
K72.002,急性肝衰竭,106,JXGSJ,第11章 消化系统疾病 (K00-K93)
K72.003,急性肝炎(非病毒性),106,JXGYFBDX,第11章 消化系统疾病 (K00-K93)
K72.004,急性黄疸型肝炎,106,JXHDXGY,第11章 消化系统疾病 (K00-K93)
K72.005,急性黄色肝萎缩,106,JXHSGWS,第11章 消化系统疾病 (K00-K93)
K72.006,亚急性肝坏死,106,YJXGHS,第11章 消化系统疾病 (K00-K93)
K72.007,亚急性肝炎,106,YJXGY,第11章 消化系统疾病 (K00-K93)
K72.901,肝功能衰竭,106,GGNSJ,第11章 消化系统疾病 (K00-K93)
K72.902,肝坏死,106,GHS,第11章 消化系统疾病 (K00-K93)
K72.903,肝昏迷(肝性脑病),106,GHMGXNB,第11章 消化系统疾病 (K00-K93)
K72.904,肝萎缩,106,GWS,第11章 消化系统疾病 (K00-K93)
K72.905,肝硬化失代偿期,106,GYHSDCQ,第11章 消化系统疾病 (K00-K93)
K72.906,慢性肝脑变性,106,MXGNBX,第11章 消化系统疾病 (K00-K93)
K72.907,肝硬化并腹水,106,GYHBFS,第11章 消化系统疾病 (K00-K93)
K73.001,慢性迁延性肝炎,106,MXQYXGY,第11章 消化系统疾病 (K00-K93)
K73.101,慢性小叶性肝炎,106,MXXYXGY,第11章 消化系统疾病 (K00-K93)
K73.201,慢性活动性肝炎,106,MXHDXGY,第11章 消化系统疾病 (K00-K93)
K73.202,狼疮样肝炎,106,LCYGY,第11章 消化系统疾病 (K00-K93)
K73.801,慢性复发性肝炎,106,MXFFXGY,第11章 消化系统疾病 (K00-K93)
K73.802,重症肝炎,106,ZZGY,第11章 消化系统疾病 (K00-K93)
K73.901,慢性肝炎,106,MXGY,第11章 消化系统疾病 (K00-K93)
K73.902,慢性肝炎、重型,106,MXGYZX,第11章 消化系统疾病 (K00-K93)
K74.001,肝纤维化,106,GXWH,第11章 消化系统疾病 (K00-K93)
K74.501,胆汁性肝硬变,106,DZXGYB,第11章 消化系统疾病 (K00-K93)
K74.601,肝炎后肝硬变,106,GYHGYB,第11章 消化系统疾病 (K00-K93)
K74.602,肝硬变,106,GYB,第11章 消化系统疾病 (K00-K93)
K74.603,坏死后肝硬变,106,HSHGYB,第11章 消化系统疾病 (K00-K93)
K74.604,结节性肝硬变,106,JJXGYB,第11章 消化系统疾病 (K00-K93)
K74.605,慢性间质性肝炎,106,MXJZXGY,第11章 消化系统疾病 (K00-K93)
K74.606,门脉性肝硬变,106,MMXGYB,第11章 消化系统疾病 (K00-K93)
K74.607,血吸虫性肝硬化,106,XXCXGYH,第11章 消化系统疾病 (K00-K93)
K74.608,间质性肝炎,106,JZXGY,第11章 消化系统疾病 (K00-K93)
K74.608+ I98.201*,肝硬变伴食管静脉曲张,106,GYBBSGJMQZ,第11章 消化系统疾病 (K00-K93)
K74.609+ I98.202*,肝硬变伴食管静脉曲张破裂出血,106,GYBBSGJMQZPLCX,第11章 消化系统疾病 (K00-K93)
K74.610,混合性肝硬化,106,HHXGYH,第11章 消化系统疾病 (K00-K93)
K74.611,肝硬化伴食道.胃底静脉曲张,106,GYHBSDWDJMQZ,第11章 消化系统疾病 (K00-K93)
K74.612,肝硬变伴胃底静脉曲张,106,GYBBWDJMQZ,第11章 消化系统疾病 (K00-K93)
K74.613,淤血性肝硬化,106,YXXGYH,第11章 消化系统疾病 (K00-K93)
K75.001,肝脓肿,106,GNZ,第11章 消化系统疾病 (K00-K93)
K75.002,急性化脓性肝胆管炎,106,JXHNXGDGY,第11章 消化系统疾病 (K00-K93)
K75.101,门静脉炎,106,MJMY,第11章 消化系统疾病 (K00-K93)
K75.301,肝肉芽肿,106,GRYZ,第11章 消化系统疾病 (K00-K93)
K75.801,胆小管炎性肝炎,106,DXGYXGY,第11章 消化系统疾病 (K00-K93)
K75.802,胆汁郁积性肝炎,106,DZYJXGY,第11章 消化系统疾病 (K00-K93)
K75.803,肝胆管炎,106,GDGY,第11章 消化系统疾病 (K00-K93)
K75.804,肝内胆管炎,106,GNDGY,第11章 消化系统疾病 (K00-K93)
K75.805,肝炎性假瘤,106,GYXJL,第11章 消化系统疾病 (K00-K93)
K75.806,肝炎性肿物,106,GYXZW,第11章 消化系统疾病 (K00-K93)
K75.807,药物性胆汁郁积性肝炎,106,YWXDZYJXGY,第11章 消化系统疾病 (K00-K93)
K75.808,营养性肝炎,106,YYXGY,第11章 消化系统疾病 (K00-K93)
K75.809,自身免疫性肝炎,106,ZSMYXGY,第11章 消化系统疾病 (K00-K93)
K75.810,淤胆型肝炎,106,YDXGY,第11章 消化系统疾病 (K00-K93)
K75.901,肝炎,106,GY,第11章 消化系统疾病 (K00-K93)
K75.902,肝炎综合征,106,GYZHZ,第11章 消化系统疾病 (K00-K93)
K75.903,乳儿肝炎综合征,106,REGYZHZ,第11章 消化系统疾病 (K00-K93)
K76.001,脂肪肝,106,ZFG,第11章 消化系统疾病 (K00-K93)
K76.101,慢性被动性肝淤血,106,MXBDXGYX,第11章 消化系统疾病 (K00-K93)
K76.102,心源性肝硬变,106,XYXGYB,第11章 消化系统疾病 (K00-K93)
K76.103,淤血性肝损坏,106,YXXGSH,第11章 消化系统疾病 (K00-K93)
K76.104,郁滞肝,106,YZG,第11章 消化系统疾病 (K00-K93)
K76.105,肝淤血,106,GYX,第11章 消化系统疾病 (K00-K93)
K76.301,肝梗塞,106,GGS,第11章 消化系统疾病 (K00-K93)
K76.601,班替氏综合征,106,BTSZHZ,第11章 消化系统疾病 (K00-K93)
K76.602,门脉高压,106,MMGY,第11章 消化系统疾病 (K00-K93)
K76.603,特发性门脉高压,106,TFXMMGY,第11章 消化系统疾病 (K00-K93)
K76.701,肝肾功能衰竭,106,GSGNSJ,第11章 消化系统疾病 (K00-K93)
K76.702,肝肾综合征,106,GSZHZ,第11章 消化系统疾病 (K00-K93)
K76.801,肝癌破裂出血,106,GAPLCX,第11章 消化系统疾病 (K00-K93)
K76.802,肝出血,106,GCX,第11章 消化系统疾病 (K00-K93)
K76.803,肝多发性再生肥大结节,106,GDFXZSFDJJ,第11章 消化系统疾病 (K00-K93)
K76.804,肝肺综合征,106,GFZHZ,第11章 消化系统疾病 (K00-K93)
K76.805,肝钙化灶,106,GGHZ,第11章 消化系统疾病 (K00-K93)
K76.806,肝功能不全,106,GGNBQ,第11章 消化系统疾病 (K00-K93)
K76.807,肝管出血,106,GGCX,第11章 消化系统疾病 (K00-K93)
K76.808,肝管息肉,106,GGXR,第11章 消化系统疾病 (K00-K93)
K76.809,肝积液,106,GJY,第11章 消化系统疾病 (K00-K93)
K76.810,肝内钙化点,106,GNGHD,第11章 消化系统疾病 (K00-K93)
K76.811,肝囊肿,106,GNZ,第11章 消化系统疾病 (K00-K93)
K76.812,肝细胞性黄疸,106,GXBXHD,第11章 消化系统疾病 (K00-K93)
K76.813,肝下垂,106,GXC,第11章 消化系统疾病 (K00-K93)
K76.814,肝血肿,106,GXZ,第11章 消化系统疾病 (K00-K93)
K76.815,肝炎后黄疸,106,GYHHD,第11章 消化系统疾病 (K00-K93)
K76.816,肝增生性结节,106,GZSXJJ,第11章 消化系统疾病 (K00-K93)
K76.817,肝自发性破裂出血,106,GZFXPLCX,第11章 消化系统疾病 (K00-K93)
K76.818,代谢性肝病,106,DXXGB,第11章 消化系统疾病 (K00-K93)
K76.819,肝性胸水,106,GXXS,第11章 消化系统疾病 (K00-K93)
K76.820,肝内型窦后阻塞,106,GNXDHZS,第11章 消化系统疾病 (K00-K93)
K76.821,非创伤性肝破裂,106,FCSXGPL,第11章 消化系统疾病 (K00-K93)
K76.822,肝粘连,106,GNL,第11章 消化系统疾病 (K00-K93)
K76.823,肝内外胆管积气,106,GNWDGJQ,第11章 消化系统疾病 (K00-K93)
K76.824,药物性肝内胆汁瘀积性黄疸,106,YWXGNDZYJXHD,第11章 消化系统疾病 (K00-K93)
K76.825,肝叶钙化,106,GYGH,第11章 消化系统疾病 (K00-K93)
K76.826,肝结节病,106,GJJB,第11章 消化系统疾病 (K00-K93)
K76.827,肝溃疡,106,GKY,第11章 消化系统疾病 (K00-K93)
K76.828,肝包膜下积液,106,GBMXJY,第11章 消化系统疾病 (K00-K93)
K76.829,综合性肝病,106,ZHXGB,第11章 消化系统疾病 (K00-K93)
K76.830,肝脏感染性病变,106,GZGRXBB,第11章 消化系统疾病 (K00-K93)
K76.901,肝病,106,GB,第11章 消化系统疾病 (K00-K93)
K76.902,肝损害,106,GSH,第11章 消化系统疾病 (K00-K93)
K76.903,肝占位性病变,106,GZWXBB,第11章 消化系统疾病 (K00-K93)
K76.904,肝肿物,106,GZW,第11章 消化系统疾病 (K00-K93)
K76.905,慢性肝损害,106,MXGSH,第11章 消化系统疾病 (K00-K93)
K76.906,慢性肝病,106,MXGB,第11章 消化系统疾病 (K00-K93)
K80.001,胆囊结石伴坏疽性胆囊炎,107,DNJSBHJXDNY,第11章 消化系统疾病 (K00-K93)
K80.002,胆囊结石伴急性胆囊炎(胆石症伴急性胆囊炎),107,DNJSBJXDNYDSZBJXDNY,第11章 消化系统疾病 (K00-K93)
K80.101,胆囊结石伴胆囊炎,107,DNJSBDNY,第11章 消化系统疾病 (K00-K93)
K80.102,胆囊结石伴慢性胆囊炎,107,DNJSBMXDNY,第11章 消化系统疾病 (K00-K93)
K80.201,残余胆囊结石,107,CYDNJS,第11章 消化系统疾病 (K00-K93)
K80.202,胆囊绞痛(复发性),107,DNJTFFX,第11章 消化系统疾病 (K00-K93)
K80.203,胆囊结石,107,DNJS,第11章 消化系统疾病 (K00-K93)
K80.204,胆囊结石嵌顿,107,DNJSQD,第11章 消化系统疾病 (K00-K93)
K80.205,胆石症,107,DSZ,第11章 消化系统疾病 (K00-K93)
K80.301,总胆管结石伴急性化脓性胆管炎,107,ZDGJSBJXHNXDGY,第11章 消化系统疾病 (K00-K93)
K80.401,胆管结石伴(慢性)胆囊炎,107,DGJSBMXDNY,第11章 消化系统疾病 (K00-K93)
K80.402,胆总管结石伴(慢性)胆囊炎,107,DZGJSBMXDNY,第11章 消化系统疾病 (K00-K93)
K80.403,胆管结石伴急性胆囊炎,107,DGJSBJXDNY,第11章 消化系统疾病 (K00-K93)
K80.404,胆总管结石伴急性胆囊炎,107,DZGJSBJXDNY,第11章 消化系统疾病 (K00-K93)
K80.405,肝胆管结石伴(慢性)胆囊炎,107,GDGJSBMXDNY,第11章 消化系统疾病 (K00-K93)
K80.406,肝管结石伴胆囊炎,107,GGJSBDNY,第11章 消化系统疾病 (K00-K93)
K80.407,肝管结石伴慢性胆囊炎,107,GGJSBMXDNY,第11章 消化系统疾病 (K00-K93)
K80.408,总胆管结石伴慢性胆囊炎,107,ZDGJSBMXDNY,第11章 消化系统疾病 (K00-K93)
K80.501,胆道术后残留结石,107,DDSHCLJS,第11章 消化系统疾病 (K00-K93)
K80.502,胆管结石,107,DGJS,第11章 消化系统疾病 (K00-K93)
K80.503,胆绞痛,107,DJT,第11章 消化系统疾病 (K00-K93)
K80.504,胆囊管结石,107,DNGJS,第11章 消化系统疾病 (K00-K93)
K80.505,胆总管残余结石,107,DZGCYJS,第11章 消化系统疾病 (K00-K93)
K80.506,胆总管结石,107,DZGJS,第11章 消化系统疾病 (K00-K93)
K80.507,复发性胆囊绞痛,107,FFXDNJT,第11章 消化系统疾病 (K00-K93)
K80.508,肝胆管结石,107,GDGJS,第11章 消化系统疾病 (K00-K93)
K80.509,肝管结石,107,GGJS,第11章 消化系统疾病 (K00-K93)
K80.510,总胆管结石,107,ZDGJS,第11章 消化系统疾病 (K00-K93)
K81.001,胆囊坏疽,107,DNHJ,第11章 消化系统疾病 (K00-K93)
K81.002,胆囊脓肿,107,DNNZ,第11章 消化系统疾病 (K00-K93)
K81.003,胆囊周围脓肿,107,DNZWNZ,第11章 消化系统疾病 (K00-K93)
K81.004,急性胆囊炎,107,JXDNY,第11章 消化系统疾病 (K00-K93)
K81.005,急性化脓性胆囊炎,107,JXHNXDNY,第11章 消化系统疾病 (K00-K93)
K81.006,急性坏疽性胆囊炎,107,JXHJXDNY,第11章 消化系统疾病 (K00-K93)
K81.007,慢性胆囊炎急性发作,107,MXDNYJXFZ,第11章 消化系统疾病 (K00-K93)
K81.008,坏疽性胆囊炎,107,HJXDNY,第11章 消化系统疾病 (K00-K93)
K81.009,急性梗阻性化脓性胆囊炎,107,JXGZXHNXDNY,第11章 消化系统疾病 (K00-K93)
K81.101,慢性胆囊炎,107,MXDNY,第11章 消化系统疾病 (K00-K93)
K81.801,胆囊周炎,107,DNZY,第11章 消化系统疾病 (K00-K93)
K81.901,胆囊炎,107,DNY,第11章 消化系统疾病 (K00-K93)
K82.001,胆囊管梗阻,098,DNGGZ,第11章 消化系统疾病 (K00-K93)
K82.002,梗阻性黄疸,098,GZXHD,第11章 消化系统疾病 (K00-K93)
K82.101,胆囊积液,098,DNJY,第11章 消化系统疾病 (K00-K93)
K82.201,胆囊穿孔,098,DNCK,第11章 消化系统疾病 (K00-K93)
K82.301,胆囊肠瘘,098,DNCL,第11章 消化系统疾病 (K00-K93)
K82.302,胆囊结肠瘘,098,DNJCL,第11章 消化系统疾病 (K00-K93)
K82.303,胆囊瘘,098,DNL,第11章 消化系统疾病 (K00-K93)
K82.304,胆囊十二指肠瘘,098,DNSEZCL,第11章 消化系统疾病 (K00-K93)
K82.305,胆囊胃瘘,098,DNWL,第11章 消化系统疾病 (K00-K93)
K82.306,手术后胆囊瘘,098,SSHDNL,第11章 消化系统疾病 (K00-K93)
K82.401,胆固醇性胆囊炎,098,DGCXDNY,第11章 消化系统疾病 (K00-K93)
K82.402,胆囊胆固醇沉着症,098,DNDGCCZZ,第11章 消化系统疾病 (K00-K93)
K82.801,胆管扩张,098,DGKZ,第11章 消化系统疾病 (K00-K93)
K82.802,胆囊沉积物,098,DNCJW,第11章 消化系统疾病 (K00-K93)
K82.803,胆囊肥大,098,DNFD,第11章 消化系统疾病 (K00-K93)
K82.804,胆囊钙化,098,DNGH,第11章 消化系统疾病 (K00-K93)
K82.805,胆囊肌腺症,098,DNJXZ,第11章 消化系统疾病 (K00-K93)
K82.806,胆囊扭转,098,DNNZ,第11章 消化系统疾病 (K00-K93)
K82.807,胆囊萎缩,098,DNWS,第11章 消化系统疾病 (K00-K93)
K82.808,胆囊息肉,098,DNXR,第11章 消化系统疾病 (K00-K93)
K82.809,胆囊内胆汁郁积,098,DNNDZYJ,第11章 消化系统疾病 (K00-K93)
K82.810,胆囊壁肌增生,098,DNBJZS,第11章 消化系统疾病 (K00-K93)
K82.811,胆囊扩张,098,DNKZ,第11章 消化系统疾病 (K00-K93)
K82.812,胆囊功能不良,098,DNGNBL,第11章 消化系统疾病 (K00-K93)
K82.813,胆囊嗜酸性肉芽肿,098,DNSSXRYZ,第11章 消化系统疾病 (K00-K93)
K82.815,胆囊肿大,098,DNZD,第11章 消化系统疾病 (K00-K93)
K82.816,胆囊纤维增生,098,DNXWZS,第11章 消化系统疾病 (K00-K93)
K82.818,胆囊腺肌症,098,DNXJZ,第11章 消化系统疾病 (K00-K93)
K82.901,胆囊病变,098,DNBB,第11章 消化系统疾病 (K00-K93)
K82.902,胆囊占位性病变,098,DNZWXBB,第11章 消化系统疾病 (K00-K93)
K82.903,胆囊肿物,098,DNZW,第11章 消化系统疾病 (K00-K93)
K83.001,奥狄氏括约肌炎,098,ADSKYJY,第11章 消化系统疾病 (K00-K93)
K83.002,胆道感染,098,DDGR,第11章 消化系统疾病 (K00-K93)
K83.003,胆管炎,098,DGY,第11章 消化系统疾病 (K00-K93)
K83.004,胆管周围炎,098,DGZWY,第11章 消化系统疾病 (K00-K93)
K83.005,胆总管炎,098,DZGY,第11章 消化系统疾病 (K00-K93)
K83.006,返流性胆管炎,098,FLXDGY,第11章 消化系统疾病 (K00-K93)
K83.007,复发性胆管炎,098,FFXDGY,第11章 消化系统疾病 (K00-K93)
K83.008,梗阻性胆管炎,098,GZXDGY,第11章 消化系统疾病 (K00-K93)
K83.009,梗阻性化脓性胆管炎,098,GZXHNXDGY,第11章 消化系统疾病 (K00-K93)
K83.010,化脓性胆管炎,098,HNXDGY,第11章 消化系统疾病 (K00-K93)
K83.011,急性胆管炎,098,JXDGY,第11章 消化系统疾病 (K00-K93)
K83.012,急性梗阻性胆管炎,098,JXGZXDGY,第11章 消化系统疾病 (K00-K93)
K83.013,急性化脓性胆管炎,098,JXHNXDGY,第11章 消化系统疾病 (K00-K93)
K83.014,急性化脓性梗阻性胆管炎,098,JXHNXGZXDGY,第11章 消化系统疾病 (K00-K93)
K83.015,慢性胆管炎,098,MXDGY,第11章 消化系统疾病 (K00-K93)
K83.016,硬化性胆管炎,098,YHXDGY,第11章 消化系统疾病 (K00-K93)
K83.017,淤积性胆管炎,098,YJXDGY,第11章 消化系统疾病 (K00-K93)
K83.018,肝毛细胆管炎,098,GMXDGY,第11章 消化系统疾病 (K00-K93)
K83.101,肝管梗阻综合征（Mirizzi's综合征）,098,GGGZZHZZHZ,第11章 消化系统疾病 (K00-K93)
K83.102,胆管狭窄,098,DGXZ,第11章 消化系统疾病 (K00-K93)
K83.103,胆管阻塞,098,DGZS,第11章 消化系统疾病 (K00-K93)
K83.104,胆汁郁积症,098,DZYJZ,第11章 消化系统疾病 (K00-K93)
K83.105,胆总管梗阻,098,DZGGZ,第11章 消化系统疾病 (K00-K93)
K83.106,胆总管狭窄,098,DZGXZ,第11章 消化系统疾病 (K00-K93)
K83.107,肝胆管狭窄,098,GDGXZ,第11章 消化系统疾病 (K00-K93)
K83.108,肝管狭窄,098,GGXZ,第11章 消化系统疾病 (K00-K93)
K83.109,胆总管阻塞,098,DZGZS,第11章 消化系统疾病 (K00-K93)
K83.201,胆管穿孔,098,DGCK,第11章 消化系统疾病 (K00-K93)
K83.301,胆管瘘,098,DGL,第11章 消化系统疾病 (K00-K93)
K83.302,手术后胆总管小肠瘘,098,SSHDZGXCL,第11章 消化系统疾病 (K00-K93)
K83.303,手术后肝总管小肠瘘,098,SSHGZGXCL,第11章 消化系统疾病 (K00-K93)
K83.304,总胆管十二指肠瘘,098,ZDGSEZCL,第11章 消化系统疾病 (K00-K93)
K83.401,奥狄氏扩约肌痉挛,098,ADSKYJJL,第11章 消化系统疾病 (K00-K93)
K83.501,胆管囊肿,098,DGNZ,第11章 消化系统疾病 (K00-K93)
K83.502,胆总管囊肿,098,DZGNZ,第11章 消化系统疾病 (K00-K93)
K83.801,奥狄氏括约肌狭窄,098,ADSKYJXZ,第11章 消化系统疾病 (K00-K93)
K83.802,缩窄性法特氏乳头炎,098,SZXFTSRTY,第11章 消化系统疾病 (K00-K93)
K83.803,胆管出血,098,DGCX,第11章 消化系统疾病 (K00-K93)
K83.804,胆管溃疡,098,DGKY,第11章 消化系统疾病 (K00-K93)
K83.805,胆总管痉挛,098,DZGJL,第11章 消化系统疾病 (K00-K93)
K83.806,胆总管扩张,098,DZGKZ,第11章 消化系统疾病 (K00-K93)
K83.807,肝胆管扩张,098,GDGKZ,第11章 消化系统疾病 (K00-K93)
K83.808,胆道出血,098,DDCX,第11章 消化系统疾病 (K00-K93)
K83.809,胆汁反流,098,DZFL,第11章 消化系统疾病 (K00-K93)
K83.810,胆总管肿块,098,DZGZK,第11章 消化系统疾病 (K00-K93)
K83.811,卡洛贝氏综合征(肝内胆管扩张症),098,KLBSZHZGNDGKZZ,第11章 消化系统疾病 (K00-K93)
K83.812,胆总管积气,098,DZGJQ,第11章 消化系统疾病 (K00-K93)
K83.901,胆心综合征,098,DXZHZ,第11章 消化系统疾病 (K00-K93)
K83.902,奥狄氏括约肌功能障碍,098,ADSKYJGNZA,第11章 消化系统疾病 (K00-K93)
K85  01,胆源性胰腺炎,108,DYXYXY,第11章 消化系统疾病 (K00-K93)
K85  02,化脓性胰腺炎,108,HNXYXY,第11章 消化系统疾病 (K00-K93)
K85  03,急性出血坏死性胰腺炎,108,JXCXHSXYXY,第11章 消化系统疾病 (K00-K93)
K85  04,急性出血性胰腺炎,108,JXCXXYXY,第11章 消化系统疾病 (K00-K93)
K85  05,急性坏死性胰腺炎,108,JXHSXYXY,第11章 消化系统疾病 (K00-K93)
K85  06,急性水肿性胰腺炎,108,JXSZXYXY,第11章 消化系统疾病 (K00-K93)
K85  07,急性胰腺炎,108,JXYXY,第11章 消化系统疾病 (K00-K93)
K85  08,慢性胰腺炎急性发作,108,MXYXYJXFZ,第11章 消化系统疾病 (K00-K93)
K85  09,亚急性胰腺炎,108,YJXYXY,第11章 消化系统疾病 (K00-K93)
K85  10,胰腺脓肿,108,YXNZ,第11章 消化系统疾病 (K00-K93)
K85  11,胰腺炎,108,YXY,第11章 消化系统疾病 (K00-K93)
K85  12,注射后胰腺炎,108,ZSHYXY,第11章 消化系统疾病 (K00-K93)
K85.006,重症胰腺炎,108,ZZYXY,第11章 消化系统疾病 (K00-K93)
K85.201,胰囊肿和假囊肿,108,YNZHJNZ,第11章 消化系统疾病 (K00-K93)
K86.101,复发性胰腺炎,098,FFXYXY,第11章 消化系统疾病 (K00-K93)
K86.102,慢性胰腺炎,098,MXYXY,第11章 消化系统疾病 (K00-K93)
K86.201,胰腺囊肿,098,YXNZ,第11章 消化系统疾病 (K00-K93)
K86.301,胰腺假囊肿,098,YXJNZ,第11章 消化系统疾病 (K00-K93)
K86.801,胰大,098,YD,第11章 消化系统疾病 (K00-K93)
K86.802,胰胆管扩张,098,YDGKZ,第11章 消化系统疾病 (K00-K93)
K86.803,胰岛组织硬化,098,YDZZYH,第11章 消化系统疾病 (K00-K93)
K86.804,胰管梗阻,098,YGGZ,第11章 消化系统疾病 (K00-K93)
K86.805,胰管痉挛,098,YGJL,第11章 消化系统疾病 (K00-K93)
K86.806,胰管扩张,098,YGKZ,第11章 消化系统疾病 (K00-K93)
K86.807,胰管狭窄,098,YGXZ,第11章 消化系统疾病 (K00-K93)
K86.808,胰坏死,098,YHS,第11章 消化系统疾病 (K00-K93)
K86.809,胰结石,098,YJS,第11章 消化系统疾病 (K00-K93)
K86.810,胰瘘,098,YL,第11章 消化系统疾病 (K00-K93)
K86.811,胰腺钙化,098,YXGH,第11章 消化系统疾病 (K00-K93)
K86.812,胰腺肉芽肿,098,YXRYZ,第11章 消化系统疾病 (K00-K93)
K86.813,胰腺结石,098,YXJS,第11章 消化系统疾病 (K00-K93)
K86.814,胰腺萎缩,098,YXWS,第11章 消化系统疾病 (K00-K93)
K86.815,胰胆管异常合流,098,YDGYCHL,第11章 消化系统疾病 (K00-K93)
K86.816,胰腺纤维化,098,YXXWH,第11章 消化系统疾病 (K00-K93)
K86.817,胰腺周围脓肿,098,YXZWNZ,第11章 消化系统疾病 (K00-K93)
K86.901,胰腺肿物,098,YXZW,第11章 消化系统疾病 (K00-K93)
K86.902,胰占位性病变,098,YZWXBB,第11章 消化系统疾病 (K00-K93)
K86.903,胰头增大,098,YTZD,第11章 消化系统疾病 (K00-K93)
K90.001,非热带性口炎性腹泻,098,FRDXKYXFX,第11章 消化系统疾病 (K00-K93)
K90.002,谷胶肠病,098,GJCB,第11章 消化系统疾病 (K00-K93)
K90.003,乳糜泻(脂泻病),098,RMXZXB,第11章 消化系统疾病 (K00-K93)
K90.201,盲袢综合征 (非手术性),098,MPZHZFSSX,第11章 消化系统疾病 (K00-K93)
K90.401,脂肪吸收不良,098,ZFXSBL,第11章 消化系统疾病 (K00-K93)
K90.801,原发性小肠吸收不良综合征,098,YFXXCXSBLZHZ,第11章 消化系统疾病 (K00-K93)
K90.802+ M14.801*,惠普尔氏病(Whipples's),098,HPESB,第11章 消化系统疾病 (K00-K93)
K90.901,肠吸收不良,098,CXSBL,第11章 消化系统疾病 (K00-K93)
K90.902,小肠吸收不良综合征(非手术性),098,XCXSBLZHZFSSX,第11章 消化系统疾病 (K00-K93)
K91.001,胃肠手术后呕吐,098,WCSSHOT,第11章 消化系统疾病 (K00-K93)
K91.101,迟发型倾倒综合征,098,CFXQDZHZ,第11章 消化系统疾病 (K00-K93)
K91.102,迷走神经切断术后综合征,098,MZSJQDSHZHZ,第11章 消化系统疾病 (K00-K93)
K91.103,倾倒综合征(胃切除术后综合征),098,QDZHZWQCSHZHZ,第11章 消化系统疾病 (K00-K93)
K91.104,胃手术后综合征,098,WSSHZHZ,第11章 消化系统疾病 (K00-K93)
K91.201,短肠综合征(肠切除后综合征),098,DCZHZCQCHZHZ,第11章 消化系统疾病 (K00-K93)
K91.202,手术后吸收不良综合征,098,SSHXSBLZHZ,第11章 消化系统疾病 (K00-K93)
K91.203,胃肠手术后营养不良,098,WCSSHYYBL,第11章 消化系统疾病 (K00-K93)
K91.301,手术后肠梗阻,098,SSHCGZ,第11章 消化系统疾病 (K00-K93)
K91.401,肠造瘘术后功能障碍,098,CZLSHGNZA,第11章 消化系统疾病 (K00-K93)
K91.402,假肛口瘢痕狭窄,098,JGKBHXZ,第11章 消化系统疾病 (K00-K93)
K91.403,结肠造口术后狭窄,098,JCZKSHXZ,第11章 消化系统疾病 (K00-K93)
K91.501,胆囊切除术后综合征,098,DNQCSHZHZ,第11章 消化系统疾病 (K00-K93)
K91.801,残窦综合征(胃切除术后),098,CDZHZWQCSH,第11章 消化系统疾病 (K00-K93)
K91.802,残胃炎,098,CWY,第11章 消化系统疾病 (K00-K93)
K91.803,肠吻合口狭窄,098,CWHKXZ,第11章 消化系统疾病 (K00-K93)
K91.804,胆管十二指肠吻合口狭窄,098,DGSEZCWHKXZ,第11章 消化系统疾病 (K00-K93)
K91.805,胆囊空肠吻合口狭窄,098,DNKCWHKXZ,第11章 消化系统疾病 (K00-K93)
K91.806,胆囊切除术后粘连,098,DNQCSHNL,第11章 消化系统疾病 (K00-K93)
K91.807,肝管空肠吻合口狭窄,098,GGKCWHKXZ,第11章 消化系统疾病 (K00-K93)
K91.808,食管空肠吻合口狭窄,098,SGKCWHKXZ,第11章 消化系统疾病 (K00-K93)
K91.809,食管胃吻合口狭窄,098,SGWWHKXZ,第11章 消化系统疾病 (K00-K93)
K91.810,手术后肠粘连,098,SSHCNL,第11章 消化系统疾病 (K00-K93)
K91.811,手术后胆管闭锁,098,SSHDGBS,第11章 消化系统疾病 (K00-K93)
K91.812,手术后胆管狭窄,098,SSHDGXZ,第11章 消化系统疾病 (K00-K93)
K91.813,手术后肝管狭窄,098,SSHGGXZ,第11章 消化系统疾病 (K00-K93)
K91.814,手术后肝外胆管狭窄,098,SSHGWDGXZ,第11章 消化系统疾病 (K00-K93)
K91.815,手术后胃肠功能紊乱,098,SSHWCGNWL,第11章 消化系统疾病 (K00-K93)
K91.816,手术后幽门梗阻,098,SSHYMGZ,第11章 消化系统疾病 (K00-K93)
K91.817,胃肠吻合口机能障碍,098,WCWHKJNZA,第11章 消化系统疾病 (K00-K93)
K91.818,胃肠吻合口水肿,098,WCWHKSZ,第11章 消化系统疾病 (K00-K93)
K91.819,胃肠吻合口狭窄,098,WCWHKXZ,第11章 消化系统疾病 (K00-K93)
K91.820,胃肠吻合术后输出袢梗阻,098,WCWHSHSCPGZ,第11章 消化系统疾病 (K00-K93)
K91.821,胃肠吻合术后输入袢梗阻,098,WCWHSHSRPGZ,第11章 消化系统疾病 (K00-K93)
K91.822,胃肠吻合口异物性肉芽肿,098,WCWHKYWXRYZ,第11章 消化系统疾病 (K00-K93)
K91.823,胃术后功能性梗阻,098,WSHGNXGZ,第11章 消化系统疾病 (K00-K93)
K91.824,胃肠术后腹泻(小肠结肠炎),098,WCSHFXXCJCY,第11章 消化系统疾病 (K00-K93)
K91.825,巨结肠术后闸门综合征,098,JJCSHZMZHZ,第11章 消化系统疾病 (K00-K93)
K92.001,呕血,098,OX,第11章 消化系统疾病 (K00-K93)
K92.101,黑粪(柏油样粪),098,HFBYYF,第11章 消化系统疾病 (K00-K93)
K92.201,便血,098,BX,第11章 消化系统疾病 (K00-K93)
K92.202,残胃出血,098,CWCX,第11章 消化系统疾病 (K00-K93)
K92.203,肠出血,098,CCX,第11章 消化系统疾病 (K00-K93)
K92.204,上消化道出血,098,SXHDCX,第11章 消化系统疾病 (K00-K93)
K92.205,胃肠道出血,098,WCDCX,第11章 消化系统疾病 (K00-K93)
K92.206,胃出血,098,WCX,第11章 消化系统疾病 (K00-K93)
K92.207,下消化道出血,098,XXHDCX,第11章 消化系统疾病 (K00-K93)
K92.208,消化道出血,098,XHDCX,第11章 消化系统疾病 (K00-K93)
K92.209,人工肛门出血,098,RGGMCX,第11章 消化系统疾病 (K00-K93)
K92.210,胃动脉破裂出血,098,WDMPLCX,第11章 消化系统疾病 (K00-K93)
K92.801,门脉高压性胃肠病,098,MMGYXWCB,第11章 消化系统疾病 (K00-K93)
K92.802,杜氏病（Dieulafoy病）,098,DSB,第11章 消化系统疾病 (K00-K93)
K92.901,胃肠功能紊乱,098,WCGNWL,第11章 消化系统疾病 (K00-K93)
K92.902,消化道病变,098,XHDBB,第11章 消化系统疾病 (K00-K93)
L00  01,新生儿脓疱病,109,XSENPB,第12章 皮肤和皮下组织疾病 (L00-L99)
L00  02,新生儿天疱疮,109,XSETPC,第12章 皮肤和皮下组织疾病 (L00-L99)
L01.001,脓疱病,109,NPB,第12章 皮肤和皮下组织疾病 (L00-L99)
L02.001,额部脓肿,109,EBNZ,第12章 皮肤和皮下组织疾病 (L00-L99)
L02.002,面部疖肿,109,MBJZ,第12章 皮肤和皮下组织疾病 (L00-L99)
L02.003,脸部痈,109,LBY,第12章 皮肤和皮下组织疾病 (L00-L99)
L02.004,脸部疖,109,LBJ,第12章 皮肤和皮下组织疾病 (L00-L99)
L02.101,颈部疖,109,JBJ,第12章 皮肤和皮下组织疾病 (L00-L99)
L02.102,颈部脓肿,109,JBNZ,第12章 皮肤和皮下组织疾病 (L00-L99)
L02.103,颈部痈,109,JBY,第12章 皮肤和皮下组织疾病 (L00-L99)
L02.201,背部脓肿,109,BBNZ,第12章 皮肤和皮下组织疾病 (L00-L99)
L02.202,腹壁脓肿,109,FBNZ,第12章 皮肤和皮下组织疾病 (L00-L99)
L02.203,腹股沟脓肿,109,FGGNZ,第12章 皮肤和皮下组织疾病 (L00-L99)
L02.204,会阴部炎性肿物,109,HYBYXZW,第12章 皮肤和皮下组织疾病 (L00-L99)
L02.205,躯干部疖,109,QGBJ,第12章 皮肤和皮下组织疾病 (L00-L99)
L02.206,躯干部脓肿,109,QGBNZ,第12章 皮肤和皮下组织疾病 (L00-L99)
L02.207,躯干部痈,109,QGBY,第12章 皮肤和皮下组织疾病 (L00-L99)
L02.301,臀部疖,109,TBJ,第12章 皮肤和皮下组织疾病 (L00-L99)
L02.302,臀脓肿,109,TNZ,第12章 皮肤和皮下组织疾病 (L00-L99)
L02.401,腘窝脓肿,109,GWNZ,第12章 皮肤和皮下组织疾病 (L00-L99)
L02.402,臂脓肿,109,BNZ,第12章 皮肤和皮下组织疾病 (L00-L99)
L02.403,上肢疖,109,SZJ,第12章 皮肤和皮下组织疾病 (L00-L99)
L02.404,上肢痈,109,SZY,第12章 皮肤和皮下组织疾病 (L00-L99)
L02.405,手部疖,109,SBJ,第12章 皮肤和皮下组织疾病 (L00-L99)
L02.406,手部痈,109,SBY,第12章 皮肤和皮下组织疾病 (L00-L99)
L02.407,手脓肿,109,SNZ,第12章 皮肤和皮下组织疾病 (L00-L99)
L02.408,腿部疖,109,TBJ,第12章 皮肤和皮下组织疾病 (L00-L99)
L02.409,腿部痈,109,TBY,第12章 皮肤和皮下组织疾病 (L00-L99)
L02.410,腿脓肿,109,TNZ,第12章 皮肤和皮下组织疾病 (L00-L99)
L02.411,足部疖,109,ZBJ,第12章 皮肤和皮下组织疾病 (L00-L99)
L02.412,足部痈,109,ZBY,第12章 皮肤和皮下组织疾病 (L00-L99)
L02.413,足脓肿,109,ZNZ,第12章 皮肤和皮下组织疾病 (L00-L99)
L02.801,帽状腱膜下脓肿,109,MZJMXNZ,第12章 皮肤和皮下组织疾病 (L00-L99)
L02.802,头部疖,109,TBJ,第12章 皮肤和皮下组织疾病 (L00-L99)
L02.803,头部皮肤脓肿,109,TBPFNZ,第12章 皮肤和皮下组织疾病 (L00-L99)
L02.804,头部痈,109,TBY,第12章 皮肤和皮下组织疾病 (L00-L99)
L02.805,面部脓肿,109,MBNZ,第12章 皮肤和皮下组织疾病 (L00-L99)
L02.901,多发性疖肿,109,DFXJZ,第12章 皮肤和皮下组织疾病 (L00-L99)
L02.902,多发性脓肿,109,DFXNZ,第12章 皮肤和皮下组织疾病 (L00-L99)
L02.903,疖肿病,109,JZB,第12章 皮肤和皮下组织疾病 (L00-L99)
L02.904,脓肿,109,NZ,第12章 皮肤和皮下组织疾病 (L00-L99)
L02.905,皮肤疖肿,109,PFJZ,第12章 皮肤和皮下组织疾病 (L00-L99)
L02.906,新生儿疖肿,109,XSEJZ,第12章 皮肤和皮下组织疾病 (L00-L99)
L02.907,痈,109,Y,第12章 皮肤和皮下组织疾病 (L00-L99)
L03.001,甲沟炎(瘭疽),109,JGYBJ,第12章 皮肤和皮下组织疾病 (L00-L99)
L03.002,甲床炎,109,JCY,第12章 皮肤和皮下组织疾病 (L00-L99)
L03.003,甲周炎,109,JZY,第12章 皮肤和皮下组织疾病 (L00-L99)
L03.004,指蜂窝组织炎,109,ZFWZZY,第12章 皮肤和皮下组织疾病 (L00-L99)
L03.005,指甲床炎,109,ZJCY,第12章 皮肤和皮下组织疾病 (L00-L99)
L03.006,指甲沟脓肿,109,ZJGNZ,第12章 皮肤和皮下组织疾病 (L00-L99)
L03.007,指甲沟炎,109,ZJGY,第12章 皮肤和皮下组织疾病 (L00-L99)
L03.008,趾甲沟炎,109,ZJGY,第12章 皮肤和皮下组织疾病 (L00-L99)
L03.101,臂蜂窝织炎,109,BFWZY,第12章 皮肤和皮下组织疾病 (L00-L99)
L03.102,髂窝脓肿,109,QWNZ,第12章 皮肤和皮下组织疾病 (L00-L99)
L03.103,手蜂窝织炎,109,SFWZY,第12章 皮肤和皮下组织疾病 (L00-L99)
L03.104,腿蜂窝织炎,109,TFWZY,第12章 皮肤和皮下组织疾病 (L00-L99)
L03.105,腕蜂窝织炎,109,WFWZY,第12章 皮肤和皮下组织疾病 (L00-L99)
L03.106,足蜂窝织炎,109,ZFWZY,第12章 皮肤和皮下组织疾病 (L00-L99)
L03.201,颌部蜂窝织炎,109,HBFWZY,第12章 皮肤和皮下组织疾病 (L00-L99)
L03.202,颌下降区蜂窝织炎,109,HXJQFWZY,第12章 皮肤和皮下组织疾病 (L00-L99)
L03.203,面部蜂窝织炎,109,MBFWZY,第12章 皮肤和皮下组织疾病 (L00-L99)
L03.204,颌下脓肿,109,HXNZ,第12章 皮肤和皮下组织疾病 (L00-L99)
L03.301,躯干部蜂窝组织炎,109,QGBFWZZY,第12章 皮肤和皮下组织疾病 (L00-L99)
L03.302,躯干部炎性肿物,109,QGBYXZW,第12章 皮肤和皮下组织疾病 (L00-L99)
L03.303,躯干蜂窝织炎,109,QGFWZY,第12章 皮肤和皮下组织疾病 (L00-L99)
L03.304,臀蜂窝织炎,109,TFWZY,第12章 皮肤和皮下组织疾病 (L00-L99)
L03.801,颈部蜂窝组织炎,109,JBFWZZY,第12章 皮肤和皮下组织疾病 (L00-L99)
L03.901,蜂窝织炎,109,FWZY,第12章 皮肤和皮下组织疾病 (L00-L99)
L04.001,急性颌下淋巴结炎,109,JXHXLBJY,第12章 皮肤和皮下组织疾病 (L00-L99)
L04.002,急性颈淋巴结炎,109,JXJLBJY,第12章 皮肤和皮下组织疾病 (L00-L99)
L04.201,臂急性淋巴管炎,109,BJXLBGY,第12章 皮肤和皮下组织疾病 (L00-L99)
L04.301,腿急性淋巴管炎,109,TJXLBGY,第12章 皮肤和皮下组织疾病 (L00-L99)
L04.901,化脓性淋巴结炎,109,HNXLBJY,第12章 皮肤和皮下组织疾病 (L00-L99)
L04.902,坏死性淋巴结炎,109,HSXLBJY,第12章 皮肤和皮下组织疾病 (L00-L99)
L04.903,急性淋巴管炎,109,JXLBGY,第12章 皮肤和皮下组织疾病 (L00-L99)
L04.904,急性淋巴结炎,109,JXLBJY,第12章 皮肤和皮下组织疾病 (L00-L99)
L04.905,淋巴结坏死,109,LBJHS,第12章 皮肤和皮下组织疾病 (L00-L99)
L04.906,皮肤病性淋巴结炎,109,PFBXLBJY,第12章 皮肤和皮下组织疾病 (L00-L99)
L04.907,亚急性坏死性淋巴结炎,109,YJXHSXLBJY,第12章 皮肤和皮下组织疾病 (L00-L99)
L05.001,先天性胸壁皮肤窦道伴脓肿,109,XTXXBPFDDBNZ,第12章 皮肤和皮下组织疾病 (L00-L99)
L05.901,藏毛囊肿,109,CMNZ,第12章 皮肤和皮下组织疾病 (L00-L99)
L05.902,臀部囊肿,109,TBNZ,第12章 皮肤和皮下组织疾病 (L00-L99)
L08.001,脓疱性细菌疹,109,NPXXJZ,第12章 皮肤和皮下组织疾病 (L00-L99)
L08.002,脓疱性疹,109,NPXZ,第12章 皮肤和皮下组织疾病 (L00-L99)
L08.003,脓皮病,109,NPB,第12章 皮肤和皮下组织疾病 (L00-L99)
L08.101,红癣,109,HX,第12章 皮肤和皮下组织疾病 (L00-L99)
L08.801,背部感染性窦道,109,BBGRXDD,第12章 皮肤和皮下组织疾病 (L00-L99)
L08.802,腹壁感染性窦道,109,FBGRXDD,第12章 皮肤和皮下组织疾病 (L00-L99)
L08.803,皮肤感染性窦道,109,PFGRXDD,第12章 皮肤和皮下组织疾病 (L00-L99)
L08.804,增殖性脓皮病,109,ZZXNPB,第12章 皮肤和皮下组织疾病 (L00-L99)
L08.901,头面颈部皮肤感染,109,TMJBPFGR,第12章 皮肤和皮下组织疾病 (L00-L99)
L08.902,颞皮肤感染,109,NPFGR,第12章 皮肤和皮下组织疾病 (L00-L99)
L08.903,颈部软组织感染,109,JBRZZGR,第12章 皮肤和皮下组织疾病 (L00-L99)
L08.904,臀皮肤感染,109,TPFGR,第12章 皮肤和皮下组织疾病 (L00-L99)
L08.905,躯干皮肤感染,109,QGPFGR,第12章 皮肤和皮下组织疾病 (L00-L99)
L08.906,手皮肤感染,109,SPFGR,第12章 皮肤和皮下组织疾病 (L00-L99)
L08.907,皮肤感染,109,PFGR,第12章 皮肤和皮下组织疾病 (L00-L99)
L08.908,腹壁软组织感染,109,FBRZZGR,第12章 皮肤和皮下组织疾病 (L00-L99)
L08.909,会阴部软组织感染,109,HYBRZZGR,第12章 皮肤和皮下组织疾病 (L00-L99)
L08.910,会阴炎性包块,109,HYYXBK,第12章 皮肤和皮下组织疾病 (L00-L99)
L08.911,上肢感染,109,SZGR,第12章 皮肤和皮下组织疾病 (L00-L99)
L08.912,手感染,109,SGR,第12章 皮肤和皮下组织疾病 (L00-L99)
L08.913,脐部感染,109,QBGR,第12章 皮肤和皮下组织疾病 (L00-L99)
L08.914,手指感染,109,SZGR,第12章 皮肤和皮下组织疾病 (L00-L99)
L08.915,下肢皮肤感染,109,XZPFGR,第12章 皮肤和皮下组织疾病 (L00-L99)
L08.916,下肢软组织感染,109,XZRZZGR,第12章 皮肤和皮下组织疾病 (L00-L99)
L08.917,肢体皮肤感染,109,ZTPFGR,第12章 皮肤和皮下组织疾病 (L00-L99)
L08.918,足皮肤感染,109,ZPFGR,第12章 皮肤和皮下组织疾病 (L00-L99)
L08.919,足软组织感染,109,ZRZZGR,第12章 皮肤和皮下组织疾病 (L00-L99)
L08.920,软组织感染,109,RZZGR,第12章 皮肤和皮下组织疾病 (L00-L99)
L08.922,其他皮肤和皮下组织的局部感染,109,QTPFHPXZZDJBGR,第12章 皮肤和皮下组织疾病 (L00-L99)
L08.923,脐炎(感染)(非新生儿),109,QYGRFXSE,第12章 皮肤和皮下组织疾病 (L00-L99)
L08.924,手皮肤感染,109,SPFGR,第12章 皮肤和皮下组织疾病 (L00-L99)
L10.001,寻常性天疱疮(恶性天疱疮),109,XCXTPCEXTPC,第12章 皮肤和皮下组织疾病 (L00-L99)
L10.101,增殖性天疱疮,109,ZZXTPC,第12章 皮肤和皮下组织疾病 (L00-L99)
L10.201,落叶性天疱疮,109,LYXTPC,第12章 皮肤和皮下组织疾病 (L00-L99)
L10.401,红斑性天疱疮,109,HBXTPC,第12章 皮肤和皮下组织疾病 (L00-L99)
L10.801,疱疹样天疱疮,109,PZYTPC,第12章 皮肤和皮下组织疾病 (L00-L99)
L10.901,天疱疮,109,TPC,第12章 皮肤和皮下组织疾病 (L00-L99)
L12.001,大疱性类天疱疮,109,DPXLTPC,第12章 皮肤和皮下组织疾病 (L00-L99)
L12.101,良性粘膜类天疱疮(瘢痕性类天疱疮),109,LXNMLTPCBHXLTPC,第12章 皮肤和皮下组织疾病 (L00-L99)
L12.801,慢性局限性类天疱疮,109,MXJXXLTPC,第12章 皮肤和皮下组织疾病 (L00-L99)
L12.901,类天疱疮,109,LTPC,第12章 皮肤和皮下组织疾病 (L00-L99)
L13.001,疱疹样皮炎(杜林氏病),109,PZYPYDLSB,第12章 皮肤和皮下组织疾病 (L00-L99)
L13.801,线状IgA大疱性皮炎,109,XZDPXPY,第12章 皮肤和皮下组织疾病 (L00-L99)
L13.901,大疱病,109,DPB,第12章 皮肤和皮下组织疾病 (L00-L99)
L20.801,泛发性神经性皮炎,110,FFXSJXPY,第12章 皮肤和皮下组织疾病 (L00-L99)
L20.802,泛发性湿疹,110,FFXSZ,第12章 皮肤和皮下组织疾病 (L00-L99)
L20.803,弥漫性神经性皮炎,110,MMXSJXPY,第12章 皮肤和皮下组织疾病 (L00-L99)
L20.805,新生儿皮肤湿疹,110,XSEPFSZ,第12章 皮肤和皮下组织疾病 (L00-L99)
L20.806,婴儿湿疹,110,YESZ,第12章 皮肤和皮下组织疾病 (L00-L99)
L20.901,特应性皮炎,110,TYXPY,第12章 皮肤和皮下组织疾病 (L00-L99)
L21.001,头皮糠疹,110,TPKZ,第12章 皮肤和皮下组织疾病 (L00-L99)
L21.901,脂溢性皮炎,110,ZYXPY,第12章 皮肤和皮下组织疾病 (L00-L99)
L21.902,脂溢性湿疹,110,ZYXSZ,第12章 皮肤和皮下组织疾病 (L00-L99)
L22  01,尿布性皮炎,110,NBXPY,第12章 皮肤和皮下组织疾病 (L00-L99)
L22  02,尿布疹(臀部红斑),110,NBZTBHB,第12章 皮肤和皮下组织疾病 (L00-L99)
L23.901,过敏性皮炎,110,GMXPY,第12章 皮肤和皮下组织疾病 (L00-L99)
L24.901,刺激性皮炎,110,CJXPY,第12章 皮肤和皮下组织疾病 (L00-L99)
L25.001,化妆品皮炎,110,HZPPY,第12章 皮肤和皮下组织疾病 (L00-L99)
L25.101,药物接触性皮炎,110,YWJCXPY,第12章 皮肤和皮下组织疾病 (L00-L99)
L25.201,染发性皮炎,110,RFXPY,第12章 皮肤和皮下组织疾病 (L00-L99)
L25.202,染料接触性皮炎,110,RLJCXPY,第12章 皮肤和皮下组织疾病 (L00-L99)
L25.301,汞接触性皮炎,110,GJCXPY,第12章 皮肤和皮下组织疾病 (L00-L99)
L25.302,化学品接触性皮炎,110,HXPJCXPY,第12章 皮肤和皮下组织疾病 (L00-L99)
L25.303,溶剂类接触性皮炎,110,RJLJCXPY,第12章 皮肤和皮下组织疾病 (L00-L99)
L25.501,植物接触性皮炎,110,ZWJCXPY,第12章 皮肤和皮下组织疾病 (L00-L99)
L25.801,昆虫性皮炎,110,KCXPY,第12章 皮肤和皮下组织疾病 (L00-L99)
L25.901,接触性皮炎,110,JCXPY,第12章 皮肤和皮下组织疾病 (L00-L99)
L26  01,剥脱性皮炎,110,BTXPY,第12章 皮肤和皮下组织疾病 (L00-L99)
L27.001,荨麻疹型药疹,110,QMZXYZ,第12章 皮肤和皮下组织疾病 (L00-L99)
L27.002,药物性红斑,110,YWXHB,第12章 皮肤和皮下组织疾病 (L00-L99)
L27.003,药物性皮炎(药物疹),110,YWXPYYWZ,第12章 皮肤和皮下组织疾病 (L00-L99)
L27.004,药物疹,110,YWZ,第12章 皮肤和皮下组织疾病 (L00-L99)
L27.101,固定性药疹,110,GDXYZ,第12章 皮肤和皮下组织疾病 (L00-L99)
L27.201,食物性皮炎(摄入),110,SWXPYSR,第12章 皮肤和皮下组织疾病 (L00-L99)
L28.001,单纯性苔癣,110,DCXTX,第12章 皮肤和皮下组织疾病 (L00-L99)
L28.002,局限性神经性皮炎(慢性单纯性苔癣),110,JXXSJXPYMXDCXTX,第12章 皮肤和皮下组织疾病 (L00-L99)
L28.003,神经性皮炎,110,SJXPY,第12章 皮肤和皮下组织疾病 (L00-L99)
L28.004,苔癣,110,TX,第12章 皮肤和皮下组织疾病 (L00-L99)
L28.005,苔癣样皮炎,110,TXYPY,第12章 皮肤和皮下组织疾病 (L00-L99)
L28.101,结节性痒疹,110,JJXYZ,第12章 皮肤和皮下组织疾病 (L00-L99)
L28.201,丘疹性荨麻疹(荨麻疹性苔癣)(婴儿苔癣),110,QZXQMZQMZXTXYETX,第12章 皮肤和皮下组织疾病 (L00-L99)
L28.202,痒疹,110,YZ,第12章 皮肤和皮下组织疾病 (L00-L99)
L29.001,肛门搔痒症,110,GMSYZ,第12章 皮肤和皮下组织疾病 (L00-L99)
L29.101,阴囊瘙痒症,110,YNSYZ,第12章 皮肤和皮下组织疾病 (L00-L99)
L29.201,外阴搔痒症,110,WYSYZ,第12章 皮肤和皮下组织疾病 (L00-L99)
L29.801,老年搔痒症,110,LNSYZ,第12章 皮肤和皮下组织疾病 (L00-L99)
L29.802,生殖器搔痒症,110,SZQSYZ,第12章 皮肤和皮下组织疾病 (L00-L99)
L29.901,搔痒症,110,SYZ,第12章 皮肤和皮下组织疾病 (L00-L99)
L30.001,钱币状湿疹,110,QBZSZ,第12章 皮肤和皮下组织疾病 (L00-L99)
L30.101,汗疱症,110,HPZ,第12章 皮肤和皮下组织疾病 (L00-L99)
L30.201,自体过敏性皮炎(自体过敏性湿疹),110,ZTGMXPYZTGMXSZ,第12章 皮肤和皮下组织疾病 (L00-L99)
L30.301,传染性湿疹样皮炎,110,CRXSZYPY,第12章 皮肤和皮下组织疾病 (L00-L99)
L30.501,单纯糠疹,110,DCKZ,第12章 皮肤和皮下组织疾病 (L00-L99)
L30.502,糠疹,110,KZ,第12章 皮肤和皮下组织疾病 (L00-L99)
L30.801,季节性大疱性皮炎,110,JJXDPXPY,第12章 皮肤和皮下组织疾病 (L00-L99)
L30.802,胼胝性湿疹,110,PZXSZ,第12章 皮肤和皮下组织疾病 (L00-L99)
L30.803,肠源性肢端皮炎,110,CYXZDPY,第12章 皮肤和皮下组织疾病 (L00-L99)
L30.901,皮炎,110,PY,第12章 皮肤和皮下组织疾病 (L00-L99)
L30.902,湿疹,110,SZ,第12章 皮肤和皮下组织疾病 (L00-L99)
L30.903,湿疹样皮炎,110,SZYPY,第12章 皮肤和皮下组织疾病 (L00-L99)
L30.904,阴囊湿疹,110,YNSZ,第12章 皮肤和皮下组织疾病 (L00-L99)
L40.001,寻常性银屑病,111,XCXYXB,第12章 皮肤和皮下组织疾病 (L00-L99)
L40.101,脓疱性银屑病,111,NPXYXB,第12章 皮肤和皮下组织疾病 (L00-L99)
L40.102,疱疹样脓疱病,111,PZYNPB,第12章 皮肤和皮下组织疾病 (L00-L99)
L40.401,滴状银屑病,111,DZYXB,第12章 皮肤和皮下组织疾病 (L00-L99)
L40.501+ M07.301*,牛皮癣性关节炎,111,NPXXGJY,第12章 皮肤和皮下组织疾病 (L00-L99)
L40.502+ M07.302*,银屑病性关节炎,111,YXBXGJY,第12章 皮肤和皮下组织疾病 (L00-L99)
L40.801,红皮病性银屑病(银屑病性红皮病),111,HPBXYXBYXBXHPB,第12章 皮肤和皮下组织疾病 (L00-L99)
L40.802+ N05.902*,银屑病性肾炎,111,YXBXSY,第12章 皮肤和皮下组织疾病 (L00-L99)
L40.901,银屑病(牛皮癣),111,YXBNPX,第12章 皮肤和皮下组织疾病 (L00-L99)
L41.101,"滴状类银屑病(慢性苔癣样糠疹,慢性痘疮样糠疹)",109,DZLYXBMXTXYKZMXDCYKZ,第12章 皮肤和皮下组织疾病 (L00-L99)
L41.801,斑状类银屑病(持久性黄色红皮病),109,BZLYXBCJXHSHPB,第12章 皮肤和皮下组织疾病 (L00-L99)
L41.901,类银屑病,109,LYXB,第12章 皮肤和皮下组织疾病 (L00-L99)
L42  01,玫瑰糠疹,109,MGKZ,第12章 皮肤和皮下组织疾病 (L00-L99)
L43.901,扁平苔癣,109,BPTX,第12章 皮肤和皮下组织疾病 (L00-L99)
L44.001,毛发红糠疹,109,MFHKZ,第12章 皮肤和皮下组织疾病 (L00-L99)
L50.001,变应性荨麻疹,112,BYXQMZ,第12章 皮肤和皮下组织疾病 (L00-L99)
L50.301,人为性荨麻疹,112,RWXQMZ,第12章 皮肤和皮下组织疾病 (L00-L99)
L50.303,皮肤划痕性荨麻疹,112,PFHHXQMZ,第12章 皮肤和皮下组织疾病 (L00-L99)
L50.501,胆硷能性荨麻疹,112,DJNXQMZ,第12章 皮肤和皮下组织疾病 (L00-L99)
L50.801,急性荨麻疹,112,JXQMZ,第12章 皮肤和皮下组织疾病 (L00-L99)
L50.802,慢性荨麻疹,112,MXQMZ,第12章 皮肤和皮下组织疾病 (L00-L99)
L50.901,荨麻疹,112,QMZ,第12章 皮肤和皮下组织疾病 (L00-L99)
L51.101,史蒂文斯-约翰逊二氏病(糜烂性多形红斑,109,SDWSYHXESBMLXDXHB,第12章 皮肤和皮下组织疾病 (L00-L99)
L51.201,莱尔氏综合征(中毒性表皮坏死松解),109,LESZHZZDXBPHSSJ,第12章 皮肤和皮下组织疾病 (L00-L99)
L51.202,烫伤样皮肤综合征（中毒性表皮坏死）,109,TSYPFZHZZDXBPHS,第12章 皮肤和皮下组织疾病 (L00-L99)
L51.901,多形红斑(渗出性多形红斑),109,DXHBSCXDXHB,第12章 皮肤和皮下组织疾病 (L00-L99)
L52  01,结节性红斑,109,JJXHB,第12章 皮肤和皮下组织疾病 (L00-L99)
L52  02,硬红斑,109,YHB,第12章 皮肤和皮下组织疾病 (L00-L99)
L53.001,中毒性红斑,109,ZDXHB,第12章 皮肤和皮下组织疾病 (L00-L99)
L53.101,环形红斑,109,HXHB,第12章 皮肤和皮下组织疾病 (L00-L99)
L53.901,红斑,109,HB,第12章 皮肤和皮下组织疾病 (L00-L99)
L53.902,红皮病,109,HPB,第12章 皮肤和皮下组织疾病 (L00-L99)
L55.001,日晒红斑,109,RSHB,第12章 皮肤和皮下组织疾病 (L00-L99)
L56.201,光感性皮炎,138,GGXPY,第12章 皮肤和皮下组织疾病 (L00-L99)
L57.001,老年性角化病,109,LNXJHB,第12章 皮肤和皮下组织疾病 (L00-L99)
L57.801,光照性皮炎,109,GZXPY,第12章 皮肤和皮下组织疾病 (L00-L99)
L58.901,放射性皮炎,109,FSXPY,第12章 皮肤和皮下组织疾病 (L00-L99)
L60.001,嵌甲,109,QJ,第12章 皮肤和皮下组织疾病 (L00-L99)
L60.301,脆甲症,109,CJZ,第12章 皮肤和皮下组织疾病 (L00-L99)
L60.801,甲床角化过度,109,JCJHGD,第12章 皮肤和皮下组织疾病 (L00-L99)
L60.802,指(趾)甲下出血,109,ZZJXCX,第12章 皮肤和皮下组织疾病 (L00-L99)
L63.901,斑秃,109,BT,第12章 皮肤和皮下组织疾病 (L00-L99)
L65.801,药物性脱发,109,YWXTF,第12章 皮肤和皮下组织疾病 (L00-L99)
L65.901,早老性脱发,109,ZLXTF,第12章 皮肤和皮下组织疾病 (L00-L99)
L65.902,脂溢性脱发,109,ZYXTF,第12章 皮肤和皮下组织疾病 (L00-L99)
L65.903,毛发稀少症,109,MFXSZ,第12章 皮肤和皮下组织疾病 (L00-L99)
L65.904,脱发,109,TF,第12章 皮肤和皮下组织疾病 (L00-L99)
L68.301,多毛症,109,DMZ,第12章 皮肤和皮下组织疾病 (L00-L99)
L70.001,粉刺,109,FC,第12章 皮肤和皮下组织疾病 (L00-L99)
L70.002,脓疱性痤疮,109,NPXCC,第12章 皮肤和皮下组织疾病 (L00-L99)
L70.901,痤疮,109,CC,第12章 皮肤和皮下组织疾病 (L00-L99)
L71.001,口周皮炎,109,KZPY,第12章 皮肤和皮下组织疾病 (L00-L99)
L71.901,酒渣鼻,109,JZB,第12章 皮肤和皮下组织疾病 (L00-L99)
L72.001,表皮样囊肿,109,BPYNZ,第12章 皮肤和皮下组织疾病 (L00-L99)
L72.002,躯干皮下囊肿,109,QGPXNZ,第12章 皮肤和皮下组织疾病 (L00-L99)
L72.003,头颈部皮下囊肿,109,TJBPXNZ,第12章 皮肤和皮下组织疾病 (L00-L99)
L72.101,皮脂囊肿(粉瘤),109,PZNZFL,第12章 皮肤和皮下组织疾病 (L00-L99)
L72.102,毛根鞘囊肿,109,MGQNZ,第12章 皮肤和皮下组织疾病 (L00-L99)
L72.201,多发性脂囊瘤(皮脂囊瘤病),109,DFXZNLPZNLB,第12章 皮肤和皮下组织疾病 (L00-L99)
L72.901,耳后囊肿,109,EHNZ,第12章 皮肤和皮下组织疾病 (L00-L99)
L72.902,皮下囊肿,109,PXNZ,第12章 皮肤和皮下组织疾病 (L00-L99)
L73.201,化脓性汗腺炎,109,HNXHXY,第12章 皮肤和皮下组织疾病 (L00-L99)
L73.801,须疮,109,XC,第12章 皮肤和皮下组织疾病 (L00-L99)
L73.901,毛囊炎,109,MNY,第12章 皮肤和皮下组织疾病 (L00-L99)
L74.001,"痱子(粟疹,汗疹)",109,FZSZHZ,第12章 皮肤和皮下组织疾病 (L00-L99)
L74.401,无汗,109,WH,第12章 皮肤和皮下组织疾病 (L00-L99)
L75.001,腋臭,109,YC,第12章 皮肤和皮下组织疾病 (L00-L99)
L75.002,会阴部体臭,109,HYBTC,第12章 皮肤和皮下组织疾病 (L00-L99)
L75.101,色汗症,109,SHZ,第12章 皮肤和皮下组织疾病 (L00-L99)
L75.201,福-福二氏病（干性粟粒疹综合征）,109,FFESBGXSLZZHZ,第12章 皮肤和皮下组织疾病 (L00-L99)
L80  01,白癜风,109,BDF,第12章 皮肤和皮下组织疾病 (L00-L99)
L81.201,雀斑,109,QB,第12章 皮肤和皮下组织疾病 (L00-L99)
L81.401,里耳氏黑变病,109,LESHBB,第12章 皮肤和皮下组织疾病 (L00-L99)
L81.402,黑变病,109,HBB,第12章 皮肤和皮下组织疾病 (L00-L99)
L81.601,皮肤异色病,109,PFYSB,第12章 皮肤和皮下组织疾病 (L00-L99)
L81.801,纹身,109,WS,第12章 皮肤和皮下组织疾病 (L00-L99)
L81.901,皮肤色素沉着,109,PFSSCZ,第12章 皮肤和皮下组织疾病 (L00-L99)
L82  01,老年疣,109,LNY,第12章 皮肤和皮下组织疾病 (L00-L99)
L82  02,脂溢性角化症(基底细胞乳头状瘤),109,ZYXJHZJDXBRTZL,第12章 皮肤和皮下组织疾病 (L00-L99)
L83  01,黑棘皮病(黑色角化病),109,HJPBHSJHB,第12章 皮肤和皮下组织疾病 (L00-L99)
L83  02,假黑棘皮病,109,JHJPB,第12章 皮肤和皮下组织疾病 (L00-L99)
L84  01,鸡眼,109,JY,第12章 皮肤和皮下组织疾病 (L00-L99)
L84  02,胼胝,109,PZ,第12章 皮肤和皮下组织疾病 (L00-L99)
L85.101,角化病,109,JHB,第12章 皮肤和皮下组织疾病 (L00-L99)
L85.102,皮肤角化病(后天性),109,PFJHBHTX,第12章 皮肤和皮下组织疾病 (L00-L99)
L85.801,角化棘皮瘤,109,JHJPL,第12章 皮肤和皮下组织疾病 (L00-L99)
L85.802,皮角,109,PJ,第12章 皮肤和皮下组织疾病 (L00-L99)
L85.803,皮脂腺痣,109,PZXZ,第12章 皮肤和皮下组织疾病 (L00-L99)
L85.804,皮肤角质增生,109,PFJZZS,第12章 皮肤和皮下组织疾病 (L00-L99)
L88  01,坏疽性脓皮病,109,HJXNPB,第12章 皮肤和皮下组织疾病 (L00-L99)
L89  01,褥疮,109,RC,第12章 皮肤和皮下组织疾病 (L00-L99)
L90.001,硬化性萎缩性苔癣(白点病),109,YHXWSXTXBDB,第12章 皮肤和皮下组织疾病 (L00-L99)
L90.301,进行性特发性皮肤萎缩,109,JXXTFXPFWS,第12章 皮肤和皮下组织疾病 (L00-L99)
L90.501,瘢痕挛缩,109,BHLS,第12章 皮肤和皮下组织疾病 (L00-L99)
L90.502,瘢痕,109,BH,第12章 皮肤和皮下组织疾病 (L00-L99)
L90.503,手术后瘢痕,109,SSHBH,第12章 皮肤和皮下组织疾病 (L00-L99)
L90.504,疤痕粘连,109,BHNL,第12章 皮肤和皮下组织疾病 (L00-L99)
L90.801,皮肤(老年性)萎缩,109,PFLNXWS,第12章 皮肤和皮下组织疾病 (L00-L99)
L91.001,瘢痕疙瘩,109,BHGD,第12章 皮肤和皮下组织疾病 (L00-L99)
L91.901,皮肤松驰,109,PFSC,第12章 皮肤和皮下组织疾病 (L00-L99)
L92.001,环形肉芽肿,109,HXRYZ,第12章 皮肤和皮下组织疾病 (L00-L99)
L92.201,嗜酸性淋巴肉芽肿,109,SSXLBRYZ,第12章 皮肤和皮下组织疾病 (L00-L99)
L92.301,皮下异物肉芽肿,109,PXYWRYZ,第12章 皮肤和皮下组织疾病 (L00-L99)
L92.302,耳后肉芽肿,109,EHRYZ,第12章 皮肤和皮下组织疾病 (L00-L99)
L92.901,肉芽肿,109,RYZ,第12章 皮肤和皮下组织疾病 (L00-L99)
L93.001,红斑狼疮,109,HBLC,第12章 皮肤和皮下组织疾病 (L00-L99)
L93.002,盘状红斑狼疮,109,PZHBLC,第12章 皮肤和皮下组织疾病 (L00-L99)
L93.101,亚急性皮肤红斑狼疮,109,YJXPFHBLC,第12章 皮肤和皮下组织疾病 (L00-L99)
L93.201,狼疮性脂膜炎,109,LCXZMY,第12章 皮肤和皮下组织疾病 (L00-L99)
L94.001,结节性硬化症,109,JJXYHZ,第12章 皮肤和皮下组织疾病 (L00-L99)
L94.201,皮下钙化,109,PXGH,第12章 皮肤和皮下组织疾病 (L00-L99)
L95.001,脉管炎,109,MGY,第12章 皮肤和皮下组织疾病 (L00-L99)
L95.002,白色萎缩症,109,BSWSZ,第12章 皮肤和皮下组织疾病 (L00-L99)
L95.101,持久性隆起性红斑,109,CJXLQXHB,第12章 皮肤和皮下组织疾病 (L00-L99)
L95.801,结节性脉管炎,109,JJXMGY,第12章 皮肤和皮下组织疾病 (L00-L99)
L95.901,白细胞碎裂性血管炎,109,BXBSLXXGY,第12章 皮肤和皮下组织疾病 (L00-L99)
L95.902,荨麻疹形血管炎,109,QMZXXGY,第12章 皮肤和皮下组织疾病 (L00-L99)
L97  01,下肢溃疡,109,XZKY,第12章 皮肤和皮下组织疾病 (L00-L99)
L97  02,足溃疡,109,ZKY,第12章 皮肤和皮下组织疾病 (L00-L99)
L98.001,化脓性肉芽肿,109,HNXRYZ,第12章 皮肤和皮下组织疾病 (L00-L99)
L98.002,化脓性肉芽肿(毛细管扩张性肉芽肿),109,HNXRYZMXGKZXRYZ,第12章 皮肤和皮下组织疾病 (L00-L99)
L98.201,急性发热性中性白细胞增多性皮肤病(Sweet综合征),109,JXFRXZXBXBZDXPFBZHZ,第12章 皮肤和皮下组织疾病 (L00-L99)
L98.401,腹壁溃疡,109,FBKY,第12章 皮肤和皮下组织疾病 (L00-L99)
L98.402,皮肤溃疡,109,PFKY,第12章 皮肤和皮下组织疾病 (L00-L99)
L98.403,手溃疡,109,SKY,第12章 皮肤和皮下组织疾病 (L00-L99)
L98.404,肘溃疡,109,ZKY,第12章 皮肤和皮下组织疾病 (L00-L99)
L98.801,Kimuru's病(木村病)(伴嗜酸性白细胞的血管增生,109,BMCBBSSXBXBDXGZS,第12章 皮肤和皮下组织疾病 (L00-L99)
L98.802,耳后血肿骨化,109,EHXZGH,第12章 皮肤和皮下组织疾病 (L00-L99)
L98.803,皮肤淋巴细胞瘤,109,PFLBXBL,第12章 皮肤和皮下组织疾病 (L00-L99)
L98.804,手术后皮下瘘,109,SSHPXL,第12章 皮肤和皮下组织疾病 (L00-L99)
L98.805,皮肤瘘管,109,PFLG,第12章 皮肤和皮下组织疾病 (L00-L99)
L98.806,陈旧性皮下血肿,109,CJXPXXZ,第12章 皮肤和皮下组织疾病 (L00-L99)
L98.807,皮痛,109,PT,第12章 皮肤和皮下组织疾病 (L00-L99)
L98.808,骶尾部窦道,109,DWBDD,第12章 皮肤和皮下组织疾病 (L00-L99)
L98.809,髂窝血肿,109,QWXZ,第12章 皮肤和皮下组织疾病 (L00-L99)
L98.810,骶尾部脓肿,109,DWBNZ,第12章 皮肤和皮下组织疾病 (L00-L99)
L98.811,手术后皮下积液,109,SSHPXJY,第12章 皮肤和皮下组织疾病 (L00-L99)
L98.812,臀部窦道,109,TBDD,第12章 皮肤和皮下组织疾病 (L00-L99)
L98.901,皮肤和皮下肿物,109,PFHPXZW,第12章 皮肤和皮下组织疾病 (L00-L99)
L98.902,骶部肿物,109,DBZW,第12章 皮肤和皮下组织疾病 (L00-L99)
M00.991,感染性关节炎,113,GRXGJY,第13章 肌肉骨骼系统和结缔组织疾病 (M00-M99)
M00.992,化脓性关节炎,113,HNXGJY,第13章 肌肉骨骼系统和结缔组织疾病 (M00-M99)
M02.291,血清性关节炎,113,XQXGJY,第13章 肌肉骨骼系统和结缔组织疾病 (M00-M99)
M02.301,莱特尔(尿道炎-结膜炎-关节炎)综合征,113,LTENDYJMYGJYZHZ,第13章 肌肉骨骼系统和结缔组织疾病 (M00-M99)
M05.001,类风湿性关节炎合并脾大白细胞减少,114,LFSXGJYHBPDBXBJS,第13章 肌肉骨骼系统和结缔组织疾病 (M00-M99)
M05.101+ J99.001,类风湿疾病肺改变,114,LFSJBFGB,第13章 肌肉骨骼系统和结缔组织疾病 (M00-M99)
M05.102+ J99.002*,类风湿性纤维化肺泡炎,114,LFSXXWHFPY,第13章 肌肉骨骼系统和结缔组织疾病 (M00-M99)
M05.103+ J99.003*,类风湿性弥漫性肺间质纤维化,114,LFSXMMXFJZXWH,第13章 肌肉骨骼系统和结缔组织疾病 (M00-M99)
M05.301,累及内脏的类风湿性关节炎,114,LJNZDLFSXGJY,第13章 肌肉骨骼系统和结缔组织疾病 (M00-M99)
M05.302,累及全身的类风湿性关节炎,114,LJQSDLFSXGJY,第13章 肌肉骨骼系统和结缔组织疾病 (M00-M99)
M05.303+ G73.701*,类风湿性关节炎性肌病,114,LFSXGJYXJB,第13章 肌肉骨骼系统和结缔组织疾病 (M00-M99)
M06.101,成人斯蒂尔病,114,CRSDEB,第13章 肌肉骨骼系统和结缔组织疾病 (M00-M99)
M06.991,类风湿性关节炎,114,LFSXGJY,第13章 肌肉骨骼系统和结缔组织疾病 (M00-M99)
M08.201,幼年型全身性类风湿关节炎(变应性亚败,114,YNXQSXLFSGJYBYXYB,第13章 肌肉骨骼系统和结缔组织疾病 (M00-M99)
M08.291,斯蒂尔病,114,SDEB,第13章 肌肉骨骼系统和结缔组织疾病 (M00-M99)
M08.301,"儿童类风湿病,多关节型",114,ETLFSBDGJX,第13章 肌肉骨骼系统和结缔组织疾病 (M00-M99)
M10.091,痛风石,114,TFS,第13章 肌肉骨骼系统和结缔组织疾病 (M00-M99)
M10.092,痛风性关节炎,114,TFXGJY,第13章 肌肉骨骼系统和结缔组织疾病 (M00-M99)
M10.093,痛风性滑囊炎,114,TFXHNY,第13章 肌肉骨骼系统和结缔组织疾病 (M00-M99)
M10.094+ I43.804*,心痛风石,114,XTFS,第13章 肌肉骨骼系统和结缔组织疾病 (M00-M99)
M10.391,痛风性肾病,114,TFXSB,第13章 肌肉骨骼系统和结缔组织疾病 (M00-M99)
M10.392,痛风性肾结石,114,TFXSJS,第13章 肌肉骨骼系统和结缔组织疾病 (M00-M99)
M10.991,痛风,114,TF,第13章 肌肉骨骼系统和结缔组织疾病 (M00-M99)
M10.992,痛风结节,114,TFJJ,第13章 肌肉骨骼系统和结缔组织疾病 (M00-M99)
M10.993+ H62.801*,耳痛风石,114,ETFS,第13章 肌肉骨骼系统和结缔组织疾病 (M00-M99)
M11.291,软骨钙质沉着,114,RGGZCZ,第13章 肌肉骨骼系统和结缔组织疾病 (M00-M99)
M12.001,风湿性关节炎,114,FSXGJY,第13章 肌肉骨骼系统和结缔组织疾病 (M00-M99)
M12.191,大骨节病(卡斯钦-贝克氏病),114,DGJBKSQBKSB,第13章 肌肉骨骼系统和结缔组织疾病 (M00-M99)
M12.291,绒毛结节状滑膜炎,114,RMJJZHMY,第13章 肌肉骨骼系统和结缔组织疾病 (M00-M99)
M12.501,创伤性关节病,114,CSXGJB,第13章 肌肉骨骼系统和结缔组织疾病 (M00-M99)
M12.891,短暂性关节炎,114,DZXGJY,第13章 肌肉骨骼系统和结缔组织疾病 (M00-M99)
M13.001,儿童慢性关节炎,114,ETMXGJY,第13章 肌肉骨骼系统和结缔组织疾病 (M00-M99)
M13.891,变应性关节炎,114,BYXGJY,第13章 肌肉骨骼系统和结缔组织疾病 (M00-M99)
M13.991,关节炎,114,GJY,第13章 肌肉骨骼系统和结缔组织疾病 (M00-M99)
M16.301,髋关节撞击综合征,115,KGJZJZHZ,第13章 肌肉骨骼系统和结缔组织疾病 (M00-M99)
M16.951,髋骨关节病,115,KGGJB,第13章 肌肉骨骼系统和结缔组织疾病 (M00-M99)
M17.961,膝骨关节病,115,XGGJB,第13章 肌肉骨骼系统和结缔组织疾病 (M00-M99)
M18.941,腕骨关节病,139,WGGJB,第13章 肌肉骨骼系统和结缔组织疾病 (M00-M99)
M19.801,退行性关节病,115,TXXGJB,第13章 肌肉骨骼系统和结缔组织疾病 (M00-M99)
M19.821,肘骨关节病,115,ZGGJB,第13章 肌肉骨骼系统和结缔组织疾病 (M00-M99)
M19.841,指骨关节病,115,ZGGJB,第13章 肌肉骨骼系统和结缔组织疾病 (M00-M99)
M19.871,踝骨关节病,115,HGGJB,第13章 肌肉骨骼系统和结缔组织疾病 (M00-M99)
M19.991,骨关节病,115,GGJB,第13章 肌肉骨骼系统和结缔组织疾病 (M00-M99)
M20.001,后天性槌状指,113,HTXCZZ,第13章 肌肉骨骼系统和结缔组织疾病 (M00-M99)
M20.002,后天性指畸形,113,HTXZJX,第13章 肌肉骨骼系统和结缔组织疾病 (M00-M99)
M20.101,拇囊炎(足),113,MNYZ,第13章 肌肉骨骼系统和结缔组织疾病 (M00-M99)
M20.102,后天性拇外翻,113,HTXMWF,第13章 肌肉骨骼系统和结缔组织疾病 (M00-M99)
M20.103,后天性腕畸形,113,HTXWJX,第13章 肌肉骨骼系统和结缔组织疾病 (M00-M99)
M20.301,后天性拇内翻,113,HTXMNF,第13章 肌肉骨骼系统和结缔组织疾病 (M00-M99)
M20.501,足仰趾畸形,113,ZYZJX,第13章 肌肉骨骼系统和结缔组织疾病 (M00-M99)
M20.601,后天性趾畸形,113,HTXZJX,第13章 肌肉骨骼系统和结缔组织疾病 (M00-M99)
M21.021,后天性肘外翻,113,HTXZWF,第13章 肌肉骨骼系统和结缔组织疾病 (M00-M99)
M21.061,后天性膝外翻,113,HTXXWF,第13章 肌肉骨骼系统和结缔组织疾病 (M00-M99)
M21.071,后天性马蹄外翻足,113,HTXMTWFZ,第13章 肌肉骨骼系统和结缔组织疾病 (M00-M99)
M21.072,后天性外翻足,113,HTXWFZ,第13章 肌肉骨骼系统和结缔组织疾病 (M00-M99)
M21.101,肩内翻畸形,113,JNFJX,第13章 肌肉骨骼系统和结缔组织疾病 (M00-M99)
M21.121,后天性肘内翻,113,HTXZNF,第13章 肌肉骨骼系统和结缔组织疾病 (M00-M99)
M21.151,后天性髋内翻,113,HTXKNF,第13章 肌肉骨骼系统和结缔组织疾病 (M00-M99)
M21.161,后天性膝内翻,113,HTXXNF,第13章 肌肉骨骼系统和结缔组织疾病 (M00-M99)
M21.171,后天性内翻足,113,HTXNFZ,第13章 肌肉骨骼系统和结缔组织疾病 (M00-M99)
M21.261,后天性膝关节屈曲畸形,113,HTXXGJQQJX,第13章 肌肉骨骼系统和结缔组织疾病 (M00-M99)
M21.371,后天性足下垂,113,HTXZXC,第13章 肌肉骨骼系统和结缔组织疾病 (M00-M99)
M21.471,扁平足,113,BPZ,第13章 肌肉骨骼系统和结缔组织疾病 (M00-M99)
M21.501,拇对掌功能障碍,113,MDZGNZA,第13章 肌肉骨骼系统和结缔组织疾病 (M00-M99)
M21.571,后天性马蹄内翻足,113,HTXMTNFZ,第13章 肌肉骨骼系统和结缔组织疾病 (M00-M99)
M21.572,后天性高弓足,113,HTXGGZ,第13章 肌肉骨骼系统和结缔组织疾病 (M00-M99)
M21.671,足后天畸形,113,ZHTJX,第13章 肌肉骨骼系统和结缔组织疾病 (M00-M99)
M21.801,胫腓骨短缩畸形（后天性）,113,JFGDSJXHTX,第13章 肌肉骨骼系统和结缔组织疾病 (M00-M99)
M21.851,后天性股骨畸形,113,HTXGGJX,第13章 肌肉骨骼系统和结缔组织疾病 (M00-M99)
M21.951,后天性髋关节畸形,113,HTXKGJJX,第13章 肌肉骨骼系统和结缔组织疾病 (M00-M99)
M21.981,后天性下肢畸形,113,HTXXZJX,第13章 肌肉骨骼系统和结缔组织疾病 (M00-M99)
M22.461,膑骨软化,113,BGRH,第13章 肌肉骨骼系统和结缔组织疾病 (M00-M99)
M22.561,髌骨变异,113,BGBY,第13章 肌肉骨骼系统和结缔组织疾病 (M00-M99)
M23.061,膝外侧半月板囊肿,113,XWCBYBNZ,第13章 肌肉骨骼系统和结缔组织疾病 (M00-M99)
M23.091,膝半月板囊肿,113,XBYBNZ,第13章 肌肉骨骼系统和结缔组织疾病 (M00-M99)
M23.191,先天性盘状半月板,113,XTXPZBYB,第13章 肌肉骨骼系统和结缔组织疾病 (M00-M99)
M23.231,陈旧性膝内侧半月板损伤,113,CJXXNCBYBSS,第13章 肌肉骨骼系统和结缔组织疾病 (M00-M99)
M23.261,陈旧性膝外侧半月板损伤,113,CJXXWCBYBSS,第13章 肌肉骨骼系统和结缔组织疾病 (M00-M99)
M23.291,陈旧性半月板损伤,113,CJXBYBSS,第13章 肌肉骨骼系统和结缔组织疾病 (M00-M99)
M23.491,膝关节游离体,113,XGJYLT,第13章 肌肉骨骼系统和结缔组织疾病 (M00-M99)
M23.601,陈旧性膝韧带损伤,113,CJXXRDSS,第13章 肌肉骨骼系统和结缔组织疾病 (M00-M99)
M23.701,膝关节韧带囊肿,113,XGJRDNZ,第13章 肌肉骨骼系统和结缔组织疾病 (M00-M99)
M23.801,膝关节脓肿,113,XGJNZ,第13章 肌肉骨骼系统和结缔组织疾病 (M00-M99)
M23.802,弹响膝,113,TXX,第13章 肌肉骨骼系统和结缔组织疾病 (M00-M99)
M23.901,膝关节内侧紊乱,113,XGJNCWL,第13章 肌肉骨骼系统和结缔组织疾病 (M00-M99)
M24.091,关节内游离体,113,GJNYLT,第13章 肌肉骨骼系统和结缔组织疾病 (M00-M99)
M24.20,陈旧性腕韧带损伤,113,CJXWRDSS,第13章 肌肉骨骼系统和结缔组织疾病 (M00-M99)
M24.201,前交叉韧带松弛,113,QJCRDSC,第13章 肌肉骨骼系统和结缔组织疾病 (M00-M99)
M24.281,项韧带肥厚,113,XRDFH,第13章 肌肉骨骼系统和结缔组织疾病 (M00-M99)
M24.291,黄韧带肥厚,113,HRDFH,第13章 肌肉骨骼系统和结缔组织疾病 (M00-M99)
M24.292,韧带钙化,113,RDGH,第13章 肌肉骨骼系统和结缔组织疾病 (M00-M99)
M24.351,髋关节病理性脱位,113,KGJBLXTW,第13章 肌肉骨骼系统和结缔组织疾病 (M00-M99)
M24.361,膝关节病理性脱位,113,XGJBLXTW,第13章 肌肉骨骼系统和结缔组织疾病 (M00-M99)
M24.391,关节病理性脱位,113,GJBLXTW,第13章 肌肉骨骼系统和结缔组织疾病 (M00-M99)
M24.392,关节自发性脱位,113,GJZFXTW,第13章 肌肉骨骼系统和结缔组织疾病 (M00-M99)
M24.491,关节习惯性脱位,113,GJXGXTW,第13章 肌肉骨骼系统和结缔组织疾病 (M00-M99)
M24.551,髋关节屈曲挛缩(后天性),113,KGJQQLSHTX,第13章 肌肉骨骼系统和结缔组织疾病 (M00-M99)
M24.591,关节挛缩,113,GJLS,第13章 肌肉骨骼系统和结缔组织疾病 (M00-M99)
M24.621,肘关节强硬,113,ZGJQY,第13章 肌肉骨骼系统和结缔组织疾病 (M00-M99)
M24.651,髋关节强硬,113,KGJQY,第13章 肌肉骨骼系统和结缔组织疾病 (M00-M99)
M24.661,膝关节强硬,113,XGJQY,第13章 肌肉骨骼系统和结缔组织疾病 (M00-M99)
M24.671,踝关节强硬,113,HGJQY,第13章 肌肉骨骼系统和结缔组织疾病 (M00-M99)
M24.691,关节强硬,113,GJQY,第13章 肌肉骨骼系统和结缔组织疾病 (M00-M99)
M24.851,弹响髋,113,TXK,第13章 肌肉骨骼系统和结缔组织疾病 (M00-M99)
M24.861,陈旧性髌骨脱位,113,CJXBGTW,第13章 肌肉骨骼系统和结缔组织疾病 (M00-M99)
M24.891,关节粘连,113,GJNL,第13章 肌肉骨骼系统和结缔组织疾病 (M00-M99)
M25.091,关节积血,113,GJJX,第13章 肌肉骨骼系统和结缔组织疾病 (M00-M99)
M25.092,膝关节血肿,113,XGJXZ,第13章 肌肉骨骼系统和结缔组织疾病 (M00-M99)
M25.491,关节积液,113,GJJY,第13章 肌肉骨骼系统和结缔组织疾病 (M00-M99)
M25.511,肩关节痛,113,JGJT,第13章 肌肉骨骼系统和结缔组织疾病 (M00-M99)
M25.551,髋关节痛,113,KGJT,第13章 肌肉骨骼系统和结缔组织疾病 (M00-M99)
M25.561,膝关节痛,113,XGJT,第13章 肌肉骨骼系统和结缔组织疾病 (M00-M99)
M25.591,关节痛,113,GJT,第13章 肌肉骨骼系统和结缔组织疾病 (M00-M99)
M25.601,肢体僵硬,113,ZTJY,第13章 肌肉骨骼系统和结缔组织疾病 (M00-M99)
M25.661,膝关节僵硬,113,XGJJY,第13章 肌肉骨骼系统和结缔组织疾病 (M00-M99)
M25.691,关节僵硬,113,GJJY,第13章 肌肉骨骼系统和结缔组织疾病 (M00-M99)
M25.891,关节肿胀,113,GJZZ,第13章 肌肉骨骼系统和结缔组织疾病 (M00-M99)
M25.892,关节周围骨化,113,GJZWGH,第13章 肌肉骨骼系统和结缔组织疾病 (M00-M99)
M25.893,尺骨撞击综合征,113,CGZJZHZ,第13章 肌肉骨骼系统和结缔组织疾病 (M00-M99)
M25.991,关节病,113,GJB,第13章 肌肉骨骼系统和结缔组织疾病 (M00-M99)
M25.992,关节肿物,113,GJZW,第13章 肌肉骨骼系统和结缔组织疾病 (M00-M99)
M30.001,结节性多动脉炎(全动脉炎)(坏死性血管,116,JJXDDMYQDMYHSXXG,第13章 肌肉骨骼系统和结缔组织疾病 (M00-M99)
M30.002,全动脉炎,116,QDMY,第13章 肌肉骨骼系统和结缔组织疾病 (M00-M99)
M30.101,变应性肉芽肿性血管炎,116,BYXRYZXXGY,第13章 肌肉骨骼系统和结缔组织疾病 (M00-M99)
M30.301,川崎病(急性发热性粘膜皮肤淋巴结综合,116,CQBJXFRXNMPFLBJZH,第13章 肌肉骨骼系统和结缔组织疾病 (M00-M99)
M31.001,过敏性脉管炎,116,GMXMGY,第13章 肌肉骨骼系统和结缔组织疾病 (M00-M99)
M31.002,古特帕斯丘氏综合征(肺出血肾炎综合征),116,GTPSQSZHZFCXSYZHZ,第13章 肌肉骨骼系统和结缔组织疾病 (M00-M99)
M31.003,免疫性血管炎,116,MYXXGY,第13章 肌肉骨骼系统和结缔组织疾病 (M00-M99)
M31.101,血栓性血小板减少性紫癜,116,XSXXXBJSXZD,第13章 肌肉骨骼系统和结缔组织疾病 (M00-M99)
M31.102,血栓性微血管病,116,XSXWXGB,第13章 肌肉骨骼系统和结缔组织疾病 (M00-M99)
M31.201,致死性中线肉芽肿(鼻部坏疽性肉芽肿),116,ZSXZXRYZBBHJXRYZ,第13章 肌肉骨骼系统和结缔组织疾病 (M00-M99)
M31.203,坏疽性肉芽肿,116,HJXRYZ,第13章 肌肉骨骼系统和结缔组织疾病 (M00-M99)
M31.204,咽部坏疽性肉芽肿,116,YBHJXRYZ,第13章 肌肉骨骼系统和结缔组织疾病 (M00-M99)
M31.205,恶性肉芽肿,116,EXRYZ,第13章 肌肉骨骼系统和结缔组织疾病 (M00-M99)
M31.301,韦格内氏肉芽肿,116,WGNSRYZ,第13章 肌肉骨骼系统和结缔组织疾病 (M00-M99)
M31.401,高安氏病(无脉病)(多发性大动脉炎),116,GASBWMBDFXDDMY,第13章 肌肉骨骼系统和结缔组织疾病 (M00-M99)
M31.601,巨细胞动脉炎(颞动脉炎),116,JXBDMYNDMY,第13章 肌肉骨骼系统和结缔组织疾病 (M00-M99)
M32.101+ G05.801*,狼疮性脑病,117,LCXNB,第13章 肌肉骨骼系统和结缔组织疾病 (M00-M99)
M32.102+ G32.801*,狼疮性心包炎,117,LCXXBY,第13章 肌肉骨骼系统和结缔组织疾病 (M00-M99)
M32.103+ I41.801*,狼疮性心肌病,117,LCXXJB,第13章 肌肉骨骼系统和结缔组织疾病 (M00-M99)
M32.104+ J99.101*,狼疮性肺炎,117,LCXFY,第13章 肌肉骨骼系统和结缔组织疾病 (M00-M99)
M32.105+ N08.501*,红斑狼疮性肾炎,117,HBLCXSY,第13章 肌肉骨骼系统和结缔组织疾病 (M00-M99)
M32.106+ I39.803*,利-萨二氏病(非典型疣状心内膜炎),117,LSESBFDXYZXNMY,第13章 肌肉骨骼系统和结缔组织疾病 (M00-M99)
M32.107+ J99.102*,狼疮性肺病变,117,LCXFBB,第13章 肌肉骨骼系统和结缔组织疾病 (M00-M99)
M32.108+ G63.501*,狼疮性神经炎,117,LCXSJY,第13章 肌肉骨骼系统和结缔组织疾病 (M00-M99)
M32.109+ G99.202*,狼疮性脊髓病变,117,LCXJSBB,第13章 肌肉骨骼系统和结缔组织疾病 (M00-M99)
M32.110+ G63.502*,狼疮性周围神经病,117,LCXZWSJB,第13章 肌肉骨骼系统和结缔组织疾病 (M00-M99)
M32.111+ K67.801*,狼疮性浆膜炎,117,LCXJMY,第13章 肌肉骨骼系统和结缔组织疾病 (M00-M99)
M32.201,狼疮性多器官功能损害,117,LCXDQGGNSH,第13章 肌肉骨骼系统和结缔组织疾病 (M00-M99)
M32.901,系统性红斑狼疮,117,XTXHBLC,第13章 肌肉骨骼系统和结缔组织疾病 (M00-M99)
M33.101,皮肌炎,116,PJY,第13章 肌肉骨骼系统和结缔组织疾病 (M00-M99)
M33.102+ G63.503*,皮肌炎性周围神经病,116,PJYXZWSJB,第13章 肌肉骨骼系统和结缔组织疾病 (M00-M99)
M33.201,多肌炎,116,DJY,第13章 肌肉骨骼系统和结缔组织疾病 (M00-M99)
M33.202+ J99.103*,多肌炎伴肺间质纤维化,116,DJYBFJZXWH,第13章 肌肉骨骼系统和结缔组织疾病 (M00-M99)
M34.801+ J99.104*,全身性硬皮病性肺病变,139,QSXYPBXFBB,第13章 肌肉骨骼系统和结缔组织疾病 (M00-M99)
M34.901,全身性硬皮病,116,QSXYPB,第13章 肌肉骨骼系统和结缔组织疾病 (M00-M99)
M34.902,硬皮病,116,YPB,第13章 肌肉骨骼系统和结缔组织疾病 (M00-M99)
M35.001,干燥综合征(斯耶格伦氏综合征),116,GZZHZSYGLSZHZ,第13章 肌肉骨骼系统和结缔组织疾病 (M00-M99)
M35.002,继发性干燥综合征,116,JFXGZZHZ,第13章 肌肉骨骼系统和结缔组织疾病 (M00-M99)
M35.003+ H19.301*,干燥性角膜结膜炎,116,GZXJMJMY,第13章 肌肉骨骼系统和结缔组织疾病 (M00-M99)
M35.005+ J99.106*,干燥综合征性肺病变,116,GZZHZXFBB,第13章 肌肉骨骼系统和结缔组织疾病 (M00-M99)
M35.006+ G73.702*,干燥综合征性肌病,116,GZZHZXJB,第13章 肌肉骨骼系统和结缔组织疾病 (M00-M99)
M35.101,重叠结缔组织病,116,CDJDZZB,第13章 肌肉骨骼系统和结缔组织疾病 (M00-M99)
M35.201,贝赫切特综合征,116,BHQTZHZ,第13章 肌肉骨骼系统和结缔组织疾病 (M00-M99)
M35.301,风湿性多肌痛,116,FSXDJT,第13章 肌肉骨骼系统和结缔组织疾病 (M00-M99)
M35.901,结缔组织病,116,JDZZB,第13章 肌肉骨骼系统和结缔组织疾病 (M00-M99)
M35.902+ G63.504*,胶原病性神经炎,116,JYBXSJY,第13章 肌肉骨骼系统和结缔组织疾病 (M00-M99)
M35.903,自体免疫病,116,ZTMYB,第13章 肌肉骨骼系统和结缔组织疾病 (M00-M99)
M35.904,近端指间关节胶原沉积症,116,JDZJGJJYCJZ,第13章 肌肉骨骼系统和结缔组织疾病 (M00-M99)
M40.091,青年期姿势性脊柱后凸,113,QNQZSXJZHT,第13章 肌肉骨骼系统和结缔组织疾病 (M00-M99)
M40.291,后天性脊柱后凸,113,HTXJZHT,第13章 肌肉骨骼系统和结缔组织疾病 (M00-M99)
M40.301,直背综合征,113,ZBZHZ,第13章 肌肉骨骼系统和结缔组织疾病 (M00-M99)
M40.591,脊柱前凸,113,JZQT,第13章 肌肉骨骼系统和结缔组织疾病 (M00-M99)
M41.291,特发性脊柱侧凸(弯),113,TFXJZCTW,第13章 肌肉骨骼系统和结缔组织疾病 (M00-M99)
M41.491,脊髓灰质炎后脊柱侧凸(弯),113,JSHZYHJZCTW,第13章 肌肉骨骼系统和结缔组织疾病 (M00-M99)
M41.491+ B91.01*,脊髓灰质炎后脊柱侧凸(弯),113,JSHZYHJZCTW,第13章 肌肉骨骼系统和结缔组织疾病 (M00-M99)
M41.991,脊柱后侧凸,113,JZHCT,第13章 肌肉骨骼系统和结缔组织疾病 (M00-M99)
M41.992,脊柱侧凸(弯),113,JZCTW,第13章 肌肉骨骼系统和结缔组织疾病 (M00-M99)
M42.091,绍伊尔曼氏病(幼年型脊柱骨软骨炎),113,SYEMSBYNXJZGRGY,第13章 肌肉骨骼系统和结缔组织疾病 (M00-M99)
M43.191,后天性脊椎滑脱,113,HTXJZHT,第13章 肌肉骨骼系统和结缔组织疾病 (M00-M99)
M43.621,斜颈,113,XJ,第13章 肌肉骨骼系统和结缔组织疾病 (M00-M99)
M43.622,肌原性斜颈,113,JYXXJ,第13章 肌肉骨骼系统和结缔组织疾病 (M00-M99)
M43.991,后天性脊柱变形,113,HTXJZBX,第13章 肌肉骨骼系统和结缔组织疾病 (M00-M99)
M45.991,强直性脊柱炎,113,QZXJZY,第13章 肌肉骨骼系统和结缔组织疾病 (M00-M99)
M46.181,骶髂关节炎,113,DQGJY,第13章 肌肉骨骼系统和结缔组织疾病 (M00-M99)
M46.891,肥大性脊柱炎,113,FDXJZY,第13章 肌肉骨骼系统和结缔组织疾病 (M00-M99)
M46.892,化脓性脊柱炎,113,HNXJZY,第13章 肌肉骨骼系统和结缔组织疾病 (M00-M99)
M46.893,椎间隙感染,113,ZJXGR,第13章 肌肉骨骼系统和结缔组织疾病 (M00-M99)
M46.894,椎管后感染,113,ZGHGR,第13章 肌肉骨骼系统和结缔组织疾病 (M00-M99)
M46.991,脊柱炎,113,JZY,第13章 肌肉骨骼系统和结缔组织疾病 (M00-M99)
M47.221+ G55.201*,颈椎关节强硬伴脊髓病,118,JZGJQYBJSB,第13章 肌肉骨骼系统和结缔组织疾病 (M00-M99)
M47.241+ G55.202*,胸椎关节强硬伴脊髓病,118,XZGJQYBJSB,第13章 肌肉骨骼系统和结缔组织疾病 (M00-M99)
M47.821,颈椎关节强硬,118,JZGJQY,第13章 肌肉骨骼系统和结缔组织疾病 (M00-M99)
M47.841,胸椎关节强硬,118,XZGJQY,第13章 肌肉骨骼系统和结缔组织疾病 (M00-M99)
M47.891,颈椎骨质增生,118,JZGZZS,第13章 肌肉骨骼系统和结缔组织疾病 (M00-M99)
M47.902,颈椎骨质增生(颈椎骨关节炎),118,JZGZZSJZGGJY,第13章 肌肉骨骼系统和结缔组织疾病 (M00-M99)
M47.991,变形性脊柱炎,118,BXXJZY,第13章 肌肉骨骼系统和结缔组织疾病 (M00-M99)
M47.992,脊柱骨关节病,118,JZGGJB,第13章 肌肉骨骼系统和结缔组织疾病 (M00-M99)
M48.021,颈椎管狭窄,113,JZGXZ,第13章 肌肉骨骼系统和结缔组织疾病 (M00-M99)
M48.061,腰椎管狭窄,113,YZGXZ,第13章 肌肉骨骼系统和结缔组织疾病 (M00-M99)
M48.091,椎管狭窄,113,ZGXZ,第13章 肌肉骨骼系统和结缔组织疾病 (M00-M99)
M48.821,颈后纵韧带钙化,113,JHZRDGH,第13章 肌肉骨骼系统和结缔组织疾病 (M00-M99)
M48.891,后纵韧带骨化,113,HZRDGH,第13章 肌肉骨骼系统和结缔组织疾病 (M00-M99)
M50.001+ G99.201*,颈椎病,113,JZB,第13章 肌肉骨骼系统和结缔组织疾病 (M00-M99)
M50.201,颈椎间盘脱出,119,JZJPTC,第13章 肌肉骨骼系统和结缔组织疾病 (M00-M99)
M50.301,颈椎间盘变性,119,JZJPBX,第13章 肌肉骨骼系统和结缔组织疾病 (M00-M99)
M50.801,颈心综合征,119,JXZHZ,第13章 肌肉骨骼系统和结缔组织疾病 (M00-M99)
M51.001+ G99.203*,椎间盘脱出伴脊髓病,119,ZJPTCBJSB,第13章 肌肉骨骼系统和结缔组织疾病 (M00-M99)
M51.201,胸椎间盘脱出,119,XZJPTC,第13章 肌肉骨骼系统和结缔组织疾病 (M00-M99)
M51.202,腰椎间盘脱出,119,YZJPTC,第13章 肌肉骨骼系统和结缔组织疾病 (M00-M99)
M51.301,腰骶椎间盘变性,119,YDZJPBX,第13章 肌肉骨骼系统和结缔组织疾病 (M00-M99)
M51.302,椎间盘变性,119,ZJPBX,第13章 肌肉骨骼系统和结缔组织疾病 (M00-M99)
M51.303,腰椎退行性变,119,YZTXXB,第13章 肌肉骨骼系统和结缔组织疾病 (M00-M99)
M51.304,颈椎退行性变,119,JZTXXB,第13章 肌肉骨骼系统和结缔组织疾病 (M00-M99)
M51.305,腰骶椎滑膜嵌顿症,119,YDZHMQDZ,第13章 肌肉骨骼系统和结缔组织疾病 (M00-M99)
M51.306,胸椎退行性变,119,XZTXXB,第13章 肌肉骨骼系统和结缔组织疾病 (M00-M99)
M51.901,椎间盘疾患,119,ZJPJH,第13章 肌肉骨骼系统和结缔组织疾病 (M00-M99)
M53.201,脊柱病理性脱位,113,JZBLXTW,第13章 肌肉骨骼系统和结缔组织疾病 (M00-M99)
M53.202,椎体失稳,113,ZTSW,第13章 肌肉骨骼系统和结缔组织疾病 (M00-M99)
M53.381,尾部疼痛,113,WBTT,第13章 肌肉骨骼系统和结缔组织疾病 (M00-M99)
M53.891,脊柱强直,113,JZQZ,第13章 肌肉骨骼系统和结缔组织疾病 (M00-M99)
M54.121,颈神经根病,113,JSJGB,第13章 肌肉骨骼系统和结缔组织疾病 (M00-M99)
M54.122,颈神经根炎,113,JSJGY,第13章 肌肉骨骼系统和结缔组织疾病 (M00-M99)
M54.123,臂丛神经根炎,113,BCSJGY,第13章 肌肉骨骼系统和结缔组织疾病 (M00-M99)
M54.124,肩胛舌骨肌综合征,113,JJSGJZHZ,第13章 肌肉骨骼系统和结缔组织疾病 (M00-M99)
M54.141,胸神经炎,113,XSJY,第13章 肌肉骨骼系统和结缔组织疾病 (M00-M99)
M54.171,腰骶神经根病,113,YDSJGB,第13章 肌肉骨骼系统和结缔组织疾病 (M00-M99)
M54.172,腰骶神经根炎,113,YDSJGY,第13章 肌肉骨骼系统和结缔组织疾病 (M00-M99)
M54.191,神经根病,113,SJGB,第13章 肌肉骨骼系统和结缔组织疾病 (M00-M99)
M54.192,神经根炎,113,SJGY,第13章 肌肉骨骼系统和结缔组织疾病 (M00-M99)
M54.221,颈痛,113,JT,第13章 肌肉骨骼系统和结缔组织疾病 (M00-M99)
M54.381,坐骨神经痛,113,ZGSJT,第13章 肌肉骨骼系统和结缔组织疾病 (M00-M99)
M54.551,腰背痛,113,YBT,第13章 肌肉骨骼系统和结缔组织疾病 (M00-M99)
M54.561,腰肌劳损,113,YJLS,第13章 肌肉骨骼系统和结缔组织疾病 (M00-M99)
M54.562,腰痛,113,YT,第13章 肌肉骨骼系统和结缔组织疾病 (M00-M99)
M54.563,第三横突综合征,113,DSHTZHZ,第13章 肌肉骨骼系统和结缔组织疾病 (M00-M99)
M60.081,腰大肌脓肿,113,YDJNZ,第13章 肌肉骨骼系统和结缔组织疾病 (M00-M99)
M60.091,感染性肌炎,113,GRXJY,第13章 肌肉骨骼系统和结缔组织疾病 (M00-M99)
M60.191,间质性肌炎,113,JZXJY,第13章 肌肉骨骼系统和结缔组织疾病 (M00-M99)
M60.291,异物性肉芽肿,113,YWXRYZ,第13章 肌肉骨骼系统和结缔组织疾病 (M00-M99)
M60.801,肌间隙脓肿,113,JJXNZ,第13章 肌肉骨骼系统和结缔组织疾病 (M00-M99)
M60.891,坏死性肌炎,113,HSXJY,第13章 肌肉骨骼系统和结缔组织疾病 (M00-M99)
M60.991,肌筋膜炎,113,JJMY,第13章 肌肉骨骼系统和结缔组织疾病 (M00-M99)
M60.992,肌炎,113,JY,第13章 肌肉骨骼系统和结缔组织疾病 (M00-M99)
M61.591,骨化性肌炎,113,GHXJY,第13章 肌肉骨骼系统和结缔组织疾病 (M00-M99)
M61.901,肌肉钙化,,JRGH,第13章 肌肉骨骼系统和结缔组织疾病 (M00-M99)
M61.902,异位骨化,113,YWGH,第13章 肌肉骨骼系统和结缔组织疾病 (M00-M99)
M62.481,下肢肌挛缩,113,XZJLS,第13章 肌肉骨骼系统和结缔组织疾病 (M00-M99)
M62.482,臀肌挛缩,113,TJLS,第13章 肌肉骨骼系统和结缔组织疾病 (M00-M99)
M62.483,上肢肌挛缩,113,SZJLS,第13章 肌肉骨骼系统和结缔组织疾病 (M00-M99)
M62.484,臀肌综合症,113,TJZHZ,第13章 肌肉骨骼系统和结缔组织疾病 (M00-M99)
M62.491,肌挛缩,113,JLS,第13章 肌肉骨骼系统和结缔组织疾病 (M00-M99)
M62.581,单侧肢体肌萎缩,113,DCZTJWS,第13章 肌肉骨骼系统和结缔组织疾病 (M00-M99)
M62.582,肌肉萎缩,113,JRWS,第13章 肌肉骨骼系统和结缔组织疾病 (M00-M99)
M62.801,咀嚼肌肥大,113,JJJFD,第13章 肌肉骨骼系统和结缔组织疾病 (M00-M99)
M62.861,腓骨长肌滑脱,113,FGCJHT,第13章 肌肉骨骼系统和结缔组织疾病 (M00-M99)
M62.862,腓肠肌肥大,113,FCJFD,第13章 肌肉骨骼系统和结缔组织疾病 (M00-M99)
M62.891,肌疝,113,JS,第13章 肌肉骨骼系统和结缔组织疾病 (M00-M99)
M62.892,肌纤维变性,113,JXWBX,第13章 肌肉骨骼系统和结缔组织疾病 (M00-M99)
M62.893,肌肉瘢痕,113,JRBH,第13章 肌肉骨骼系统和结缔组织疾病 (M00-M99)
M62.894,肌肉肉芽肿,113,JRRYZ,第13章 肌肉骨骼系统和结缔组织疾病 (M00-M99)
M62.895,肌间隙综合征,113,JJXZHZ,第13章 肌肉骨骼系统和结缔组织疾病 (M00-M99)
M62.896,肌肉脂肪浸润,113,JRZFJR,第13章 肌肉骨骼系统和结缔组织疾病 (M00-M99)
M62.901,肌肉增生,113,JRZS,第13章 肌肉骨骼系统和结缔组织疾病 (M00-M99)
M62.991,肌肉肿物,113,JRZW,第13章 肌肉骨骼系统和结缔组织疾病 (M00-M99)
M62.992,肌间血肿,113,JJXZ,第13章 肌肉骨骼系统和结缔组织疾病 (M00-M99)
M65.391,扳机状指,113,BJZZ,第13章 肌肉骨骼系统和结缔组织疾病 (M00-M99)
M65.392,弹响指,113,TXZ,第13章 肌肉骨骼系统和结缔组织疾病 (M00-M99)
M65.891,肌腱钙化,113,JJGH,第13章 肌肉骨骼系统和结缔组织疾病 (M00-M99)
M65.892,粘连性肌腱炎,113,NLXJJY,第13章 肌肉骨骼系统和结缔组织疾病 (M00-M99)
M65.951,髋滑膜炎,113,KHMY,第13章 肌肉骨骼系统和结缔组织疾病 (M00-M99)
M65.961,膝滑膜炎,113,XHMY,第13章 肌肉骨骼系统和结缔组织疾病 (M00-M99)
M65.991,滑膜炎,113,HMY,第13章 肌肉骨骼系统和结缔组织疾病 (M00-M99)
M65.992,腱鞘炎,113,JQY,第13章 肌肉骨骼系统和结缔组织疾病 (M00-M99)
M66.101,滑膜皱襞综合征,113,HMZBZHZ,第13章 肌肉骨骼系统和结缔组织疾病 (M00-M99)
M66.102,滑膜破裂,113,HMPL,第13章 肌肉骨骼系统和结缔组织疾病 (M00-M99)
M66.591,非创伤性肌腱断裂,113,FCSXJJDL,第13章 肌肉骨骼系统和结缔组织疾病 (M00-M99)
M67.001,跟腱挛缩,113,GJLS,第13章 肌肉骨骼系统和结缔组织疾病 (M00-M99)
M67.101,肌腱挛缩,113,JJLS,第13章 肌肉骨骼系统和结缔组织疾病 (M00-M99)
M67.401,腱鞘囊肿,113,JQNZ,第13章 肌肉骨骼系统和结缔组织疾病 (M00-M99)
M70.501,膝滑囊炎,113,XHNY,第13章 肌肉骨骼系统和结缔组织疾病 (M00-M99)
M70.502,膝假性滑囊炎,113,XJXHNY,第13章 肌肉骨骼系统和结缔组织疾病 (M00-M99)
M70.503,鹅趾囊炎,113,EZNY,第13章 肌肉骨骼系统和结缔组织疾病 (M00-M99)
M71.261,腘窝囊肿,113,GWNZ,第13章 肌肉骨骼系统和结缔组织疾病 (M00-M99)
M71.301,坐骨结节滑囊肿,113,ZGJJHNZ,第13章 肌肉骨骼系统和结缔组织疾病 (M00-M99)
M71.321,肘窝囊肿,113,ZWNZ,第13章 肌肉骨骼系统和结缔组织疾病 (M00-M99)
M71.391,滑膜囊肿,113,HMNZ,第13章 肌肉骨骼系统和结缔组织疾病 (M00-M99)
M71.801,足拇指囊肿,113,ZMZNZ,第13章 肌肉骨骼系统和结缔组织疾病 (M00-M99)
M71.991,滑囊炎,113,HNY,第13章 肌肉骨骼系统和结缔组织疾病 (M00-M99)
M71.992,膝内侧滑膜嵌顿,113,XNCHMQD,第13章 肌肉骨骼系统和结缔组织疾病 (M00-M99)
M72.041,掌筋膜挛缩症,113,ZJMLSZ,第13章 肌肉骨骼系统和结缔组织疾病 (M00-M99)
M72.201,跖筋膜挛缩,113,ZJMLS,第13章 肌肉骨骼系统和结缔组织疾病 (M00-M99)
M72.391,结节性筋膜炎,113,JJXJMY,第13章 肌肉骨骼系统和结缔组织疾病 (M00-M99)
M72.591,筋膜炎,113,JMY,第13章 肌肉骨骼系统和结缔组织疾病 (M00-M99)
M72.592,硬化性筋膜炎,113,YHXJMY,第13章 肌肉骨骼系统和结缔组织疾病 (M00-M99)
M72.991,纤维瘤病,113,XWLB,第13章 肌肉骨骼系统和结缔组织疾病 (M00-M99)
M75.011,肩关节周围炎,113,JGJZWY,第13章 肌肉骨骼系统和结缔组织疾病 (M00-M99)
M75.401,肩峰下撞击综合征,113,JFXZJZHZ,第13章 肌肉骨骼系统和结缔组织疾病 (M00-M99)
M76.201,髂胫束挛缩,113,QJSLS,第13章 肌肉骨骼系统和结缔组织疾病 (M00-M99)
M76.671,跟腱滑囊炎,113,GJHNY,第13章 肌肉骨骼系统和结缔组织疾病 (M00-M99)
M77.121,网球肘,113,WQZ,第13章 肌肉骨骼系统和结缔组织疾病 (M00-M99)
M77.231,腕关节周围炎,113,WGJZWY,第13章 肌肉骨骼系统和结缔组织疾病 (M00-M99)
M77.301,跟骨骨质增生(跟骨骨刺),113,GGGZZSGGGC,第13章 肌肉骨骼系统和结缔组织疾病 (M00-M99)
M77.901,下肢骨疣,113,XZGY,第13章 肌肉骨骼系统和结缔组织疾病 (M00-M99)
M77.991,肌腱端病,113,JJDB,第13章 肌肉骨骼系统和结缔组织疾病 (M00-M99)
M77.992,良性束颤综合征,113,LXSCZHZ,第13章 肌肉骨骼系统和结缔组织疾病 (M00-M99)
M77.993,(足)拇囊炎,113,ZMNY,第13章 肌肉骨骼系统和结缔组织疾病 (M00-M99)
M79.011,肩部纤维织炎,113,JBXWZY,第13章 肌肉骨骼系统和结缔组织疾病 (M00-M99)
M79.091,风湿病,113,FSB,第13章 肌肉骨骼系统和结缔组织疾病 (M00-M99)
M79.092,关节风湿病,113,GJFSB,第13章 肌肉骨骼系统和结缔组织疾病 (M00-M99)
M79.093,纤维结缔组织炎,113,XWJDZZY,第13章 肌肉骨骼系统和结缔组织疾病 (M00-M99)
M79.094,风湿性肌痛症,113,FSXJTZ,第13章 肌肉骨骼系统和结缔组织疾病 (M00-M99)
M79.095,纤维织炎,113,XWZY,第13章 肌肉骨骼系统和结缔组织疾病 (M00-M99)
M79.096,软组织风湿,113,RZZFS,第13章 肌肉骨骼系统和结缔组织疾病 (M00-M99)
M79.097,回纹综合征,113,HWZHZ,第13章 肌肉骨骼系统和结缔组织疾病 (M00-M99)
M79.191,肌痛,113,JT,第13章 肌肉骨骼系统和结缔组织疾病 (M00-M99)
M79.291,神经痛,113,SJT,第13章 肌肉骨骼系统和结缔组织疾病 (M00-M99)
M79.292,神经炎,113,SJY,第13章 肌肉骨骼系统和结缔组织疾病 (M00-M99)
M79.391,结节性非化脓性脂膜炎,113,JJXFHNXZMY,第13章 肌肉骨骼系统和结缔组织疾病 (M00-M99)
M79.392,脂膜炎,113,ZMY,第13章 肌肉骨骼系统和结缔组织疾病 (M00-M99)
M79.591,软组织残留异物,113,RZZCLYW,第13章 肌肉骨骼系统和结缔组织疾病 (M00-M99)
M79.681,肢体疼痛,113,ZTTT,第13章 肌肉骨骼系统和结缔组织疾病 (M00-M99)
M79.701,纤维肌痛综合征,113,XWJTZHZ,第13章 肌肉骨骼系统和结缔组织疾病 (M00-M99)
M79.871,拇指囊肿,113,MZNZ,第13章 肌肉骨骼系统和结缔组织疾病 (M00-M99)
M79.881,肢体肿胀,113,ZTZZ,第13章 肌肉骨骼系统和结缔组织疾病 (M00-M99)
M79.891,脂肪疝,113,ZFS,第13章 肌肉骨骼系统和结缔组织疾病 (M00-M99)
M79.892,脂肪坏死,113,ZFHS,第13章 肌肉骨骼系统和结缔组织疾病 (M00-M99)
M79.893,脂肪萎缩,113,ZFWS,第13章 肌肉骨骼系统和结缔组织疾病 (M00-M99)
M79.894,伤口脂肪液化,113,SKZFYH,第13章 肌肉骨骼系统和结缔组织疾病 (M00-M99)
M79.895,脂肪液化,113,ZFYH,第13章 肌肉骨骼系统和结缔组织疾病 (M00-M99)
M79.901,软组织炎,113,RZZY,第13章 肌肉骨骼系统和结缔组织疾病 (M00-M99)
M79.902,臀部包块,113,TBBK,第13章 肌肉骨骼系统和结缔组织疾病 (M00-M99)
M79.981,肢体肿物,113,ZTZW,第13章 肌肉骨骼系统和结缔组织疾病 (M00-M99)
M800/,肿瘤形态学,,ZLXTX,第13章 肌肉骨骼系统和结缔组织疾病 (M00-M99)
M80000/0,良性肿瘤,,LXZL,第13章 肌肉骨骼系统和结缔组织疾病 (M00-M99)
M80000/1,肿瘤,,ZL,第13章 肌肉骨骼系统和结缔组织疾病 (M00-M99)
M80000/3,恶性肿瘤,,EXZL,第13章 肌肉骨骼系统和结缔组织疾病 (M00-M99)
M80000/6,转移性肿瘤,,ZYXZL,第13章 肌肉骨骼系统和结缔组织疾病 (M00-M99)
M80001/1,多房囊肿,---,DFNZ,第13章 肌肉骨骼系统和结缔组织疾病 (M00-M99)
M80001/3,溃疡癌变,,KYAB,第13章 肌肉骨骼系统和结缔组织疾病 (M00-M99)
M80002/1,胰腺肿瘤,---,YXZL,第13章 肌肉骨骼系统和结缔组织疾病 (M00-M99)
M80002/3,息肉恶性变,---,XREXB,第13章 肌肉骨骼系统和结缔组织疾病 (M00-M99)
M80003/3,皮肤溃疡癌变,---,PFKYAB,第13章 肌肉骨骼系统和结缔组织疾病 (M00-M99)
M80004/1,消化系统肿瘤,---,XHXTZL,第13章 肌肉骨骼系统和结缔组织疾病 (M00-M99)
M80005/1,泌尿生殖系统肿瘤,---,MNSZXTZL,第13章 肌肉骨骼系统和结缔组织疾病 (M00-M99)
M80006/1,脑癌,---,,第13章 肌肉骨骼系统和结缔组织疾病 (M00-M99)
M80007/1,垂体生长激素癌,---,CTSCJSA,第13章 肌肉骨骼系统和结缔组织疾病 (M00-M99)
M80008/3,胚细胞瘤,,PXBL,第13章 肌肉骨骼系统和结缔组织疾病 (M00-M99)
M80030/1,巨细胞瘤,---,JXBL,第13章 肌肉骨骼系统和结缔组织疾病 (M00-M99)
M80100/0,良性上皮肿瘤,,LXSPZL,第13章 肌肉骨骼系统和结缔组织疾病 (M00-M99)
M80100/2,原位癌,,YWA,第13章 肌肉骨骼系统和结缔组织疾病 (M00-M99)
M80100/3,癌,,A,第13章 肌肉骨骼系统和结缔组织疾病 (M00-M99)
M80100/6,转移性癌,,ZYXA,第13章 肌肉骨骼系统和结缔组织疾病 (M00-M99)
M80101/3,恶性上皮细胞瘤,,EXSPXBL,第13章 肌肉骨骼系统和结缔组织疾病 (M00-M99)
M80110/0,良性上皮瘤,,LXSPL,第13章 肌肉骨骼系统和结缔组织疾病 (M00-M99)
M80110/3,恶性上皮瘤,,EXSPL,第13章 肌肉骨骼系统和结缔组织疾病 (M00-M99)
M80120/3,大细胞癌,,DXBA,第13章 肌肉骨骼系统和结缔组织疾病 (M00-M99)
M80120/6,转移性大细胞癌,,ZYXDXBA,第13章 肌肉骨骼系统和结缔组织疾病 (M00-M99)
M80200/3,未分化型癌,---,WFHXA,第13章 肌肉骨骼系统和结缔组织疾病 (M00-M99)
M80200/6,转移性未分化癌,---,ZYXWFHA,第13章 肌肉骨骼系统和结缔组织疾病 (M00-M99)
M80310/3,巨细胞癌,,JXBA,第13章 肌肉骨骼系统和结缔组织疾病 (M00-M99)
M80320/3,梭形细胞癌,,SXXBA,第13章 肌肉骨骼系统和结缔组织疾病 (M00-M99)
M80320/6,腰椎.盆腔梭形细胞肉瘤,,YZPQSXXBRL,第13章 肌肉骨骼系统和结缔组织疾病 (M00-M99)
M80410/3,小细胞癌,,XXBA,第13章 肌肉骨骼系统和结缔组织疾病 (M00-M99)
M80410/6,转移性小细胞癌,,ZYXXXBA,第13章 肌肉骨骼系统和结缔组织疾病 (M00-M99)
M80420/3,燕麦细胞癌,,YMXBA,第13章 肌肉骨骼系统和结缔组织疾病 (M00-M99)
M80500/0,乳头状瘤,,RTZL,第13章 肌肉骨骼系统和结缔组织疾病 (M00-M99)
M80500/3,乳头状癌,,RTZA,第13章 肌肉骨骼系统和结缔组织疾病 (M00-M99)
M80500/6,转移性乳头状癌,---,ZYXRTZA,第13章 肌肉骨骼系统和结缔组织疾病 (M00-M99)
M80501/1,实性－假乳头状瘤,-,SXJRTZL,第13章 肌肉骨骼系统和结缔组织疾病 (M00-M99)
M80501/3,乳头状鳞状细胞癌,,RTZLZXBA,第13章 肌肉骨骼系统和结缔组织疾病 (M00-M99)
M80510/3,疣状癌,,YZA,第13章 肌肉骨骼系统和结缔组织疾病 (M00-M99)
M80520/0,鳞状细胞乳头状瘤,,LZXBRTZL,第13章 肌肉骨骼系统和结缔组织疾病 (M00-M99)
M80520/3,鳞状细胞乳头状癌,---,LZXBRTZA,第13章 肌肉骨骼系统和结缔组织疾病 (M00-M99)
M80520/6,转移性鳞状细胞乳头状癌,,ZYXLZXBRTZA,第13章 肌肉骨骼系统和结缔组织疾病 (M00-M99)
M80530/0,翻转乳头状瘤,,FZRTZL,第13章 肌肉骨骼系统和结缔组织疾病 (M00-M99)
M80530/3,翻转乳头状瘤癌变,---,FZRTZLAB,第13章 肌肉骨骼系统和结缔组织疾病 (M00-M99)
M80600/0,乳头状瘤病,,RTZLB,第13章 肌肉骨骼系统和结缔组织疾病 (M00-M99)
M80700/0,棘皮瘤,---,JPL,第13章 肌肉骨骼系统和结缔组织疾病 (M00-M99)
M80700/2,鳞状细胞原位癌,,LZXBYWA,第13章 肌肉骨骼系统和结缔组织疾病 (M00-M99)
M80700/3,鳞状细胞癌,---,LZXBA,第13章 肌肉骨骼系统和结缔组织疾病 (M00-M99)
M80700/6,转移性鳞状上皮细胞癌,---,ZYXLZSPXBA,第13章 肌肉骨骼系统和结缔组织疾病 (M00-M99)
M80701/3,表皮样癌,,BPYA,第13章 肌肉骨骼系统和结缔组织疾病 (M00-M99)
M80720/3,大细胞鳞状细胞癌,,DXBLZXBA,第13章 肌肉骨骼系统和结缔组织疾病 (M00-M99)
M80720/6,转移性大细胞鳞状细胞癌,,ZYXDXBLZXBA,第13章 肌肉骨骼系统和结缔组织疾病 (M00-M99)
M80740/3,梭型鳞壮细胞癌,---,SXLZXBA,第13章 肌肉骨骼系统和结缔组织疾病 (M00-M99)
M80750/3,腺样鳞状细胞癌,,XYLZXBA,第13章 肌肉骨骼系统和结缔组织疾病 (M00-M99)
M80750/6,转移性腺样鳞状细胞癌,---,ZYXXYLZXBA,第13章 肌肉骨骼系统和结缔组织疾病 (M00-M99)
M80800/2,增殖性红斑,,ZZXHB,第13章 肌肉骨骼系统和结缔组织疾病 (M00-M99)
M80810/2,癌前皮炎(博温氏病),,AQPYBWSB,第13章 肌肉骨骼系统和结缔组织疾病 (M00-M99)
M80820/3,淋巴上皮癌,---,LBSPA,第13章 肌肉骨骼系统和结缔组织疾病 (M00-M99)
M80820/6,转移性淋巴上皮癌,,ZYXLBSPA,第13章 肌肉骨骼系统和结缔组织疾病 (M00-M99)
M80900/1,基底细胞瘤,,JDXBL,第13章 肌肉骨骼系统和结缔组织疾病 (M00-M99)
M80900/3,基底细胞癌,---,JDXBA,第13章 肌肉骨骼系统和结缔组织疾病 (M00-M99)
M80901/1,基底细胞上皮瘤,,JDXBSPL,第13章 肌肉骨骼系统和结缔组织疾病 (M00-M99)
M80901/3,基底细胞上皮癌,,JDXBSPA,第13章 肌肉骨骼系统和结缔组织疾病 (M00-M99)
M80940/3,基底鳞状细胞癌,,JDLZXBA,第13章 肌肉骨骼系统和结缔组织疾病 (M00-M99)
M81.991,骨质疏松,121,GZSS,第13章 肌肉骨骼系统和结缔组织疾病 (M00-M99)
M81000/0,毛发上皮瘤,,MFSPL,第13章 肌肉骨骼系统和结缔组织疾病 (M00-M99)
M81010/0,毛囊瘤,,MNL,第13章 肌肉骨骼系统和结缔组织疾病 (M00-M99)
M81020/0,毛鞘瘤,,MQL,第13章 肌肉骨骼系统和结缔组织疾病 (M00-M99)
M81020/3,毛鞘癌,--,MQA,第13章 肌肉骨骼系统和结缔组织疾病 (M00-M99)
M81100/0,钙化上皮瘤,,GHSPL,第13章 肌肉骨骼系统和结缔组织疾病 (M00-M99)
M81101/0,毛母质瘤,,MMZL,第13章 肌肉骨骼系统和结缔组织疾病 (M00-M99)
M81200/0,移行性细胞乳头状瘤,,YXXXBRTZL,第13章 肌肉骨骼系统和结缔组织疾病 (M00-M99)
M81200/1,膀胱乳头状瘤,---,PGRTZL,第13章 肌肉骨骼系统和结缔组织疾病 (M00-M99)
M81200/3,移行细胞癌,---,YXXBA,第13章 肌肉骨骼系统和结缔组织疾病 (M00-M99)
M81200/6,转移性移行细胞癌,,ZYXYXXBA,第13章 肌肉骨骼系统和结缔组织疾病 (M00-M99)
M81201/1,膀胱息肉,,PGXR,第13章 肌肉骨骼系统和结缔组织疾病 (M00-M99)
M81202/1,肾盂移行细胞乳头状瘤,---,SYYXXBRTZL,第13章 肌肉骨骼系统和结缔组织疾病 (M00-M99)
M81203/1,膀胱翻转性乳头状瘤,,PGFZXRTZL,第13章 肌肉骨骼系统和结缔组织疾病 (M00-M99)
M81210/1,翻转型移行细胞乳头状瘤,,FZXYXXBRTZL,第13章 肌肉骨骼系统和结缔组织疾病 (M00-M99)
M81230/3,基底细胞样癌,---,JDXBYA,第13章 肌肉骨骼系统和结缔组织疾病 (M00-M99)
M81300/3,乳头状移行细胞癌,---,RTZYXXBA,第13章 肌肉骨骼系统和结缔组织疾病 (M00-M99)
M81400/0,腺瘤,,XL,第13章 肌肉骨骼系统和结缔组织疾病 (M00-M99)
M81400/3,腺癌,,XA,第13章 肌肉骨骼系统和结缔组织疾病 (M00-M99)
M81400/6,转移性腺癌,,ZYXXA,第13章 肌肉骨骼系统和结缔组织疾病 (M00-M99)
M81401/0,Brunner's腺瘤(十二指肠腺腺瘤),,XLSEZCXXL,第13章 肌肉骨骼系统和结缔组织疾病 (M00-M99)
M81401/2,原位腺癌,---,YWXA,第13章 肌肉骨骼系统和结缔组织疾病 (M00-M99)
M81410/3,硬腺癌,,YXA,第13章 肌肉骨骼系统和结缔组织疾病 (M00-M99)
M81410/6,转移性硬癌,,ZYXYA,第13章 肌肉骨骼系统和结缔组织疾病 (M00-M99)
M81420/3,皮革状胃,,PGZW,第13章 肌肉骨骼系统和结缔组织疾病 (M00-M99)
M81430/3,表浅扩散性腺癌,,BQKSXXA,第13章 肌肉骨骼系统和结缔组织疾病 (M00-M99)
M81460/0,单形性腺瘤,,DXXXL,第13章 肌肉骨骼系统和结缔组织疾病 (M00-M99)
M81500/0,胰岛细胞腺瘤,,YDXBXL,第13章 肌肉骨骼系统和结缔组织疾病 (M00-M99)
M81500/3,胰岛细胞癌,,YDXBA,第13章 肌肉骨骼系统和结缔组织疾病 (M00-M99)
M81500/6,转移性胰岛细胞癌,,ZYXYDXBA,第13章 肌肉骨骼系统和结缔组织疾病 (M00-M99)
M81501/3,胰岛细胞腺癌,---,YDXBXA,第13章 肌肉骨骼系统和结缔组织疾病 (M00-M99)
M81510/0,胰岛素瘤,,YDSL,第13章 肌肉骨骼系统和结缔组织疾病 (M00-M99)
M81510/3,恶性胰岛素瘤,,EXYDSL,第13章 肌肉骨骼系统和结缔组织疾病 (M00-M99)
M81510/6,转移性胰岛素瘤,,ZYXYDSL,第13章 肌肉骨骼系统和结缔组织疾病 (M00-M99)
M81520/0,高血糖素瘤,,GXTSL,第13章 肌肉骨骼系统和结缔组织疾病 (M00-M99)
M81520/3,恶性高血糖素瘤,,EXGXTSL,第13章 肌肉骨骼系统和结缔组织疾病 (M00-M99)
M81520/6,转移性高血糖素瘤,,ZYXGXTSL,第13章 肌肉骨骼系统和结缔组织疾病 (M00-M99)
M81530/1,胃泌素瘤,,WMSL,第13章 肌肉骨骼系统和结缔组织疾病 (M00-M99)
M81530/3,恶性胃泌素瘤,,EXWMSL,第13章 肌肉骨骼系统和结缔组织疾病 (M00-M99)
M81600/3,胆管癌,,DGA,第13章 肌肉骨骼系统和结缔组织疾病 (M00-M99)
M81600/6,转移性胆管癌,---,ZYXDGA,第13章 肌肉骨骼系统和结缔组织疾病 (M00-M99)
M81700/0,肝细胞腺瘤,---,GXBXL,第13章 肌肉骨骼系统和结缔组织疾病 (M00-M99)
M81700/3,肝细胞癌,,GXBA,第13章 肌肉骨骼系统和结缔组织疾病 (M00-M99)
M81700/6,转移性肝细胞癌,,ZYXGXBA,第13章 肌肉骨骼系统和结缔组织疾病 (M00-M99)
M81800/3,肝细胞胆管细胞癌,---,GXBDGXBA,第13章 肌肉骨骼系统和结缔组织疾病 (M00-M99)
M81910/0,胚胎型腺瘤,,PTXXL,第13章 肌肉骨骼系统和结缔组织疾病 (M00-M99)
M82000/3,圆柱瘤(腺样囊性癌),,YZLXYNXA,第13章 肌肉骨骼系统和结缔组织疾病 (M00-M99)
M82000/6,转移性腺样囊性癌,,ZYXXYNXA,第13章 肌肉骨骼系统和结缔组织疾病 (M00-M99)
M82010/3,筛状癌,,SZA,第13章 肌肉骨骼系统和结缔组织疾病 (M00-M99)
M82100/0,腺瘤样息肉,,XLYXR,第13章 肌肉骨骼系统和结缔组织疾病 (M00-M99)
M82100/3,"腺瘤样息肉,癌变",---,XLYXRAB,第13章 肌肉骨骼系统和结缔组织疾病 (M00-M99)
M82110/0,管状腺瘤,,GZXL,第13章 肌肉骨骼系统和结缔组织疾病 (M00-M99)
M82110/3,管状腺癌,,GZXA,第13章 肌肉骨骼系统和结缔组织疾病 (M00-M99)
M82110/6,转移性管状腺癌,,ZYXGZXA,第13章 肌肉骨骼系统和结缔组织疾病 (M00-M99)
M82111/3,"绒毛管状腺瘤,癌变",---,RMGZXLAB,第13章 肌肉骨骼系统和结缔组织疾病 (M00-M99)
M82200/0,腺瘤病,,XLB,第13章 肌肉骨骼系统和结缔组织疾病 (M00-M99)
M82201/0,家族性息肉病,,JZXXRB,第13章 肌肉骨骼系统和结缔组织疾病 (M00-M99)
M82202/0,腺瘤样息肉病,,XLYXRB,第13章 肌肉骨骼系统和结缔组织疾病 (M00-M99)
M82210/0,多发性腺瘤样息肉,042,DFXXLYXR,第13章 肌肉骨骼系统和结缔组织疾病 (M00-M99)
M82211/0,消化道多发息肉综合征(Cronkhite-Canda综合征),---,XHDDFXRZHZZHZ,第13章 肌肉骨骼系统和结缔组织疾病 (M00-M99)
M82300/3,实性癌,,SXA,第13章 肌肉骨骼系统和结缔组织疾病 (M00-M99)
M82310/3,单纯癌,,DCA,第13章 肌肉骨骼系统和结缔组织疾病 (M00-M99)
M82310/6,转移性单纯癌,,ZYXDCA,第13章 肌肉骨骼系统和结缔组织疾病 (M00-M99)
M82400/1,类癌,,LA,第13章 肌肉骨骼系统和结缔组织疾病 (M00-M99)
M82400/3,恶性类癌,---,EXLA,第13章 肌肉骨骼系统和结缔组织疾病 (M00-M99)
M82400/6,转移性类癌,---,ZYXLA,第13章 肌肉骨骼系统和结缔组织疾病 (M00-M99)
M82401/1,神经内分泌瘤(非嗜铬性嗜铬细胞瘤),,SJNFMLFSGXSGXBL,第13章 肌肉骨骼系统和结缔组织疾病 (M00-M99)
M82401/3,神经内分泌癌(恶性非嗜铬性嗜铬细胞瘤),,SJNFMAEXFSGXSGXBL,第13章 肌肉骨骼系统和结缔组织疾病 (M00-M99)
M82401/6,转移性神经内分泌癌,,ZYXSJNFMA,第13章 肌肉骨骼系统和结缔组织疾病 (M00-M99)
M82402/3,类癌,---,LA,第13章 肌肉骨骼系统和结缔组织疾病 (M00-M99)
M82500/3,肺泡细胞癌,---,FPXBA,第13章 肌肉骨骼系统和结缔组织疾病 (M00-M99)
M82500/6,转移性肺泡细胞癌,---,ZYXFPXBA,第13章 肌肉骨骼系统和结缔组织疾病 (M00-M99)
M82501/3,呼吸细支气管腺癌,,HXXZQGXA,第13章 肌肉骨骼系统和结缔组织疾病 (M00-M99)
M82510/3,肺泡性腺癌,,FPXXA,第13章 肌肉骨骼系统和结缔组织疾病 (M00-M99)
M82510/6,转移性肺泡腺癌,---,ZYXFPXA,第13章 肌肉骨骼系统和结缔组织疾病 (M00-M99)
M82600/0,乳头状腺瘤,,RTZXL,第13章 肌肉骨骼系统和结缔组织疾病 (M00-M99)
M82600/3,乳头状腺癌,,RTZXA,第13章 肌肉骨骼系统和结缔组织疾病 (M00-M99)
M82600/6,转移性乳头状腺癌,---,ZYXRTZXA,第13章 肌肉骨骼系统和结缔组织疾病 (M00-M99)
M82610/1,绒毛状腺瘤,,RMZXL,第13章 肌肉骨骼系统和结缔组织疾病 (M00-M99)
M82610/3,绒毛性腺瘤内腺癌,,RMXXLNXA,第13章 肌肉骨骼系统和结缔组织疾病 (M00-M99)
M82620/3,绒毛状腺癌瘤内腺癌,,RMZXALNXA,第13章 肌肉骨骼系统和结缔组织疾病 (M00-M99)
M82630/0,绒毛管状腺瘤,,RMGZXL,第13章 肌肉骨骼系统和结缔组织疾病 (M00-M99)
M82630/3,"绒毛腺管状腺瘤,癌变",,RMXGZXLAB,第13章 肌肉骨骼系统和结缔组织疾病 (M00-M99)
M82700/0,嫌色性腺瘤,,XSXXL,第13章 肌肉骨骼系统和结缔组织疾病 (M00-M99)
M82700/3,嫌色性癌,,XSXA,第13章 肌肉骨骼系统和结缔组织疾病 (M00-M99)
M82701/0,尼尔逊氏综合征,,NEXSZHZ,第13章 肌肉骨骼系统和结缔组织疾病 (M00-M99)
M82710/0,垂体泌乳素瘤,---,CTMRSL,第13章 肌肉骨骼系统和结缔组织疾病 (M00-M99)
M82800/0,嗜酸细胞腺瘤,,SSXBXL,第13章 肌肉骨骼系统和结缔组织疾病 (M00-M99)
M82800/3,嗜酸细胞癌,,SSXBA,第13章 肌肉骨骼系统和结缔组织疾病 (M00-M99)
M82900/0,许特耳氏细胞腺瘤(嗜酸性腺瘤),,XTESXBXLSSXXL,第13章 肌肉骨骼系统和结缔组织疾病 (M00-M99)
M82900/3,嗜酸性腺癌,,SSXXA,第13章 肌肉骨骼系统和结缔组织疾病 (M00-M99)
M83.991,骨软化,121,GRH,第13章 肌肉骨骼系统和结缔组织疾病 (M00-M99)
M83000/0,嗜碱细胞腺瘤,,SJXBXL,第13章 肌肉骨骼系统和结缔组织疾病 (M00-M99)
M83010/0,嗜酸-嫌色性腺瘤,,SSXSXXL,第13章 肌肉骨骼系统和结缔组织疾病 (M00-M99)
M83020/0,嗜碱-嫌色性腺瘤,,SJXSXXL,第13章 肌肉骨骼系统和结缔组织疾病 (M00-M99)
M83100/3,透明细胞癌,---,TMXBA,第13章 肌肉骨骼系统和结缔组织疾病 (M00-M99)
M83100/6,转移性透明细胞癌,,ZYXTMXBA,第13章 肌肉骨骼系统和结缔组织疾病 (M00-M99)
M83101/3,中肾样型透明细胞癌,,ZSYXTMXBA,第13章 肌肉骨骼系统和结缔组织疾病 (M00-M99)
M83110/1,肾上腺样瘤,---,SSXYL,第13章 肌肉骨骼系统和结缔组织疾病 (M00-M99)
M83120/3,肾细胞癌,---,SXBA,第13章 肌肉骨骼系统和结缔组织疾病 (M00-M99)
M83200/3,颗粒细胞癌,,KLXBA,第13章 肌肉骨骼系统和结缔组织疾病 (M00-M99)
M83200/6,转移性颗粒细胞癌,,ZYXKLXBA,第13章 肌肉骨骼系统和结缔组织疾病 (M00-M99)
M83210/0,主细胞腺瘤,---,ZXBXL,第13章 肌肉骨骼系统和结缔组织疾病 (M00-M99)
M83230/0,混合细胞腺瘤,,HHXBXL,第13章 肌肉骨骼系统和结缔组织疾病 (M00-M99)
M83230/3,混合细胞腺癌,---,HHXBXA,第13章 肌肉骨骼系统和结缔组织疾病 (M00-M99)
M83230/6,转移性混合细胞腺癌,---,ZYXHHXBXA,第13章 肌肉骨骼系统和结缔组织疾病 (M00-M99)
M83300/0,滤泡性腺瘤,,LPXXL,第13章 肌肉骨骼系统和结缔组织疾病 (M00-M99)
M83300/3,滤泡癌,,LPA,第13章 肌肉骨骼系统和结缔组织疾病 (M00-M99)
M83300/6,转移性滤泡癌,,ZYXLPA,第13章 肌肉骨骼系统和结缔组织疾病 (M00-M99)
M83330/0,胎儿型腺瘤,,TEXXL,第13章 肌肉骨骼系统和结缔组织疾病 (M00-M99)
M83340/0,胶样腺瘤,---,JYXL,第13章 肌肉骨骼系统和结缔组织疾病 (M00-M99)
M83400/3,乳头状和滤泡性腺癌,---,RTZHLPXXA,第13章 肌肉骨骼系统和结缔组织疾病 (M00-M99)
M83400/6,转移性乳头状和滤泡性腺癌,---,ZYXRTZHLPXXA,第13章 肌肉骨骼系统和结缔组织疾病 (M00-M99)
M83600/1,多发性内分泌腺瘤病,,DFXNFMXLB,第13章 肌肉骨骼系统和结缔组织疾病 (M00-M99)
M83700/0,肾上腺皮质腺瘤,,SSXPZXL,第13章 肌肉骨骼系统和结缔组织疾病 (M00-M99)
M83700/3,肾上腺皮质癌,---,SSXPZA,第13章 肌肉骨骼系统和结缔组织疾病 (M00-M99)
M83800/0,子宫内膜样腺瘤,,ZGNMYXL,第13章 肌肉骨骼系统和结缔组织疾病 (M00-M99)
M83800/1,子宫内膜样腺瘤,,ZGNMYXL,第13章 肌肉骨骼系统和结缔组织疾病 (M00-M99)
M83800/3,子宫内膜样腺癌,,ZGNMYXA,第13章 肌肉骨骼系统和结缔组织疾病 (M00-M99)
M83800/6,转移性子宫内膜样腺癌,,ZYXZGNMYXA,第13章 肌肉骨骼系统和结缔组织疾病 (M00-M99)
M84.091,骨折畸形愈合,121,GZJXYH,第13章 肌肉骨骼系统和结缔组织疾病 (M00-M99)
M84.191,骨折不愈合,121,GZBYH,第13章 肌肉骨骼系统和结缔组织疾病 (M00-M99)
M84.192,假关节形成,121,JGJXC,第13章 肌肉骨骼系统和结缔组织疾病 (M00-M99)
M84.491,病理性骨折,121,BLXGZ,第13章 肌肉骨骼系统和结缔组织疾病 (M00-M99)
M84000/0,汗腺腺瘤,,HXXL,第13章 肌肉骨骼系统和结缔组织疾病 (M00-M99)
M84000/3,汗腺腺癌,,HXXA,第13章 肌肉骨骼系统和结缔组织疾病 (M00-M99)
M84010/3,顶泌性腺癌,,DMXXA,第13章 肌肉骨骼系统和结缔组织疾病 (M00-M99)
M84020/0,外分泌性汗腺瘤(小汗腺瘤),---,WFMXHXLXHXL,第13章 肌肉骨骼系统和结缔组织疾病 (M00-M99)
M84020/3,恶性透明细胞汗腺瘤,,EXTMXBHXL,第13章 肌肉骨骼系统和结缔组织疾病 (M00-M99)
M84030/0,外分泌性汗腺腺瘤,,WFMXHXXL,第13章 肌肉骨骼系统和结缔组织疾病 (M00-M99)
M84040/0,汗腺囊瘤,,HXNL,第13章 肌肉骨骼系统和结缔组织疾病 (M00-M99)
M84060/0,乳头状汗腺囊腺瘤,,RTZHXNXL,第13章 肌肉骨骼系统和结缔组织疾病 (M00-M99)
M84070/0,汗管瘤,---,HGL,第13章 肌肉骨骼系统和结缔组织疾病 (M00-M99)
M84100/0,皮脂腺瘤,,PZXL,第13章 肌肉骨骼系统和结缔组织疾病 (M00-M99)
M84100/3,皮脂腺癌,,PZXA,第13章 肌肉骨骼系统和结缔组织疾病 (M00-M99)
M84200/0,耵聍腺瘤,,DNXL,第13章 肌肉骨骼系统和结缔组织疾病 (M00-M99)
M84200/3,耵聍腺癌,,DNXA,第13章 肌肉骨骼系统和结缔组织疾病 (M00-M99)
M843/,粘液表皮样肿瘤,,NYBPYZL,第13章 肌肉骨骼系统和结缔组织疾病 (M00-M99)
M84300/1,粘液性表皮样瘤,,NYXBPYL,第13章 肌肉骨骼系统和结缔组织疾病 (M00-M99)
M84300/3,粘液性表皮样癌,---,NYXBPYA,第13章 肌肉骨骼系统和结缔组织疾病 (M00-M99)
M84400/0,囊腺瘤,,NXL,第13章 肌肉骨骼系统和结缔组织疾病 (M00-M99)
M84400/3,囊腺癌,,NXA,第13章 肌肉骨骼系统和结缔组织疾病 (M00-M99)
M84400/6,转移性囊腺癌,---,ZYXNXA,第13章 肌肉骨骼系统和结缔组织疾病 (M00-M99)
M84410/0,浆液性囊腺瘤,,JYXNXL,第13章 肌肉骨骼系统和结缔组织疾病 (M00-M99)
M84410/3,浆液性囊腺癌,,JYXNXA,第13章 肌肉骨骼系统和结缔组织疾病 (M00-M99)
M84410/6,转移性浆液性囊腺癌,,ZYXJYXNXA,第13章 肌肉骨骼系统和结缔组织疾病 (M00-M99)
M84420/3,交界恶性浆液性囊腺瘤,,JJEXJYXNXL,第13章 肌肉骨骼系统和结缔组织疾病 (M00-M99)
M84500/0,乳头状囊腺瘤,,RTZNXL,第13章 肌肉骨骼系统和结缔组织疾病 (M00-M99)
M84500/3,乳头状囊腺癌,,RTZNXA,第13章 肌肉骨骼系统和结缔组织疾病 (M00-M99)
M84500/6,转移性乳头状囊腺癌,,ZYXRTZNXA,第13章 肌肉骨骼系统和结缔组织疾病 (M00-M99)
M84510/3,交界恶性乳头状囊腺瘤,,JJEXRTZNXL,第13章 肌肉骨骼系统和结缔组织疾病 (M00-M99)
M84520/1,交界性粘液性乳头状瘤,---,JJXNYXRTZL,第13章 肌肉骨骼系统和结缔组织疾病 (M00-M99)
M84600/0,乳头状浆液性囊腺瘤,,RTZJYXNXL,第13章 肌肉骨骼系统和结缔组织疾病 (M00-M99)
M84600/3,乳头状浆液性囊腺癌,,RTZJYXNXA,第13章 肌肉骨骼系统和结缔组织疾病 (M00-M99)
M84600/6,转移性乳头状浆液性囊腺癌,---,ZYXRTZJYXNXA,第13章 肌肉骨骼系统和结缔组织疾病 (M00-M99)
M84610/0,浆液性表面乳头状瘤,,JYXBMRTZL,第13章 肌肉骨骼系统和结缔组织疾病 (M00-M99)
M84620/3,交界恶性乳头状浆液性囊腺瘤,---,JJEXRTZJYXNXL,第13章 肌肉骨骼系统和结缔组织疾病 (M00-M99)
M84700/0,粘液性囊腺瘤,,NYXNXL,第13章 肌肉骨骼系统和结缔组织疾病 (M00-M99)
M84700/3,粘液性腺癌,---,NYXXA,第13章 肌肉骨骼系统和结缔组织疾病 (M00-M99)
M84700/6,转移性粘液性腺癌,---,ZYXNYXXA,第13章 肌肉骨骼系统和结缔组织疾病 (M00-M99)
M84701/3,假粘液性腺癌,,JNYXXA,第13章 肌肉骨骼系统和结缔组织疾病 (M00-M99)
M84710/0,乳头状粘液性囊腺瘤,---,RTZNYXNXL,第13章 肌肉骨骼系统和结缔组织疾病 (M00-M99)
M84710/3,乳头状粘液性囊腺癌,---,RTZNYXNXA,第13章 肌肉骨骼系统和结缔组织疾病 (M00-M99)
M84710/6,转移性乳头状粘液性囊腺癌,,ZYXRTZNYXNXA,第13章 肌肉骨骼系统和结缔组织疾病 (M00-M99)
M84720/3,交界恶性粘液性囊腺瘤,,JJEXNYXNXL,第13章 肌肉骨骼系统和结缔组织疾病 (M00-M99)
M84730/3,交界恶性乳头状粘液性囊腺瘤,,JJEXRTZNYXNXL,第13章 肌肉骨骼系统和结缔组织疾病 (M00-M99)
M84800/0,粘液性腺瘤,---,NYXXL,第13章 肌肉骨骼系统和结缔组织疾病 (M00-M99)
M84800/3,粘液腺癌,,NYXA,第13章 肌肉骨骼系统和结缔组织疾病 (M00-M99)
M84800/6,腹膜假粘液瘤,,FMJNYL,第13章 肌肉骨骼系统和结缔组织疾病 (M00-M99)
M84801/6,转移性粘液腺癌,,ZYXNYXA,第13章 肌肉骨骼系统和结缔组织疾病 (M00-M99)
M84900/3,印戒细胞癌,---,YJXBA,第13章 肌肉骨骼系统和结缔组织疾病 (M00-M99)
M84900/6,转移性印戒细胞癌,,ZYXYJXBA,第13章 肌肉骨骼系统和结缔组织疾病 (M00-M99)
M84901/6,克鲁肯伯格氏瘤,,KLKBGSL,第13章 肌肉骨骼系统和结缔组织疾病 (M00-M99)
M85.001,骨纤维发育不良,121,GXWFYBL,第13章 肌肉骨骼系统和结缔组织疾病 (M00-M99)
M85.091,"骨纤维异样增殖症,单骨性",121,GXWYYZZZDGX,第13章 肌肉骨骼系统和结缔组织疾病 (M00-M99)
M85.191,氟骨症,121,FGZ,第13章 肌肉骨骼系统和结缔组织疾病 (M00-M99)
M85.281,颅骨肥厚,121,LGFH,第13章 肌肉骨骼系统和结缔组织疾病 (M00-M99)
M85.391,致密性骨炎,121,ZMXGY,第13章 肌肉骨骼系统和结缔组织疾病 (M00-M99)
M85.691,骨囊肿,121,GNZ,第13章 肌肉骨骼系统和结缔组织疾病 (M00-M99)
M85.801,腰椎肥大,121,YZFD,第13章 肌肉骨骼系统和结缔组织疾病 (M00-M99)
M85.802,眉弓突出,121,MGTC,第13章 肌肉骨骼系统和结缔组织疾病 (M00-M99)
M85.901,骨岛形成,121,GDXC,第13章 肌肉骨骼系统和结缔组织疾病 (M00-M99)
M85000/0,乳腺导管瘤,---,RXDGL,第13章 肌肉骨骼系统和结缔组织疾病 (M00-M99)
M85000/2,管内癌,,GNA,第13章 肌肉骨骼系统和结缔组织疾病 (M00-M99)
M85000/3,导管癌,,DGA,第13章 肌肉骨骼系统和结缔组织疾病 (M00-M99)
M85000/6,转移性浸润性管性癌,,ZYXJRXGXA,第13章 肌肉骨骼系统和结缔组织疾病 (M00-M99)
M85001/3,导管腺癌,---,DGXA,第13章 肌肉骨骼系统和结缔组织疾病 (M00-M99)
M85002/3,浸润性管性癌,,JRXGXA,第13章 肌肉骨骼系统和结缔组织疾病 (M00-M99)
M85010/3,粉刺癌,---,FCA,第13章 肌肉骨骼系统和结缔组织疾病 (M00-M99)
M85020/3,乳腺分泌型癌,,RXFMXA,第13章 肌肉骨骼系统和结缔组织疾病 (M00-M99)
M85030/0,管内乳头状瘤,---,GNRTZL,第13章 肌肉骨骼系统和结缔组织疾病 (M00-M99)
M85030/2,管内乳头状癌,,GNRTZA,第13章 肌肉骨骼系统和结缔组织疾病 (M00-M99)
M85040/0,囊内乳头状瘤,,NNRTZL,第13章 肌肉骨骼系统和结缔组织疾病 (M00-M99)
M85100/3,髓性癌,---,SXA,第13章 肌肉骨骼系统和结缔组织疾病 (M00-M99)
M85100/6,转移性髓样癌,---,ZYXSYA,第13章 肌肉骨骼系统和结缔组织疾病 (M00-M99)
M85200/2,小叶性原位癌,---,XYXYWA,第13章 肌肉骨骼系统和结缔组织疾病 (M00-M99)
M85200/3,小叶侵润性癌,,XYQRXA,第13章 肌肉骨骼系统和结缔组织疾病 (M00-M99)
M85200/6,转移性浸润性小叶癌,,ZYXJRXXYA,第13章 肌肉骨骼系统和结缔组织疾病 (M00-M99)
M85300/3,炎性癌,,YXA,第13章 肌肉骨骼系统和结缔组织疾病 (M00-M99)
M85400/3,乳腺佩吉特氏病,---,RXPJTSB,第13章 肌肉骨骼系统和结缔组织疾病 (M00-M99)
M85410/3,乳房佩吉特氏病和浸润性导管癌,,RFPJTSBHJRXDGA,第13章 肌肉骨骼系统和结缔组织疾病 (M00-M99)
M85420/3,乳腺外佩吉特氏病(不包括骨的),,RXWPJTSBBBKGD,第13章 肌肉骨骼系统和结缔组织疾病 (M00-M99)
M85421/3,外阴佩吉特氏病,---,WYPJTSB,第13章 肌肉骨骼系统和结缔组织疾病 (M00-M99)
M85422/3,阴囊佩吉特病,--,YNPJTB,第13章 肌肉骨骼系统和结缔组织疾病 (M00-M99)
M85423/3,肛门佩吉特病,-,GMPJTB,第13章 肌肉骨骼系统和结缔组织疾病 (M00-M99)
M85500/3,腺泡细胞癌,,XPXBA,第13章 肌肉骨骼系统和结缔组织疾病 (M00-M99)
M85500/6,转移性腺泡细胞癌,---,ZYXXPXBA,第13章 肌肉骨骼系统和结缔组织疾病 (M00-M99)
M85600/3,腺鳞状细胞癌,,XLZXBA,第13章 肌肉骨骼系统和结缔组织疾病 (M00-M99)
M85600/6,转移性腺鳞状细胞癌,---,ZYXXLZXBA,第13章 肌肉骨骼系统和结缔组织疾病 (M00-M99)
M85610/0,腺淋巴瘤,---,XLBL,第13章 肌肉骨骼系统和结缔组织疾病 (M00-M99)
M85611/0,淋巴瘤性乳头状囊腺瘤(Warthin瘤),---,LBLXRTZNXLL,第13章 肌肉骨骼系统和结缔组织疾病 (M00-M99)
M85700/3,腺棘皮瘤,---,XJPL,第13章 肌肉骨骼系统和结缔组织疾病 (M00-M99)
M85701/3,腺棘皮癌,,XJPA,第13章 肌肉骨骼系统和结缔组织疾病 (M00-M99)
M85800/0,良性胸腺瘤,,LXXXL,第13章 肌肉骨骼系统和结缔组织疾病 (M00-M99)
M85800/3,恶性胸腺瘤,---,EXXXL,第13章 肌肉骨骼系统和结缔组织疾病 (M00-M99)
M85800/6,转移性胸腺瘤,,ZYXXXL,第13章 肌肉骨骼系统和结缔组织疾病 (M00-M99)
M85900/1,性索间质瘤,,XSJZL,第13章 肌肉骨骼系统和结缔组织疾病 (M00-M99)
M86.191,急性骨髓炎,122,JXGSY,第13章 肌肉骨骼系统和结缔组织疾病 (M00-M99)
M86.691,慢性骨髓炎,122,MXGSY,第13章 肌肉骨骼系统和结缔组织疾病 (M00-M99)
M86.692,慢性化脓性骨髓炎,122,MXHNXGSY,第13章 肌肉骨骼系统和结缔组织疾病 (M00-M99)
M86.801,耳后骨膜下脓肿,122,EHGMXNZ,第13章 肌肉骨骼系统和结缔组织疾病 (M00-M99)
M86.802,骨脓肿,122,GNZ,第13章 肌肉骨骼系统和结缔组织疾病 (M00-M99)
M86.871,跖骨籽骨形成,122,ZGZGXC,第13章 肌肉骨骼系统和结缔组织疾病 (M00-M99)
M86.891,骨干炎,122,GGY,第13章 肌肉骨骼系统和结缔组织疾病 (M00-M99)
M86.892,硬化性骨髓炎,122,YHXGSY,第13章 肌肉骨骼系统和结缔组织疾病 (M00-M99)
M86.893,骨肉芽肿,122,GRYZ,第13章 肌肉骨骼系统和结缔组织疾病 (M00-M99)
M86.981,上肢骨骨髓炎,122,SZGGSY,第13章 肌肉骨骼系统和结缔组织疾病 (M00-M99)
M86.982,颅骨骨髓炎,122,LGGSY,第13章 肌肉骨骼系统和结缔组织疾病 (M00-M99)
M86.983,肋骨骨髓炎,122,LGGSY,第13章 肌肉骨骼系统和结缔组织疾病 (M00-M99)
M86.984,上肢骨炎,122,SZGY,第13章 肌肉骨骼系统和结缔组织疾病 (M00-M99)
M86.985,下肢骨骨髓炎,122,XZGGSY,第13章 肌肉骨骼系统和结缔组织疾病 (M00-M99)
M86.991,骨感染,122,GGR,第13章 肌肉骨骼系统和结缔组织疾病 (M00-M99)
M86.992,骨膜炎,122,GMY,第13章 肌肉骨骼系统和结缔组织疾病 (M00-M99)
M86.993,骨髓炎,122,GSY,第13章 肌肉骨骼系统和结缔组织疾病 (M00-M99)
M86.994,骨炎,122,GY,第13章 肌肉骨骼系统和结缔组织疾病 (M00-M99)
M86.995,急性骨膜炎,122,JXGMY,第13章 肌肉骨骼系统和结缔组织疾病 (M00-M99)
M86.996,慢性骨膜炎,122,MXGMY,第13章 肌肉骨骼系统和结缔组织疾病 (M00-M99)
M86.997,化脓性骨髓炎,122,HNXGSY,第13章 肌肉骨骼系统和结缔组织疾病 (M00-M99)
M86000/0,泡膜细胞瘤,,PMXBL,第13章 肌肉骨骼系统和结缔组织疾病 (M00-M99)
M86000/3,泡膜细胞癌,035,PMXBA,第13章 肌肉骨骼系统和结缔组织疾病 (M00-M99)
M86100/0,黄体瘤,,HTL,第13章 肌肉骨骼系统和结缔组织疾病 (M00-M99)
M86200/1,粒膜细胞瘤,,LMXBL,第13章 肌肉骨骼系统和结缔组织疾病 (M00-M99)
M86201/1,卵巢颗粒细胞瘤,049,LCKLXBL,第13章 肌肉骨骼系统和结缔组织疾病 (M00-M99)
M86210/1,粒膜泡膜细胞瘤,,LMPMXBL,第13章 肌肉骨骼系统和结缔组织疾病 (M00-M99)
M86300/1,男性母细胞瘤,---,NXMXBL,第13章 肌肉骨骼系统和结缔组织疾病 (M00-M99)
M86310/0,支持-间质细胞瘤,---,ZCJZXBL,第13章 肌肉骨骼系统和结缔组织疾病 (M00-M99)
M86310/3,塞尔托利-莱迪细胞瘤,---,SETLLDXBL,第13章 肌肉骨骼系统和结缔组织疾病 (M00-M99)
M86320/1,两性母细胞瘤,,LXMXBL,第13章 肌肉骨骼系统和结缔组织疾病 (M00-M99)
M86400/0,支持细胞瘤,,ZCXBL,第13章 肌肉骨骼系统和结缔组织疾病 (M00-M99)
M86400/3,支持细胞癌,,ZCXBA,第13章 肌肉骨骼系统和结缔组织疾病 (M00-M99)
M86500/1,间质细胞瘤,,JZXBL,第13章 肌肉骨骼系统和结缔组织疾病 (M00-M99)
M86500/3,恶性间质细胞瘤,,EXJZXBL,第13章 肌肉骨骼系统和结缔组织疾病 (M00-M99)
M86700/0,脂质细胞瘤,,ZZXBL,第13章 肌肉骨骼系统和结缔组织疾病 (M00-M99)
M86701/0,类脂质细胞瘤,---,LZZXBL,第13章 肌肉骨骼系统和结缔组织疾病 (M00-M99)
M86800/1,副节瘤,,FJL,第13章 肌肉骨骼系统和结缔组织疾病 (M00-M99)
M86800/3,恶性化学感受器瘤,,EXHXGSQL,第13章 肌肉骨骼系统和结缔组织疾病 (M00-M99)
M86800/6,转移性副节瘤,---,ZYXFJL,第13章 肌肉骨骼系统和结缔组织疾病 (M00-M99)
M86900/1,颈静脉血管球瘤,,JJMXGQL,第13章 肌肉骨骼系统和结缔组织疾病 (M00-M99)
M86910/1,主动脉体瘤,,ZDMTL,第13章 肌肉骨骼系统和结缔组织疾病 (M00-M99)
M86920/1,颈动脉体瘤,,JDMTL,第13章 肌肉骨骼系统和结缔组织疾病 (M00-M99)
M86930/1,化学感受器瘤,---,HXGSQL,第13章 肌肉骨骼系统和结缔组织疾病 (M00-M99)
M86930/3,恶性化学感受器瘤,,EXHXGSQL,第13章 肌肉骨骼系统和结缔组织疾病 (M00-M99)
M86930/6,转移性恶性化感瘤,,ZYXEXHGL,第13章 肌肉骨骼系统和结缔组织疾病 (M00-M99)
M86932/1,化学感受组织瘤,---,HXGSZZL,第13章 肌肉骨骼系统和结缔组织疾病 (M00-M99)
M87.051,股骨头无菌性坏死,120,GGTWJXHS,第13章 肌肉骨骼系统和结缔组织疾病 (M00-M99)
M87.091,骨无菌性坏死,120,GWJXHS,第13章 肌肉骨骼系统和结缔组织疾病 (M00-M99)
M87.951,股骨头缺血性坏死,120,GGTQXXHS,第13章 肌肉骨骼系统和结缔组织疾病 (M00-M99)
M87.961,股骨头病变,120,GGTBB,第13章 肌肉骨骼系统和结缔组织疾病 (M00-M99)
M87.991,骨坏死,120,GHS,第13章 肌肉骨骼系统和结缔组织疾病 (M00-M99)
M87000/0,嗜铬细胞瘤,,SGXBL,第13章 肌肉骨骼系统和结缔组织疾病 (M00-M99)
M87000/3,非嗜铬性嗜铬细胞瘤,,FSGXSGXBL,第13章 肌肉骨骼系统和结缔组织疾病 (M00-M99)
M87000/6,转移性嗜铬细胞瘤,,ZYXSGXBL,第13章 肌肉骨骼系统和结缔组织疾病 (M00-M99)
M87001/3,恶性嗜铬细胞癌,,EXSGXBA,第13章 肌肉骨骼系统和结缔组织疾病 (M00-M99)
M87002/3,嗜铬母细胞瘤,,SGMXBL,第13章 肌肉骨骼系统和结缔组织疾病 (M00-M99)
M87110/0,血管球瘤,---,XGQL,第13章 肌肉骨骼系统和结缔组织疾病 (M00-M99)
M87200/0,痣,,Z,第13章 肌肉骨骼系统和结缔组织疾病 (M00-M99)
M87200/3,黑[色素]瘤,,HSSL,第13章 肌肉骨骼系统和结缔组织疾病 (M00-M99)
M87200/6,转移性黑色素瘤,---,ZYXHSSL,第13章 肌肉骨骼系统和结缔组织疾病 (M00-M99)
M87201/0,黑变病性痣,,HBBXZ,第13章 肌肉骨骼系统和结缔组织疾病 (M00-M99)
M87201/3,黑[色素]母细胞瘤,,HSSMXBL,第13章 肌肉骨骼系统和结缔组织疾病 (M00-M99)
M87202/0,良性黑[色素]瘤,,LXHSSL,第13章 肌肉骨骼系统和结缔组织疾病 (M00-M99)
M87203/0,毛痣,,MZ,第13章 肌肉骨骼系统和结缔组织疾病 (M00-M99)
M87204/0,弹性痣,---,TXZ,第13章 肌肉骨骼系统和结缔组织疾病 (M00-M99)
M87205/0,色素痣,,SSZ,第13章 肌肉骨骼系统和结缔组织疾病 (M00-M99)
M87206/0,线状痣,---,XZZ,第13章 肌肉骨骼系统和结缔组织疾病 (M00-M99)
M87207/0,"硬痣(上皮痣,痤疮样痣粉刺样痣)",,YZSPZCCYZFCYZ,第13章 肌肉骨骼系统和结缔组织疾病 (M00-M99)
M87250/0,真皮内痣,167,ZPNZ,第13章 肌肉骨骼系统和结缔组织疾病 (M00-M99)
M87300/3,无黑色素性黑色素瘤,,WHSSXHSSL,第13章 肌肉骨骼系统和结缔组织疾病 (M00-M99)
M87400/0,交界痣,,JJZ,第13章 肌肉骨骼系统和结缔组织疾病 (M00-M99)
M87410/2,癌前黑变病,---,AQHBB,第13章 肌肉骨骼系统和结缔组织疾病 (M00-M99)
M87420/2,恶性雀斑样痣,,EXQBYZ,第13章 肌肉骨骼系统和结缔组织疾病 (M00-M99)
M87420/3,恶性雀斑样痣,023,EXQBYZ,第13章 肌肉骨骼系统和结缔组织疾病 (M00-M99)
M87500/0,皮内痣,---,PNZ,第13章 肌肉骨骼系统和结缔组织疾病 (M00-M99)
M87600/0,复合痣,,FHZ,第13章 肌肉骨骼系统和结缔组织疾病 (M00-M99)
M87610/1,巨痣,---,JZ,第13章 肌肉骨骼系统和结缔组织疾病 (M00-M99)
M87720/3,梭形细胞黑色素瘤,,SXXBHSSL,第13章 肌肉骨骼系统和结缔组织疾病 (M00-M99)
M87800/0,蓝痣,,LZ,第13章 肌肉骨骼系统和结缔组织疾病 (M00-M99)
M87900/0,巨蓝痣,,JLZ,第13章 肌肉骨骼系统和结缔组织疾病 (M00-M99)
M88.901,骨佩吉特氏病(变形性骨炎),120,GPJTSBBXXGY,第13章 肌肉骨骼系统和结缔组织疾病 (M00-M99)
M88000/3,肉瘤,,RL,第13章 肌肉骨骼系统和结缔组织疾病 (M00-M99)
M88000/6,转移性肉瘤,,ZYXRL,第13章 肌肉骨骼系统和结缔组织疾病 (M00-M99)
M88001/0,良性间质瘤,,LXJZL,第13章 肌肉骨骼系统和结缔组织疾病 (M00-M99)
M88001/3,恶性间质瘤,,EXJZL,第13章 肌肉骨骼系统和结缔组织疾病 (M00-M99)
M88001/6,恶性转移性间质细胞瘤,,EXZYXJZXBL,第13章 肌肉骨骼系统和结缔组织疾病 (M00-M99)
M88020/3,巨细胞肉瘤,,JXBRL,第13章 肌肉骨骼系统和结缔组织疾病 (M00-M99)
M88030/3,小细胞肉瘤,,XXBRL,第13章 肌肉骨骼系统和结缔组织疾病 (M00-M99)
M88100/0,纤维瘤,,XWL,第13章 肌肉骨骼系统和结缔组织疾病 (M00-M99)
M88100/3,纤维肉瘤,,XWRL,第13章 肌肉骨骼系统和结缔组织疾病 (M00-M99)
M88100/6,转移性纤维肉瘤,,ZYXXWRL,第13章 肌肉骨骼系统和结缔组织疾病 (M00-M99)
M88110/0,纤维粘液瘤,,XWNYL,第13章 肌肉骨骼系统和结缔组织疾病 (M00-M99)
M88111/3,骨化性纤维粘液样肿瘤,---,GHXXWNYYZL,第13章 肌肉骨骼系统和结缔组织疾病 (M00-M99)
M88200/0,弹力纤维瘤,---,TLXWL,第13章 肌肉骨骼系统和结缔组织疾病 (M00-M99)
M88210/1,侵蚀性纤维瘤病(硬纤维瘤),---,QSXXWLBYXWL,第13章 肌肉骨骼系统和结缔组织疾病 (M00-M99)
M88220/1,腹部纤维瘤病,,FBXWLB,第13章 肌肉骨骼系统和结缔组织疾病 (M00-M99)
M88230/1,促结缔组织增生性纤维瘤,---,CJDZZZSXXWL,第13章 肌肉骨骼系统和结缔组织疾病 (M00-M99)
M88300/0,纤维组织细胞瘤,,XWZZXBL,第13章 肌肉骨骼系统和结缔组织疾病 (M00-M99)
M88300/1,非典型性纤维组织细胞瘤,---,FDXXXWZZXBL,第13章 肌肉骨骼系统和结缔组织疾病 (M00-M99)
M88300/3,恶性纤维组织细胞瘤,---,EXXWZZXBL,第13章 肌肉骨骼系统和结缔组织疾病 (M00-M99)
M88300/6,转移性恶性纤维组织细胞瘤,,ZYXEXXWZZXBL,第13章 肌肉骨骼系统和结缔组织疾病 (M00-M99)
M88310/0,纤维黄色瘤,,XWHSL,第13章 肌肉骨骼系统和结缔组织疾病 (M00-M99)
M88310/3,黄色瘤,--,HSL,第13章 肌肉骨骼系统和结缔组织疾病 (M00-M99)
M88320/0,皮肤纤维瘤,---,PFXWL,第13章 肌肉骨骼系统和结缔组织疾病 (M00-M99)
M88320/3,隆突性皮肤纤维肉瘤,,LTXPFXWRL,第13章 肌肉骨骼系统和结缔组织疾病 (M00-M99)
M88321/0,组织细胞瘤,,ZZXBL,第13章 肌肉骨骼系统和结缔组织疾病 (M00-M99)
M88322/0,硬化性血管瘤,,YHXXGL,第13章 肌肉骨骼系统和结缔组织疾病 (M00-M99)
M88323/0,黄色肉芽肿,---,HSRYZ,第13章 肌肉骨骼系统和结缔组织疾病 (M00-M99)
M88330/1,炎症型肌纤维母细胞肿瘤,--,YZXJXWMXBZL,第13章 肌肉骨骼系统和结缔组织疾病 (M00-M99)
M88400/0,粘液瘤,,NYL,第13章 肌肉骨骼系统和结缔组织疾病 (M00-M99)
M88410/1,血管粘液瘤,--,XGNYL,第13章 肌肉骨骼系统和结缔组织疾病 (M00-M99)
M88500/0,脂肪瘤,,ZFL,第13章 肌肉骨骼系统和结缔组织疾病 (M00-M99)
M88500/3,脂肪肉瘤,,ZFRL,第13章 肌肉骨骼系统和结缔组织疾病 (M00-M99)
M88500/6,转移性脂肪瘤,---,ZYXZFL,第13章 肌肉骨骼系统和结缔组织疾病 (M00-M99)
M88510/0,纤维脂肪瘤,,XWZFL,第13章 肌肉骨骼系统和结缔组织疾病 (M00-M99)
M88520/3,粘液样脂肪肉瘤,,NYYZFRL,第13章 肌肉骨骼系统和结缔组织疾病 (M00-M99)
M88540/3,多形细胞性脂肪肉瘤,,DXXBXZFRL,第13章 肌肉骨骼系统和结缔组织疾病 (M00-M99)
M88560/0,肌内脂肪瘤,,JNZFL,第13章 肌肉骨骼系统和结缔组织疾病 (M00-M99)
M88561/0,浸润性脂肪瘤,---,JRXZFL,第13章 肌肉骨骼系统和结缔组织疾病 (M00-M99)
M88600/0,血管肌脂肪瘤,---,XGJZFL,第13章 肌肉骨骼系统和结缔组织疾病 (M00-M99)
M88610/0,血管脂肪瘤,,XGZFL,第13章 肌肉骨骼系统和结缔组织疾病 (M00-M99)
M88610/1,"血管脂肪瘤,浸润性",---,XGZFLJRX,第13章 肌肉骨骼系统和结缔组织疾病 (M00-M99)
M88611/0,纤维血管脂肪瘤,,XWXGZFL,第13章 肌肉骨骼系统和结缔组织疾病 (M00-M99)
M88700/0,骨髓脂肪瘤,,GSZFL,第13章 肌肉骨骼系统和结缔组织疾病 (M00-M99)
M88800/0,棕色脂肪瘤,,ZSZFL,第13章 肌肉骨骼系统和结缔组织疾病 (M00-M99)
M88900/0,平滑肌瘤,,PHJL,第13章 肌肉骨骼系统和结缔组织疾病 (M00-M99)
M88900/3,平滑肌肉瘤,,PHJRL,第13章 肌肉骨骼系统和结缔组织疾病 (M00-M99)
M88900/6,转移性平猾肌肉瘤,---,ZYXPHJRL,第13章 肌肉骨骼系统和结缔组织疾病 (M00-M99)
M88910/0,上皮样平滑肌瘤,---,SPYPHJL,第13章 肌肉骨骼系统和结缔组织疾病 (M00-M99)
M88910/1,平滑肌母细胞瘤,,PHJMXBL,第13章 肌肉骨骼系统和结缔组织疾病 (M00-M99)
M88911/1,上皮样平滑肌瘤,,SPYPHJL,第13章 肌肉骨骼系统和结缔组织疾病 (M00-M99)
M88940/0,血管平滑肌瘤,---,XGPHJL,第13章 肌肉骨骼系统和结缔组织疾病 (M00-M99)
M88940/3,血管平滑肌肉瘤,,XGPHJRL,第13章 肌肉骨骼系统和结缔组织疾病 (M00-M99)
M89.001,肩手综合征,120,JSZHZ,第13章 肌肉骨骼系统和结缔组织疾病 (M00-M99)
M89.201,骨皮质缺损,120,GPZQS,第13章 肌肉骨骼系统和结缔组织疾病 (M00-M99)
M89.301,骨皮质肥厚,120,GPZFH,第13章 肌肉骨骼系统和结缔组织疾病 (M00-M99)
M89.381,下颌骨肥大,120,XHGFD,第13章 肌肉骨骼系统和结缔组织疾病 (M00-M99)
M89.391,骨质增生,120,GZZS,第13章 肌肉骨骼系统和结缔组织疾病 (M00-M99)
M89.481,骨肥大综合征,120,GFDZHZ,第13章 肌肉骨骼系统和结缔组织疾病 (M00-M99)
M89.491,肥大性肺性骨关节病,120,FDXFXGGJB,第13章 肌肉骨骼系统和结缔组织疾病 (M00-M99)
M89.492,厚皮性骨膜病(皮肤肥厚骨膜骨质增生症),120,HPXGMBPFFHGMGZZSZ,第13章 肌肉骨骼系统和结缔组织疾病 (M00-M99)
M89.591,大块溶骨病,120,DKRGB,第13章 肌肉骨骼系统和结缔组织疾病 (M00-M99)
M89.592,骨溶解,120,GRJ,第13章 肌肉骨骼系统和结缔组织疾病 (M00-M99)
M89.801,骨痛,120,GT,第13章 肌肉骨骼系统和结缔组织疾病 (M00-M99)
M89.802,骨梗塞,120,GGS,第13章 肌肉骨骼系统和结缔组织疾病 (M00-M99)
M89.821,肱骨全长破坏,120,GGQCPH,第13章 肌肉骨骼系统和结缔组织疾病 (M00-M99)
M89.891,非骨化性纤维瘤,120,FGHXXWL,第13章 肌肉骨骼系统和结缔组织疾病 (M00-M99)
M89.892,骨质破坏,120,GZPH,第13章 肌肉骨骼系统和结缔组织疾病 (M00-M99)
M89.893,婴儿型骨皮质增生症,120,YEXGPZZSZ,第13章 肌肉骨骼系统和结缔组织疾病 (M00-M99)
M89.901,椎骨肿物,120,ZGZW,第13章 肌肉骨骼系统和结缔组织疾病 (M00-M99)
M89.902,骨变性,120,GBX,第13章 肌肉骨骼系统和结缔组织疾病 (M00-M99)
M89.903,锁骨肿物,120,SGZW,第13章 肌肉骨骼系统和结缔组织疾病 (M00-M99)
M89.904,胫骨肿物,120,JGZW,第13章 肌肉骨骼系统和结缔组织疾病 (M00-M99)
M89.905,上颌骨肿物,120,SHGZW,第13章 肌肉骨骼系统和结缔组织疾病 (M00-M99)
M89.906,股骨肿物,120,GGZW,第13章 肌肉骨骼系统和结缔组织疾病 (M00-M99)
M89.907,肋骨肿物,120,LGZW,第13章 肌肉骨骼系统和结缔组织疾病 (M00-M99)
M89.908,髂骨肿物,120,QGZW,第13章 肌肉骨骼系统和结缔组织疾病 (M00-M99)
M89.909,肱骨肿物,120,GGZW,第13章 肌肉骨骼系统和结缔组织疾病 (M00-M99)
M89.910,骨占位性病变,120,GZWXBB,第13章 肌肉骨骼系统和结缔组织疾病 (M00-M99)
M89.911,耻骨联合病变,120,CGLHBB,第13章 肌肉骨骼系统和结缔组织疾病 (M00-M99)
M89.971,跖骨肿物,120,ZGZW,第13章 肌肉骨骼系统和结缔组织疾病 (M00-M99)
M89.981,胸骨病变,120,XGBB,第13章 肌肉骨骼系统和结缔组织疾病 (M00-M99)
M89000/0,横纹肌瘤,,HWJL,第13章 肌肉骨骼系统和结缔组织疾病 (M00-M99)
M89000/3,横纹肌肉瘤,,HWJRL,第13章 肌肉骨骼系统和结缔组织疾病 (M00-M99)
M89000/6,转移性横纹肌肉瘤,,ZYXHWJRL,第13章 肌肉骨骼系统和结缔组织疾病 (M00-M99)
M89100/3,胚胎性横纹肌肉瘤,---,PTXHWJRL,第13章 肌肉骨骼系统和结缔组织疾病 (M00-M99)
M89100/6,转移性胚胎性横纹肌肉瘤,,ZYXPTXHWJRL,第13章 肌肉骨骼系统和结缔组织疾病 (M00-M99)
M89101/3,葡萄样肉瘤,,PTYRL,第13章 肌肉骨骼系统和结缔组织疾病 (M00-M99)
M89300/3,子宫内膜间质肉瘤,,ZGNMJZRL,第13章 肌肉骨骼系统和结缔组织疾病 (M00-M99)
M89300/6,转移性子宫内膜间质肉瘤,---,ZYXZGNMJZRL,第13章 肌肉骨骼系统和结缔组织疾病 (M00-M99)
M89310/1,内膜间质异位症,,NMJZYWZ,第13章 肌肉骨骼系统和结缔组织疾病 (M00-M99)
M89320/0,腺肌瘤,,XJL,第13章 肌肉骨骼系统和结缔组织疾病 (M00-M99)
M89330/3,腺肉瘤,,XRL,第13章 肌肉骨骼系统和结缔组织疾病 (M00-M99)
M89400/0,多形性腺瘤,,DXXXL,第13章 肌肉骨骼系统和结缔组织疾病 (M00-M99)
M89400/3,恶性混合瘤,---,EXHHL,第13章 肌肉骨骼系统和结缔组织疾病 (M00-M99)
M89401/0,混合瘤,,HHL,第13章 肌肉骨骼系统和结缔组织疾病 (M00-M99)
M89402/0,涎腺型混合瘤,,XXXHHL,第13章 肌肉骨骼系统和结缔组织疾病 (M00-M99)
M89510/3,间叶性混合瘤,,JYXHHL,第13章 肌肉骨骼系统和结缔组织疾病 (M00-M99)
M89600/3,肾母细胞瘤,,SMXBL,第13章 肌肉骨骼系统和结缔组织疾病 (M00-M99)
M89600/6,转移性肾母细胞瘤,---,ZYXSMXBL,第13章 肌肉骨骼系统和结缔组织疾病 (M00-M99)
M89610/3,粒细胞性白血病,039,LXBXBXB,第13章 肌肉骨骼系统和结缔组织疾病 (M00-M99)
M89700/3,肝母细胞瘤,---,GMXBL,第13章 肌肉骨骼系统和结缔组织疾病 (M00-M99)
M89710/3,胰母细胞瘤,--,YMXBL,第13章 肌肉骨骼系统和结缔组织疾病 (M00-M99)
M89720/3,肺母细胞瘤,032,FMXBL,第13章 肌肉骨骼系统和结缔组织疾病 (M00-M99)
M89800/3,癌肉瘤,---,ARL,第13章 肌肉骨骼系统和结缔组织疾病 (M00-M99)
M89800/6,转移性癌肉瘤,,ZYXARL,第13章 肌肉骨骼系统和结缔组织疾病 (M00-M99)
M89810/3,肺母细胞瘤,,FMXBL,第13章 肌肉骨骼系统和结缔组织疾病 (M00-M99)
M89820/0,肌上皮瘤,,JSPL,第13章 肌肉骨骼系统和结缔组织疾病 (M00-M99)
M89820/3,恶性肌上皮瘤,---,EXJSPL,第13章 肌肉骨骼系统和结缔组织疾病 (M00-M99)
M89900/0,良性间叶瘤,---,LXJYL,第13章 肌肉骨骼系统和结缔组织疾病 (M00-M99)
M89900/1,间叶瘤,,JYL,第13章 肌肉骨骼系统和结缔组织疾病 (M00-M99)
M89900/3,恶性间叶瘤,,EXJYL,第13章 肌肉骨骼系统和结缔组织疾病 (M00-M99)
M89900/6,转移性中胚叶混合瘤,---,ZYXZPYHHL,第13章 肌肉骨骼系统和结缔组织疾病 (M00-M99)
M89901/3,上皮样血管平滑肌脂肪瘤,---,SPYXGPHJZFL,第13章 肌肉骨骼系统和结缔组织疾病 (M00-M99)
M90000/0,纤维上皮瘤(布伦纳氏瘤),,XWSPLBLNSL,第13章 肌肉骨骼系统和结缔组织疾病 (M00-M99)
M90000/1,交界恶性纤维上皮瘤(交界恶性布伦纳氏瘤),,JJEXXWSPLJJEXBLNSL,第13章 肌肉骨骼系统和结缔组织疾病 (M00-M99)
M90000/3,恶性纤维上皮瘤(恶性布伦纳氏瘤),,EXXWSPLEXBLNSL,第13章 肌肉骨骼系统和结缔组织疾病 (M00-M99)
M90100/0,纤维腺瘤,,XWXL,第13章 肌肉骨骼系统和结缔组织疾病 (M00-M99)
M90110/0,管内型纤维腺瘤,---,GNXXWXL,第13章 肌肉骨骼系统和结缔组织疾病 (M00-M99)
M90130/0,腺纤维瘤,,XXWL,第13章 肌肉骨骼系统和结缔组织疾病 (M00-M99)
M90130/3,腺纤维瘤[癌变],,XXWLAB,第13章 肌肉骨骼系统和结缔组织疾病 (M00-M99)
M90131/0,乳头状腺纤维瘤,,RTZXXWL,第13章 肌肉骨骼系统和结缔组织疾病 (M00-M99)
M90132/0,囊腺纤维瘤,,NXXWL,第13章 肌肉骨骼系统和结缔组织疾病 (M00-M99)
M90140/0,浆液性腺纤维瘤,,JYXXXWL,第13章 肌肉骨骼系统和结缔组织疾病 (M00-M99)
M90200/0,叶状囊肉瘤,,YZNRL,第13章 肌肉骨骼系统和结缔组织疾病 (M00-M99)
M90200/1,叶状囊性肉瘤,,YZNXRL,第13章 肌肉骨骼系统和结缔组织疾病 (M00-M99)
M90200/3,恶性叶状囊肉瘤,,EXYZNRL,第13章 肌肉骨骼系统和结缔组织疾病 (M00-M99)
M90400/0,良性滑膜瘤,,LXHML,第13章 肌肉骨骼系统和结缔组织疾病 (M00-M99)
M90400/3,滑膜肉瘤,,HMRL,第13章 肌肉骨骼系统和结缔组织疾病 (M00-M99)
M90400/6,转移性滑膜肉瘤,---,ZYXHMRL,第13章 肌肉骨骼系统和结缔组织疾病 (M00-M99)
M90401/3,恶性滑膜瘤,,EXHML,第13章 肌肉骨骼系统和结缔组织疾病 (M00-M99)
M90440/3,透明细胞肉瘤,---,TMXBRL,第13章 肌肉骨骼系统和结缔组织疾病 (M00-M99)
M90500/0,良性间皮瘤,---,LXJPL,第13章 肌肉骨骼系统和结缔组织疾病 (M00-M99)
M90500/3,恶性间皮细胞瘤,,EXJPXBL,第13章 肌肉骨骼系统和结缔组织疾病 (M00-M99)
M90500/6,转移性恶性间皮瘤,---,ZYXEXJPL,第13章 肌肉骨骼系统和结缔组织疾病 (M00-M99)
M90510/0,良性纤维性间皮瘤,,LXXWXJPL,第13章 肌肉骨骼系统和结缔组织疾病 (M00-M99)
M90510/3,恶性纤维性间皮瘤,---,EXXWXJPL,第13章 肌肉骨骼系统和结缔组织疾病 (M00-M99)
M90511/0,孤立性纤维性肿瘤,---,GLXXWXZL,第13章 肌肉骨骼系统和结缔组织疾病 (M00-M99)
M90511/3,恶性孤立性纤维性肿瘤,---,EXGLXXWXZL,第13章 肌肉骨骼系统和结缔组织疾病 (M00-M99)
M90520/3,恶性上皮样间皮瘤,,EXSPYJPL,第13章 肌肉骨骼系统和结缔组织疾病 (M00-M99)
M90540/0,腺瘤样瘤,,XLYL,第13章 肌肉骨骼系统和结缔组织疾病 (M00-M99)
M90600/3,无性细胞瘤,,WXXBL,第13章 肌肉骨骼系统和结缔组织疾病 (M00-M99)
M90600/6,转移性无性细胞瘤,,ZYXWXXBL,第13章 肌肉骨骼系统和结缔组织疾病 (M00-M99)
M90610/3,精原细胞瘤,,JYXBL,第13章 肌肉骨骼系统和结缔组织疾病 (M00-M99)
M90610/6,转移性精原细胞瘤,---,ZYXJYXBL,第13章 肌肉骨骼系统和结缔组织疾病 (M00-M99)
M90630/6,转移性睾丸精母细胞瘤,,ZYXGWJMXBL,第13章 肌肉骨骼系统和结缔组织疾病 (M00-M99)
M90640/3,生殖细胞瘤,,SZXBL,第13章 肌肉骨骼系统和结缔组织疾病 (M00-M99)
M90640/6,转移性生殖细胞瘤,,ZYXSZXBL,第13章 肌肉骨骼系统和结缔组织疾病 (M00-M99)
M90641/3,混合性生殖细胞瘤,,HHXSZXBL,第13章 肌肉骨骼系统和结缔组织疾病 (M00-M99)
M90700/3,胚胎性癌,---,PTXA,第13章 肌肉骨骼系统和结缔组织疾病 (M00-M99)
M90700/6,转移性胚胎性癌,---,ZYXPTXA,第13章 肌肉骨骼系统和结缔组织疾病 (M00-M99)
M90710/3,内胚窦瘤(卵黄囊瘤),,NPDLLHNL,第13章 肌肉骨骼系统和结缔组织疾病 (M00-M99)
M90710/6,转移性内胚窦瘤(卵黄囊瘤),,ZYXNPDLLHNL,第13章 肌肉骨骼系统和结缔组织疾病 (M00-M99)
M90711/6,转移性睾丸母细胞瘤,---,ZYXGWMXBL,第13章 肌肉骨骼系统和结缔组织疾病 (M00-M99)
M90720/3,多胚胎瘤,---,DPTL,第13章 肌肉骨骼系统和结缔组织疾病 (M00-M99)
M90730/1,性腺母细胞瘤,,XXMXBL,第13章 肌肉骨骼系统和结缔组织疾病 (M00-M99)
M90800/0,良性畸胎瘤,,LXJTL,第13章 肌肉骨骼系统和结缔组织疾病 (M00-M99)
M90800/1,畸胎瘤,,JTL,第13章 肌肉骨骼系统和结缔组织疾病 (M00-M99)
M90800/3,恶性畸胎瘤,,EXJTL,第13章 肌肉骨骼系统和结缔组织疾病 (M00-M99)
M90800/6,转移性恶性畸胎瘤,,ZYXEXJTL,第13章 肌肉骨骼系统和结缔组织疾病 (M00-M99)
M90801/3,睾丸畸胎瘤,,GWJTL,第13章 肌肉骨骼系统和结缔组织疾病 (M00-M99)
M90810/3,畸胎癌,,JTA,第13章 肌肉骨骼系统和结缔组织疾病 (M00-M99)
M90811/3,恶性畸胎瘤,---,EXJTL,第13章 肌肉骨骼系统和结缔组织疾病 (M00-M99)
M90840/0,皮样囊肿,---,PYNZ,第13章 肌肉骨骼系统和结缔组织疾病 (M00-M99)
M90840/3,畸胎瘤伴有恶性变,,JTLBYEXB,第13章 肌肉骨骼系统和结缔组织疾病 (M00-M99)
M90900/0,卵巢甲状腺肿,,LCJZXZ,第13章 肌肉骨骼系统和结缔组织疾病 (M00-M99)
M91.101,股骨头幼年型骨软骨病(Perthes病),120,GGTYNXGRGBB,第13章 肌肉骨骼系统和结缔组织疾病 (M00-M99)
M91.151,股骨头骨软骨炎,120,GGTGRGY,第13章 肌肉骨骼系统和结缔组织疾病 (M00-M99)
M91.251,扁平髋,120,BPK,第13章 肌肉骨骼系统和结缔组织疾病 (M00-M99)
M91000/1,恶性葡萄胎,,EXPTT,第13章 肌肉骨骼系统和结缔组织疾病 (M00-M99)
M91000/3,绒毛膜上皮癌,,RMMSPA,第13章 肌肉骨骼系统和结缔组织疾病 (M00-M99)
M91000/6,转移性葡萄胎,---,ZYXPTT,第13章 肌肉骨骼系统和结缔组织疾病 (M00-M99)
M91001/3,恶性滋养细胞肿瘤,,EXZYXBZL,第13章 肌肉骨骼系统和结缔组织疾病 (M00-M99)
M91001/6,转移性绒毛膜上皮癌,---,ZYXRMMSPA,第13章 肌肉骨骼系统和结缔组织疾病 (M00-M99)
M91100/0,中肾瘤,,ZSL,第13章 肌肉骨骼系统和结缔组织疾病 (M00-M99)
M91100/3,中肾癌,,ZSA,第13章 肌肉骨骼系统和结缔组织疾病 (M00-M99)
M91200/0,血管瘤,,XGL,第13章 肌肉骨骼系统和结缔组织疾病 (M00-M99)
M91200/3,血管肉瘤,,XGRL,第13章 肌肉骨骼系统和结缔组织疾病 (M00-M99)
M91200/6,转移性血管肉瘤,,ZYXXGRL,第13章 肌肉骨骼系统和结缔组织疾病 (M00-M99)
M91210/0,海绵状血管瘤,---,HMZXGL,第13章 肌肉骨骼系统和结缔组织疾病 (M00-M99)
M91220/0,静脉性血管瘤,,JMXXGL,第13章 肌肉骨骼系统和结缔组织疾病 (M00-M99)
M91230/0,蔓状血管瘤,,MZXGL,第13章 肌肉骨骼系统和结缔组织疾病 (M00-M99)
M91240/3,枯否氏细胞(肝星形细胞)肉瘤,,KFSXBGXXXBRL,第13章 肌肉骨骼系统和结缔组织疾病 (M00-M99)
M91300/0,良性血管内皮瘤,042,LXXGNPL,第13章 肌肉骨骼系统和结缔组织疾病 (M00-M99)
M91300/1,血管内皮瘤,,XGNPL,第13章 肌肉骨骼系统和结缔组织疾病 (M00-M99)
M91300/3,恶性血管内皮瘤,,EXXGNPL,第13章 肌肉骨骼系统和结缔组织疾病 (M00-M99)
M91300/6,转移性恶性血管内皮瘤,,ZYXEXXGNPL,第13章 肌肉骨骼系统和结缔组织疾病 (M00-M99)
M91310/0,毛细血管性血管瘤,,MXXGXXGL,第13章 肌肉骨骼系统和结缔组织疾病 (M00-M99)
M91311/0,丛状血管瘤,,CZXGL,第13章 肌肉骨骼系统和结缔组织疾病 (M00-M99)
M91320/0,肌内血管瘤,,JNXGL,第13章 肌肉骨骼系统和结缔组织疾病 (M00-M99)
M91400/3,卡波济氏肉瘤,,KBJSRL,第13章 肌肉骨骼系统和结缔组织疾病 (M00-M99)
M91410/0,血管角质瘤,,XGJZL,第13章 肌肉骨骼系统和结缔组织疾病 (M00-M99)
M91500/0,血管外皮瘤,---,XGWPL,第13章 肌肉骨骼系统和结缔组织疾病 (M00-M99)
M91500/3,恶性血管外皮细胞瘤,---,EXXGWPXBL,第13章 肌肉骨骼系统和结缔组织疾病 (M00-M99)
M91500/6,转移性血管外皮细胞瘤,---,ZYXXGWPXBL,第13章 肌肉骨骼系统和结缔组织疾病 (M00-M99)
M91501/3,血管外皮肉瘤,,XGWPRL,第13章 肌肉骨骼系统和结缔组织疾病 (M00-M99)
M91502/3,血管网状细胞瘤,,XGWZXBL,第13章 肌肉骨骼系统和结缔组织疾病 (M00-M99)
M91600/0,纤维血管瘤,,XWXGL,第13章 肌肉骨骼系统和结缔组织疾病 (M00-M99)
M91610/0,血管网织细胞瘤,,XGWZXBL,第13章 肌肉骨骼系统和结缔组织疾病 (M00-M99)
M91610/1,血管母细胞瘤,---,XGMXBL,第13章 肌肉骨骼系统和结缔组织疾病 (M00-M99)
M91700/0,淋巴管瘤,,LBGL,第13章 肌肉骨骼系统和结缔组织疾病 (M00-M99)
M91700/3,淋巴管肉瘤,---,LBGRL,第13章 肌肉骨骼系统和结缔组织疾病 (M00-M99)
M91720/0,海绵状淋巴管瘤,,HMZLBGL,第13章 肌肉骨骼系统和结缔组织疾病 (M00-M99)
M91730/0,囊性淋巴管瘤,,NXLBGL,第13章 肌肉骨骼系统和结缔组织疾病 (M00-M99)
M91731/0,水囊瘤,,SNL,第13章 肌肉骨骼系统和结缔组织疾病 (M00-M99)
M91740/0,淋巴管肌瘤,042,LBGJL,第13章 肌肉骨骼系统和结缔组织疾病 (M00-M99)
M91750/0,血管淋巴管瘤,---,XGLBGL,第13章 肌肉骨骼系统和结缔组织疾病 (M00-M99)
M91800/0,骨瘤,,GL,第13章 肌肉骨骼系统和结缔组织疾病 (M00-M99)
M91800/3,成骨肉瘤(骨肉瘤),---,CGRLGRL,第13章 肌肉骨骼系统和结缔组织疾病 (M00-M99)
M91800/6,转移性成骨肉瘤,,ZYXCGRL,第13章 肌肉骨骼系统和结缔组织疾病 (M00-M99)
M91801/0,骨旁骨瘤,,GPGL,第13章 肌肉骨骼系统和结缔组织疾病 (M00-M99)
M91810/3,软骨母细胞性骨肉瘤,---,RGMXBXGRL,第13章 肌肉骨骼系统和结缔组织疾病 (M00-M99)
M91820/3,纤维母细胞性骨肉瘤,---,XWMXBXGRL,第13章 肌肉骨骼系统和结缔组织疾病 (M00-M99)
M91840/3,骨佩吉特氏病骨肉瘤,---,GPJTSBGRL,第13章 肌肉骨骼系统和结缔组织疾病 (M00-M99)
M91900/3,骨旁骨肉瘤,,GPGRL,第13章 肌肉骨骼系统和结缔组织疾病 (M00-M99)
M91910/0,骨样骨瘤,,GYGL,第13章 肌肉骨骼系统和结缔组织疾病 (M00-M99)
M92.501,胫骨布朗特(Blount)病,120,JGBLTB,第13章 肌肉骨骼系统和结缔组织疾病 (M00-M99)
M92.601,跟骨骨骺炎,120,GGGHY,第13章 肌肉骨骼系统和结缔组织疾病 (M00-M99)
M92000/0,骨母细胞瘤,042,GMXBL,第13章 肌肉骨骼系统和结缔组织疾病 (M00-M99)
M92100/0,骨软骨瘤,,GRGL,第13章 肌肉骨骼系统和结缔组织疾病 (M00-M99)
M92100/1,骨软骨瘤病,049,GRGLB,第13章 肌肉骨骼系统和结缔组织疾病 (M00-M99)
M92101/0,外生软骨瘤,---,WSRGL,第13章 肌肉骨骼系统和结缔组织疾病 (M00-M99)
M92200/0,软骨瘤,,RGL,第13章 肌肉骨骼系统和结缔组织疾病 (M00-M99)
M92200/1,软骨瘤病,---,RGLB,第13章 肌肉骨骼系统和结缔组织疾病 (M00-M99)
M92200/3,软骨肉瘤,,RGRL,第13章 肌肉骨骼系统和结缔组织疾病 (M00-M99)
M92201/0,内生软骨瘤,,NSRGL,第13章 肌肉骨骼系统和结缔组织疾病 (M00-M99)
M92201/3,软骨粘液肉瘤,,RGNYRL,第13章 肌肉骨骼系统和结缔组织疾病 (M00-M99)
M92300/0,软骨母细胞瘤,---,RGMXBL,第13章 肌肉骨骼系统和结缔组织疾病 (M00-M99)
M92400/3,间叶性软骨肉瘤,,JYXRGRL,第13章 肌肉骨骼系统和结缔组织疾病 (M00-M99)
M92400/6,转移性间叶性软骨肉瘤,---,ZYXJYXRGRL,第13章 肌肉骨骼系统和结缔组织疾病 (M00-M99)
M92410/0,软骨粘液样纤维瘤,---,RGNYYXWL,第13章 肌肉骨骼系统和结缔组织疾病 (M00-M99)
M92500/0,骨巨细胞瘤,049,GJXBL,第13章 肌肉骨骼系统和结缔组织疾病 (M00-M99)
M92500/1,骨巨细胞瘤,---,GJXBL,第13章 肌肉骨骼系统和结缔组织疾病 (M00-M99)
M92500/3,恶性骨巨细胞瘤,,EXGJXBL,第13章 肌肉骨骼系统和结缔组织疾病 (M00-M99)
M92510/1,软组织巨细胞瘤,---,RZZJXBL,第13章 肌肉骨骼系统和结缔组织疾病 (M00-M99)
M92510/3,恶性软组织巨细胞瘤,,EXRZZJXBL,第13章 肌肉骨骼系统和结缔组织疾病 (M00-M99)
M92510/6,转移性恶性软组织巨细胞瘤,---,ZYXEXRZZJXBL,第13章 肌肉骨骼系统和结缔组织疾病 (M00-M99)
M92600/3,内皮细胞性骨髓瘤(尤文氏肉瘤),,NPXBXGSLYWSRL,第13章 肌肉骨骼系统和结缔组织疾病 (M00-M99)
M92601/3,骨内皮细胞瘤,,GNPXBL,第13章 肌肉骨骼系统和结缔组织疾病 (M00-M99)
M92620/0,骨化性纤维瘤,,GHXXWL,第13章 肌肉骨骼系统和结缔组织疾病 (M00-M99)
M92621/0,纤维骨瘤,---,XWGL,第13章 肌肉骨骼系统和结缔组织疾病 (M00-M99)
M92720/0,齿骨质瘤,---,CGZL,第13章 肌肉骨骼系统和结缔组织疾病 (M00-M99)
M92740/0,齿骨质化性纤维瘤,,CGZHXXWL,第13章 肌肉骨骼系统和结缔组织疾病 (M00-M99)
M92800/0,牙瘤,---,YL,第13章 肌肉骨骼系统和结缔组织疾病 (M00-M99)
M92810/0,复合型牙瘤,,FHXYL,第13章 肌肉骨骼系统和结缔组织疾病 (M00-M99)
M92820/0,复合齿瘤,,FHCL,第13章 肌肉骨骼系统和结缔组织疾病 (M00-M99)
M93.001,非创伤性股骨上端骨骺滑脱,120,FCSXGGSDGHHT,第13章 肌肉骨骼系统和结缔组织疾病 (M00-M99)
M93.201,剥脱性骨软骨炎,120,BTXGRGY,第13章 肌肉骨骼系统和结缔组织疾病 (M00-M99)
M93.801,胫骨近端骨骺早闭,120,JGJDGHZB,第13章 肌肉骨骼系统和结缔组织疾病 (M00-M99)
M93.901,骨骺炎,120,GHY,第13章 肌肉骨骼系统和结缔组织疾病 (M00-M99)
M93.902,骨软骨病,120,GRGB,第13章 肌肉骨骼系统和结缔组织疾病 (M00-M99)
M93000/0,腺性齿釉母细胞瘤(腺样造釉细胞瘤),---,XXCYMXBLXYZYXBL,第13章 肌肉骨骼系统和结缔组织疾病 (M00-M99)
M93100/0,造釉细胞瘤(釉质[上皮]瘤),,ZYXBLYZSPL,第13章 肌肉骨骼系统和结缔组织疾病 (M00-M99)
M93100/3,恶性成釉细胞瘤,-,EXCYXBL,第13章 肌肉骨骼系统和结缔组织疾病 (M00-M99)
M93210/0,齿原性纤维瘤,,CYXXWL,第13章 肌肉骨骼系统和结缔组织疾病 (M00-M99)
M93300/0,造釉细胞性纤维瘤,,ZYXBXXWL,第13章 肌肉骨骼系统和结缔组织疾病 (M00-M99)
M93500/1,颅咽管瘤,,LYGL,第13章 肌肉骨骼系统和结缔组织疾病 (M00-M99)
M93600/1,松果体瘤,,SGTL,第13章 肌肉骨骼系统和结缔组织疾病 (M00-M99)
M93620/3,松果体母细胞瘤,---,SGTMXBL,第13章 肌肉骨骼系统和结缔组织疾病 (M00-M99)
M93700/3,脊索瘤,,JSL,第13章 肌肉骨骼系统和结缔组织疾病 (M00-M99)
M93701/3,旁脊索瘤,,PJSL,第13章 肌肉骨骼系统和结缔组织疾病 (M00-M99)
M93800/3,恶性神经胶质瘤,,EXSJJZL,第13章 肌肉骨骼系统和结缔组织疾病 (M00-M99)
M93800/6,颈部嗅细胞瘤视交叉转移瘤,,JBXXBLSJCZYL,第13章 肌肉骨骼系统和结缔组织疾病 (M00-M99)
M93810/1,胶质恶性细胞瘤,038,JZEXXBL,第13章 肌肉骨骼系统和结缔组织疾病 (M00-M99)
M93810/3,大脑神经胶质瘤病,,DNSJJZLB,第13章 肌肉骨骼系统和结缔组织疾病 (M00-M99)
M93820/3,混合性胶质细胞瘤,---,HHXJZXBL,第13章 肌肉骨骼系统和结缔组织疾病 (M00-M99)
M93830/1,室管膜下胶质细胞瘤,---,SGMXJZXBL,第13章 肌肉骨骼系统和结缔组织疾病 (M00-M99)
M93900/3,恶性脉络丛乳头[状]瘤,---,EXMLCRTZL,第13章 肌肉骨骼系统和结缔组织疾病 (M00-M99)
M93901/0,脉络丛乳头状瘤,---,MLCRTZL,第13章 肌肉骨骼系统和结缔组织疾病 (M00-M99)
M9391/,室管膜瘤NOS(M9391/),,SGML,第13章 肌肉骨骼系统和结缔组织疾病 (M00-M99)
M93910/3,室管膜瘤,,SGML,第13章 肌肉骨骼系统和结缔组织疾病 (M00-M99)
M93920/3,成室管膜细胞瘤,---,CSGMXBL,第13章 肌肉骨骼系统和结缔组织疾病 (M00-M99)
M93940/1,粘液乳头状室管腺瘤,---,NYRTZSGXL,第13章 肌肉骨骼系统和结缔组织疾病 (M00-M99)
M94.101,复发性多软骨炎,120,FFXDRGY,第13章 肌肉骨骼系统和结缔组织疾病 (M00-M99)
M94.102,肋软骨炎(提策耳氏病),120,LRGYTCESB,第13章 肌肉骨骼系统和结缔组织疾病 (M00-M99)
M94000/3,星形细胞瘤,---,XXXBL,第13章 肌肉骨骼系统和结缔组织疾病 (M00-M99)
M94000/6,转移性星形细胞瘤,---,ZYXXXXBL,第13章 肌肉骨骼系统和结缔组织疾病 (M00-M99)
M94200/3,纤维性星形细胞瘤,---,XWXXXXBL,第13章 肌肉骨骼系统和结缔组织疾病 (M00-M99)
M94300/3,星形母细胞瘤,,XXMXBL,第13章 肌肉骨骼系统和结缔组织疾病 (M00-M99)
M94400/3,多形性胶质母细胞瘤,---,DXXJZMXBL,第13章 肌肉骨骼系统和结缔组织疾病 (M00-M99)
M94401/3,多形性海绵母细胞瘤,,DXXHMMXBL,第13章 肌肉骨骼系统和结缔组织疾病 (M00-M99)
M94410/3,巨细胞性胶质母细胞瘤,---,JXBXJZMXBL,第13章 肌肉骨骼系统和结缔组织疾病 (M00-M99)
M94500/3,少突胶质瘤,---,STJZL,第13章 肌肉骨骼系统和结缔组织疾病 (M00-M99)
M94520/3,中枢神经细胞瘤,---,ZSSJXBL,第13章 肌肉骨骼系统和结缔组织疾病 (M00-M99)
M94700/3,髓母细胞瘤,---,SMXBL,第13章 肌肉骨骼系统和结缔组织疾病 (M00-M99)
M94700/6,转移性感觉神经母细胞瘤,---,ZYXGJSJMXBL,第13章 肌肉骨骼系统和结缔组织疾病 (M00-M99)
M94701/6,转移性髓母细胞瘤,---,ZYXSMXBL,第13章 肌肉骨骼系统和结缔组织疾病 (M00-M99)
M94730/3,原始性神经外胚瘤,,YSXSJWPL,第13章 肌肉骨骼系统和结缔组织疾病 (M00-M99)
M94730/6,转移性原始性神经外胚瘤,,ZYXYSXSJWPL,第13章 肌肉骨骼系统和结缔组织疾病 (M00-M99)
M94900/0,神经节细胞瘤,,SJJXBL,第13章 肌肉骨骼系统和结缔组织疾病 (M00-M99)
M94900/3,神经节母细胞瘤,,SJJMXBL,第13章 肌肉骨骼系统和结缔组织疾病 (M00-M99)
M94910/3,恶性神经节细胞瘤,－,WXSJJXBL,第13章 肌肉骨骼系统和结缔组织疾病 (M00-M99)
M95.001,鞍鼻,113,AB,第13章 肌肉骨骼系统和结缔组织疾病 (M00-M99)
M95.002,后天性鼻变形,113,HTXBBX,第13章 肌肉骨骼系统和结缔组织疾病 (M00-M99)
M95.003,后天性鼻畸形,113,HTXBJX,第13章 肌肉骨骼系统和结缔组织疾病 (M00-M99)
M95.201,后天性颌骨畸形,113,HTXHGJX,第13章 肌肉骨骼系统和结缔组织疾病 (M00-M99)
M95.202,后天性面部畸形,113,HTXMBJX,第13章 肌肉骨骼系统和结缔组织疾病 (M00-M99)
M95.203,面骨后天畸形,113,MGHTJX,第13章 肌肉骨骼系统和结缔组织疾病 (M00-M99)
M95.401,后天性漏斗胸,113,HTXLDX,第13章 肌肉骨骼系统和结缔组织疾病 (M00-M99)
M95.402,胸壁后天性变形,113,XBHTXBX,第13章 肌肉骨骼系统和结缔组织疾病 (M00-M99)
M95.501,骨盆后天性变形,113,GPHTXBX,第13章 肌肉骨骼系统和结缔组织疾病 (M00-M99)
M95.801,脑性瘫痪后遗症,113,NXTHHYZ,第13章 肌肉骨骼系统和结缔组织疾病 (M00-M99)
M95.802,肱骨短缩症,113,GGDSZ,第13章 肌肉骨骼系统和结缔组织疾病 (M00-M99)
M95000/3,神经母细胞瘤,,SJMXBL,第13章 肌肉骨骼系统和结缔组织疾病 (M00-M99)
M95000/6,转移性神经母细胞瘤,,ZYXSJMXBL,第13章 肌肉骨骼系统和结缔组织疾病 (M00-M99)
M95010/3,髓上皮瘤,,SSPL,第13章 肌肉骨骼系统和结缔组织疾病 (M00-M99)
M95030/3,神经上皮瘤,,SJSPL,第13章 肌肉骨骼系统和结缔组织疾病 (M00-M99)
M95050/1,神经胶质瘤,---,SJJZL,第13章 肌肉骨骼系统和结缔组织疾病 (M00-M99)
M95100/3,视网膜母细胞瘤,,SWMMXBL,第13章 肌肉骨骼系统和结缔组织疾病 (M00-M99)
M95200/3,嗅神经母细胞瘤,---,XSJMXBL,第13章 肌肉骨骼系统和结缔组织疾病 (M00-M99)
M95220/3,感觉神经母细胞瘤,,GJSJMXBL,第13章 肌肉骨骼系统和结缔组织疾病 (M00-M99)
M95220/6,滤泡性淋巴瘤,---,LPXLBL,第13章 肌肉骨骼系统和结缔组织疾病 (M00-M99)
M95221/3,感觉神经母细胞瘤,---,GJSJMXBL,第13章 肌肉骨骼系统和结缔组织疾病 (M00-M99)
M95230/3,感觉神经上皮瘤,023,GJSJSPL,第13章 肌肉骨骼系统和结缔组织疾病 (M00-M99)
M95300/0,脑(脊）膜瘤,,NJML,第13章 肌肉骨骼系统和结缔组织疾病 (M00-M99)
M95300/1,非典型性脑膜瘤,--,FDXXNML,第13章 肌肉骨骼系统和结缔组织疾病 (M00-M99)
M95300/3,脑膜肉瘤,,NMRL,第13章 肌肉骨骼系统和结缔组织疾病 (M00-M99)
M95301/3,恶性脑膜瘤,023,EXNML,第13章 肌肉骨骼系统和结缔组织疾病 (M00-M99)
M95310/0,脑膜上皮瘤性脑膜瘤,---,NMSPLXNML,第13章 肌肉骨骼系统和结缔组织疾病 (M00-M99)
M95320/0,纤维性脑膜瘤,,XWXNML,第13章 肌肉骨骼系统和结缔组织疾病 (M00-M99)
M95330/0,沙粒体性脑膜瘤,---,SLTXNML,第13章 肌肉骨骼系统和结缔组织疾病 (M00-M99)
M95340/0,血管瘤性脑膜瘤,,XGLXNML,第13章 肌肉骨骼系统和结缔组织疾病 (M00-M99)
M95350/0,血管母细胞型脑膜瘤,---,XGMXBXNML,第13章 肌肉骨骼系统和结缔组织疾病 (M00-M99)
M95370/0,混合性脑膜瘤,,HHXNML,第13章 肌肉骨骼系统和结缔组织疾病 (M00-M99)
M95400/0,神经纤维瘤,,SJXWL,第13章 肌肉骨骼系统和结缔组织疾病 (M00-M99)
M95400/1,多发性神经纤维瘤病,,DFXSJXWLB,第13章 肌肉骨骼系统和结缔组织疾病 (M00-M99)
M95400/3,神经纤维肉瘤,,SJXWRL,第13章 肌肉骨骼系统和结缔组织疾病 (M00-M99)
M95400/6,转移性神经纤维肉瘤,---,ZYXSJXWRL,第13章 肌肉骨骼系统和结缔组织疾病 (M00-M99)
M95401/1,神经纤维瘤病,,SJXWLB,第13章 肌肉骨骼系统和结缔组织疾病 (M00-M99)
M95500/0,从状神经纤维瘤,---,CZSJXWL,第13章 肌肉骨骼系统和结缔组织疾病 (M00-M99)
M95600/0,神经鞘瘤,,SJQL,第13章 肌肉骨骼系统和结缔组织疾病 (M00-M99)
M95600/1,神经鞘瘤病,---,SJQLB,第13章 肌肉骨骼系统和结缔组织疾病 (M00-M99)
M95600/3,恶性神经鞘瘤,---,EXSJQL,第13章 肌肉骨骼系统和结缔组织疾病 (M00-M99)
M95600/6,恶性神经鞘瘤,-1,EXSJQL,第13章 肌肉骨骼系统和结缔组织疾病 (M00-M99)
M95700/0,神经瘤,,SJL,第13章 肌肉骨骼系统和结缔组织疾病 (M00-M99)
M958/,颗粒细胞瘤和腺泡状软组织肉瘤,---,KLXBLHXPZRZZRL,第13章 肌肉骨骼系统和结缔组织疾病 (M00-M99)
M95800/0,颗粒细胞瘤,---,KLXBL,第13章 肌肉骨骼系统和结缔组织疾病 (M00-M99)
M95800/3,恶性颗粒细胞瘤,,EXKLXBL,第13章 肌肉骨骼系统和结缔组织疾病 (M00-M99)
M95800/6,转移性颗粒细胞瘤,,ZYXKLXBL,第13章 肌肉骨骼系统和结缔组织疾病 (M00-M99)
M95801/0,颗粒细胞肌母细胞瘤,---,KLXBJMXBL,第13章 肌肉骨骼系统和结缔组织疾病 (M00-M99)
M95810/3,腺泡状软组织肉瘤,---,XPZRZZRL,第13章 肌肉骨骼系统和结缔组织疾病 (M00-M99)
M95900/0,良性淋巴瘤,,LXLBL,第13章 肌肉骨骼系统和结缔组织疾病 (M00-M99)
M95900/3,恶性淋巴瘤,,EXLBL,第13章 肌肉骨骼系统和结缔组织疾病 (M00-M99)
M95900/6,转移性恶性淋巴瘤,---,ZYXEXLBL,第13章 肌肉骨骼系统和结缔组织疾病 (M00-M99)
M95910/3,非何杰金氏恶性淋巴瘤,,FHJJSEXLBL,第13章 肌肉骨骼系统和结缔组织疾病 (M00-M99)
M95910/6,转移性非何杰金氏淋巴瘤,,ZYXFHJJSLBL,第13章 肌肉骨骼系统和结缔组织疾病 (M00-M99)
M95920/3,结节性淋巴肉瘤,---,JJXLBRL,第13章 肌肉骨骼系统和结缔组织疾病 (M00-M99)
M95930/3,网织细胞肉瘤,,WZXBRL,第13章 肌肉骨骼系统和结缔组织疾病 (M00-M99)
M96.101,椎板切除后综合征,113,ZBQCHZHZ,第13章 肌肉骨骼系统和结缔组织疾病 (M00-M99)
M96100/3,淋巴肉瘤,,LBRL,第13章 肌肉骨骼系统和结缔组织疾病 (M00-M99)
M96100/6,转移性淋巴肉瘤,,ZYXLBRL,第13章 肌肉骨骼系统和结缔组织疾病 (M00-M99)
M96120/3,免疫母细胞型恶性淋巴瘤,,MYMXBXEXLBL,第13章 肌肉骨骼系统和结缔组织疾病 (M00-M99)
M96121/3,免疫母细胞肉瘤,,MYMXBRL,第13章 肌肉骨骼系统和结缔组织疾病 (M00-M99)
M96130/3,混合细胞型恶性淋巴瘤,,HHXBXEXLBL,第13章 肌肉骨骼系统和结缔组织疾病 (M00-M99)
M96200/3,淋巴细胞瘤,---,LBXBL,第13章 肌肉骨骼系统和结缔组织疾病 (M00-M99)
M96500/3,何杰金氏病,,HJJSB,第13章 肌肉骨骼系统和结缔组织疾病 (M00-M99)
M96501/3,嗜酸细胞性淋巴肉芽肿,,SSXBXLBRYZ,第13章 肌肉骨骼系统和结缔组织疾病 (M00-M99)
M96502/3,非何杰金氏淋巴瘤,,FHJJSLBL,第13章 肌肉骨骼系统和结缔组织疾病 (M00-M99)
M96510/3,淋巴细胞为主型何杰金氏病,---,LBXBWZXHJJSB,第13章 肌肉骨骼系统和结缔组织疾病 (M00-M99)
M96520/3,混合细胞型何杰金氏病,,HHXBXHJJSB,第13章 肌肉骨骼系统和结缔组织疾病 (M00-M99)
M96530/3,淋巴细胞缺乏型何杰金氏病,,LBXBQFXHJJSB,第13章 肌肉骨骼系统和结缔组织疾病 (M00-M99)
M96630/3,结节性硬化型何杰金氏病,023,JJXYHXHJJSB,第13章 肌肉骨骼系统和结缔组织疾病 (M00-M99)
M96710/3,淋巴浆细胞型恶性淋巴瘤,,LBJXBXEXLBL,第13章 肌肉骨骼系统和结缔组织疾病 (M00-M99)
M96730/3,套细胞淋巴瘤,--,TXBLBL,第13章 肌肉骨骼系统和结缔组织疾病 (M00-M99)
M96910/3,混合细胞型滤泡性淋巴肉瘤,023,HHXBXLPXLBRL,第13章 肌肉骨骼系统和结缔组织疾病 (M00-M99)
M96930/3,"淋巴细胞性恶性淋巴瘤,高分化型",023,LBXBXEXLBLGFHX,第13章 肌肉骨骼系统和结缔组织疾病 (M00-M99)
M97000/3,蕈样真菌病,,XYZJB,第13章 肌肉骨骼系统和结缔组织疾病 (M00-M99)
M97001/3,蕈样肉芽肿,,XYRYZ,第13章 肌肉骨骼系统和结缔组织疾病 (M00-M99)
M97002/3,皮肤T细胞淋巴瘤,---,PFXBLBL,第13章 肌肉骨骼系统和结缔组织疾病 (M00-M99)
M97010/3,塞扎瑞氏病,,SZRSB,第13章 肌肉骨骼系统和结缔组织疾病 (M00-M99)
M97130/3,恶性网状细胞增多症,---,EXWZXBZDZ,第13章 肌肉骨骼系统和结缔组织疾病 (M00-M99)
M97200/3,恶性组织细胞增多症,,EXZZXBZDZ,第13章 肌肉骨骼系统和结缔组织疾病 (M00-M99)
M97200/6,转移性恶性组织细胞增多症,,ZYXEXZZXBZDZ,第13章 肌肉骨骼系统和结缔组织疾病 (M00-M99)
M97201/3,恶性网状细胞增多症,,EXWZXBZDZ,第13章 肌肉骨骼系统和结缔组织疾病 (M00-M99)
M97201/6,转移性恶性网状细胞增多症,,ZYXEXWZXBZDZ,第13章 肌肉骨骼系统和结缔组织疾病 (M00-M99)
M97220/3,非类脂组织细胞增多病(累-塞二氏病),,FLZZZXBZDBLSESB,第13章 肌肉骨骼系统和结缔组织疾病 (M00-M99)
M97221/3,急性婴儿网状内皮细胞增多症,---,JXYEWZNPXBZDZ,第13章 肌肉骨骼系统和结缔组织疾病 (M00-M99)
M97290/3,T细胞淋巴母细胞淋巴瘤,-,XBLBMXBLBL,第13章 肌肉骨骼系统和结缔组织疾病 (M00-M99)
M97300/3,浆细胞性骨髓瘤,---,JXBXGSL,第13章 肌肉骨骼系统和结缔组织疾病 (M00-M99)
M97300/6,转移性多发性骨髓瘤,,ZYXDFXGSL,第13章 肌肉骨骼系统和结缔组织疾病 (M00-M99)
M97310/3,浆细胞瘤,,JXBL,第13章 肌肉骨骼系统和结缔组织疾病 (M00-M99)
M97311/3,浆细胞性骨髓瘤 单骨性,---,JXBXGSLDGX,第13章 肌肉骨骼系统和结缔组织疾病 (M00-M99)
M97320/3,多发性骨髓瘤,,DFXGSL,第13章 肌肉骨骼系统和结缔组织疾病 (M00-M99)
M975/,柏基特氏瘤(未分化型恶性淋巴瘤),,BJTSLWFHXEXLBL,第13章 肌肉骨骼系统和结缔组织疾病 (M00-M99)
M97500/3,伯基特氏恶性淋巴肉瘤,---,BJTSEXLBRL,第13章 肌肉骨骼系统和结缔组织疾病 (M00-M99)
M97570/3,树突细胞肉瘤，非特殊型,--,STXBRLFTSX,第13章 肌肉骨骼系统和结缔组织疾病 (M00-M99)
M97580/1,滤泡树突细胞肿瘤,--,LPSTXBZL,第13章 肌肉骨骼系统和结缔组织疾病 (M00-M99)
M97580/3,滤泡树突细胞肉瘤,--,LPSTXBRL,第13章 肌肉骨骼系统和结缔组织疾病 (M00-M99)
M97610/3,巨球蛋白血症(瓦尔登斯特伦氏病),,JQDBXZWEDSTLSB,第13章 肌肉骨骼系统和结缔组织疾病 (M00-M99)
M97650/1,单克隆丙种球蛋白病,---,DKLBZQDBB,第13章 肌肉骨骼系统和结缔组织疾病 (M00-M99)
M98000/3,白血病,,BXB,第13章 肌肉骨骼系统和结缔组织疾病 (M00-M99)
M98001/3,急性非淋巴细胞性白血病 M4型,,JXFLBXBXBXBX,第13章 肌肉骨骼系统和结缔组织疾病 (M00-M99)
M98002/3,急性非淋巴细胞性白血病 M5型,,JXFLBXBXBXBX,第13章 肌肉骨骼系统和结缔组织疾病 (M00-M99)
M98003/3,急性非淋巴细胞性白血病 M2型,,JXFLBXBXBXBX,第13章 肌肉骨骼系统和结缔组织疾病 (M00-M99)
M98004/3,急性非淋巴细胞性白血病 M1型,,JXFLBXBXBXBX,第13章 肌肉骨骼系统和结缔组织疾病 (M00-M99)
M98005/3,急性非淋巴细胞性白血病 M6型,,JXFLBXBXBXBX,第13章 肌肉骨骼系统和结缔组织疾病 (M00-M99)
M98005/6,转移性急性非淋巴细胞性白血病 M1型,,ZYXJXFLBXBXBXBX,第13章 肌肉骨骼系统和结缔组织疾病 (M00-M99)
M98006/3,急性非淋巴细胞性白血病 M3型,,JXFLBXBXBXBX,第13章 肌肉骨骼系统和结缔组织疾病 (M00-M99)
M98006/6,转移性急性非淋巴细性白血病 M3型,---,ZYXJXFLBXXBXBX,第13章 肌肉骨骼系统和结缔组织疾病 (M00-M99)
M98007/3,急性非淋巴细胞性白血病M1型,---,JXFLBXBXBXBX,第13章 肌肉骨骼系统和结缔组织疾病 (M00-M99)
M98007/6,转移性急性非淋巴细胞白血病 M5型,---,ZYXJXFLBXBBXBX,第13章 肌肉骨骼系统和结缔组织疾病 (M00-M99)
M98008/6,转移性急性非淋巴细胞性白血病,,ZYXJXFLBXBXBXB,第13章 肌肉骨骼系统和结缔组织疾病 (M00-M99)
M98009/6,转移性急性非淋巴细胞性白血病M1型,,ZYXJXFLBXBXBXBX,第13章 肌肉骨骼系统和结缔组织疾病 (M00-M99)
M98010/3,急性白血病,---,JXBXB,第13章 肌肉骨骼系统和结缔组织疾病 (M00-M99)
M98011/3,未分化性白血病,,WFHXBXB,第13章 肌肉骨骼系统和结缔组织疾病 (M00-M99)
M98100/3,混合细胞性白血病,,HHXBXBXB,第13章 肌肉骨骼系统和结缔组织疾病 (M00-M99)
M98200/3,淋巴细胞性白血病,,LBXBXBXB,第13章 肌肉骨骼系统和结缔组织疾病 (M00-M99)
M98210/3,急性淋巴细胞性白血病,,JXLBXBXBXB,第13章 肌肉骨骼系统和结缔组织疾病 (M00-M99)
M98210/6,转移性淋巴细胞白血病,,ZYXLBXBBXB,第13章 肌肉骨骼系统和结缔组织疾病 (M00-M99)
M98230/3,慢性淋巴细胞性白血病,,MXLBXBXBXB,第13章 肌肉骨骼系统和结缔组织疾病 (M00-M99)
M98230/6,转移性慢性淋巴细胞性白血病,,ZYXMXLBXBXBXB,第13章 肌肉骨骼系统和结缔组织疾病 (M00-M99)
M98240/3,非白血性淋巴细胞性白血病,039,FBXXLBXBXBXB,第13章 肌肉骨骼系统和结缔组织疾病 (M00-M99)
M98250/3,幼淋巴细胞性白血病,,YLBXBXBXB,第13章 肌肉骨骼系统和结缔组织疾病 (M00-M99)
M98260/3,伯基特细胞白血病,-,BJTXBBXB,第13章 肌肉骨骼系统和结缔组织疾病 (M00-M99)
M98300/3,浆细胞性白血病,---,JXBXBXB,第13章 肌肉骨骼系统和结缔组织疾病 (M00-M99)
M98400/3,红白血病,,HBXB,第13章 肌肉骨骼系统和结缔组织疾病 (M00-M99)
M98401/3,急性非淋巴细胞性白血病M6型,,JXFLBXBXBXBX,第13章 肌肉骨骼系统和结缔组织疾病 (M00-M99)
M98410/3,红细胞增多症,---,HXBZDZ,第13章 肌肉骨骼系统和结缔组织疾病 (M00-M99)
M98420/3,慢性红细胞增多症,---,MXHXBZDZ,第13章 肌肉骨骼系统和结缔组织疾病 (M00-M99)
M98500/3,淋巴肉瘤细胞性白血病,,LBRLXBXBXB,第13章 肌肉骨骼系统和结缔组织疾病 (M00-M99)
M98610/3,急性粒细胞性白血病,,JXLXBXBXB,第13章 肌肉骨骼系统和结缔组织疾病 (M00-M99)
M98610/6,转移性急性粒细胞性白血病,,ZYXJXLXBXBXB,第13章 肌肉骨骼系统和结缔组织疾病 (M00-M99)
M98611/3,急性髓单核细胞白血病,,JXSDHXBBXB,第13章 肌肉骨骼系统和结缔组织疾病 (M00-M99)
M98612/3,急性粒细胞性白血病 M2型,---,JXLXBXBXBX,第13章 肌肉骨骼系统和结缔组织疾病 (M00-M99)
M98620/3,亚急性粒细胞性白血病,,YJXLXBXBXB,第13章 肌肉骨骼系统和结缔组织疾病 (M00-M99)
M98630/3,慢性髓性白血病,,MXSXBXB,第13章 肌肉骨骼系统和结缔组织疾病 (M00-M99)
M98631/3,慢性粒细胞性白血病,,MXLXBXBXB,第13章 肌肉骨骼系统和结缔组织疾病 (M00-M99)
M98631/6,转移性慢性粒细胞性白血病,,ZYXMXLXBXBXB,第13章 肌肉骨骼系统和结缔组织疾病 (M00-M99)
M98632/3,慢性髓单核细胞性白血病,,MXSDHXBXBXB,第13章 肌肉骨骼系统和结缔组织疾病 (M00-M99)
M98633/3,慢性粒细胞性白血病 急淋变,---,MXLXBXBXBJLB,第13章 肌肉骨骼系统和结缔组织疾病 (M00-M99)
M98640/3,低增生性粒细胞性白血病,,DZSXLXBXBXB,第13章 肌肉骨骼系统和结缔组织疾病 (M00-M99)
M98650/3,慢性中性细胞性白血病,,MXZXXBXBXB,第13章 肌肉骨骼系统和结缔组织疾病 (M00-M99)
M98660/3,急性早幼粒细胞性白血病,---,JXZYLXBXBXB,第13章 肌肉骨骼系统和结缔组织疾病 (M00-M99)
M98660/6,转移性急性早幼粒细胞性(M3型)白血病,,ZYXJXZYLXBXXBXB,第13章 肌肉骨骼系统和结缔组织疾病 (M00-M99)
M98661/3,急性早幼粒细胞性白血病 M3型,,JXZYLXBXBXBX,第13章 肌肉骨骼系统和结缔组织疾病 (M00-M99)
M98670/3,急性粒单核细胞性白血病M4,---,JXLDHXBXBXB,第13章 肌肉骨骼系统和结缔组织疾病 (M00-M99)
M98681/3,慢性粒单核细胞性白血病,039,MXLDHXBXBXB,第13章 肌肉骨骼系统和结缔组织疾病 (M00-M99)
M98700/3,嗜碱细胞性白血病,,SJXBXBXB,第13章 肌肉骨骼系统和结缔组织疾病 (M00-M99)
M98800/3,嗜酸性粒细胞白血病,---,SSXLXBBXB,第13章 肌肉骨骼系统和结缔组织疾病 (M00-M99)
M98900/3,组织细胞性白血病,,ZZXBXBXB,第13章 肌肉骨骼系统和结缔组织疾病 (M00-M99)
M98910/3,急性单核细胞性白血病,,JXDHXBXBXB,第13章 肌肉骨骼系统和结缔组织疾病 (M00-M99)
M98910/6,转移性单核细胞白血病,,ZYXDHXBBXB,第13章 肌肉骨骼系统和结缔组织疾病 (M00-M99)
M98911/3,急性单核细胞性白血病 M5型,,JXDHXBXBXBX,第13章 肌肉骨骼系统和结缔组织疾病 (M00-M99)
M98911/6,转移性急性单核细胞性(M5型)白血病,,ZYXJXDHXBXXBXB,第13章 肌肉骨骼系统和结缔组织疾病 (M00-M99)
M98930/3,慢性单核细胞性白血病,,MXDHXBXBXB,第13章 肌肉骨骼系统和结缔组织疾病 (M00-M99)
M99100/3,巨核细胞性白血病,,JHXBXBXB,第13章 肌肉骨骼系统和结缔组织疾病 (M00-M99)
M99101/3,巨核细胞性白血病(M7型),,JHXBXBXBX,第13章 肌肉骨骼系统和结缔组织疾病 (M00-M99)
M99301/3,绿色瘤,,LSL,第13章 肌肉骨骼系统和结缔组织疾病 (M00-M99)
M99400/3,毛细胞性白血病,,MXBXBXB,第13章 肌肉骨骼系统和结缔组织疾病 (M00-M99)
M99400/6,转移性毛细胞白血病,,ZYXMXBBXB,第13章 肌肉骨骼系统和结缔组织疾病 (M00-M99)
M99501/1,真性红细胞增多[症],,ZXHXBZDZ,第13章 肌肉骨骼系统和结缔组织疾病 (M00-M99)
M99600/1,骨髓增生病,,GSZSB,第13章 肌肉骨骼系统和结缔组织疾病 (M00-M99)
M99610/1,骨髓纤维化,---,GSXWH,第13章 肌肉骨骼系统和结缔组织疾病 (M00-M99)
M99620/1,特发性血小板增多[症],,TFXXXBZDZ,第13章 肌肉骨骼系统和结缔组织疾病 (M00-M99)
M99800/1,难治性贫血,---,NZXPX,第13章 肌肉骨骼系统和结缔组织疾病 (M00-M99)
M99880/1,高白细胞综合征,---,GBXBZHZ,第13章 肌肉骨骼系统和结缔组织疾病 (M00-M99)
M99890/1,骨髓增生异常综合征,,GSZSYCZHZ,第13章 肌肉骨骼系统和结缔组织疾病 (M00-M99)
N00.501,急性系膜增殖性肾小球肾炎,124,JXXMZZXSXQSY,第14章 泌尿生殖系统疾病 (N00-N99)
N00.801,急性肾炎伴坏死性肾小球肾炎损害,124,JXSYBHSXSXQSYSH,第14章 泌尿生殖系统疾病 (N00-N99)
N00.802,急性增殖性肾小球肾炎,124,JXZZXSXQSY,第14章 泌尿生殖系统疾病 (N00-N99)
N00.901,急性肾小球肾炎,124,JXSXQSY,第14章 泌尿生殖系统疾病 (N00-N99)
N00.902,急性肾炎,124,JXSY,第14章 泌尿生殖系统疾病 (N00-N99)
N00.903,急性肾炎综合征,124,JXSYZHZ,第14章 泌尿生殖系统疾病 (N00-N99)
N00.904,链球菌感染后急性肾小球肾炎,124,LQJGRHJXSXQSY,第14章 泌尿生殖系统疾病 (N00-N99)
N01.905,急进型肾小球肾炎,124,JJXSXQSY,第14章 泌尿生殖系统疾病 (N00-N99)
N02.801,IgA肾病,124,SB,第14章 泌尿生殖系统疾病 (N00-N99)
N02.901,家族遗传性血尿,124,JZYCXXN,第14章 泌尿生殖系统疾病 (N00-N99)
N03.201,慢性膜性肾小球肾炎,124,MXMXSXQSY,第14章 泌尿生殖系统疾病 (N00-N99)
N03.301,慢性(弥漫性)系膜增殖性肾小球肾炎,124,MXMMXXMZZXSXQSY,第14章 泌尿生殖系统疾病 (N00-N99)
N03.501,慢性膜性增殖性肾小球肾炎,124,MXMXZZXSXQSY,第14章 泌尿生殖系统疾病 (N00-N99)
N03.502,慢性膜性增殖性肾炎,124,MXMXZZXSY,第14章 泌尿生殖系统疾病 (N00-N99)
N03.503,慢性肾小球膜毛细血管性肾小球肾炎,124,MXSXQMMXXGXSXQSY,第14章 泌尿生殖系统疾病 (N00-N99)
N03.801,慢性(弥漫性)增殖性肾小球肾炎,124,MXMMXZZXSXQSY,第14章 泌尿生殖系统疾病 (N00-N99)
N03.802,慢性肾小球肾炎伴硬化性肾炎,124,MXSXQSYBYHXSY,第14章 泌尿生殖系统疾病 (N00-N99)
N03.901,慢性肾小球肾炎,124,MXSXQSY,第14章 泌尿生殖系统疾病 (N00-N99)
N03.902,慢性肾小球肾炎、急性发作,124,MXSXQSYJXFZ,第14章 泌尿生殖系统疾病 (N00-N99)
N03.903,慢性肾炎,124,MXSY,第14章 泌尿生殖系统疾病 (N00-N99)
N03.904,隐匿型肾小球肾炎,124,YNXSXQSY,第14章 泌尿生殖系统疾病 (N00-N99)
N04.001,肾病综合征伴微小病变型肾小球肾炎,124,SBZHZBWXBBXSXQSY,第14章 泌尿生殖系统疾病 (N00-N99)
N04.101,肾病综合征伴局灶硬化性肾小球肾炎,124,SBZHZBJZYHXSXQSY,第14章 泌尿生殖系统疾病 (N00-N99)
N04.201,肾病综合征伴膜性肾小球肾炎,124,SBZHZBMXSXQSY,第14章 泌尿生殖系统疾病 (N00-N99)
N04.202,肾病型慢性膜性肾小球肾炎,124,SBXMXMXSXQSY,第14章 泌尿生殖系统疾病 (N00-N99)
N04.301,肾病综合征伴膜性增殖性肾小球肾炎,124,SBZHZBMXZZXSXQSY,第14章 泌尿生殖系统疾病 (N00-N99)
N04.302,肾病综合征伴系膜增殖型肾小球肾炎,124,SBZHZBXMZZXSXQSY,第14章 泌尿生殖系统疾病 (N00-N99)
N04.401,肾病综合征伴有毛细血管增殖性肾炎,124,SBZHZBYMXXGZZXSY,第14章 泌尿生殖系统疾病 (N00-N99)
N04.801,肾病综合征伴增殖性肾小球肾炎,124,SBZHZBZZXSXQSY,第14章 泌尿生殖系统疾病 (N00-N99)
N04.901,肾变病,124,SBB,第14章 泌尿生殖系统疾病 (N00-N99)
N04.902,肾病型肾炎,124,SBXSY,第14章 泌尿生殖系统疾病 (N00-N99)
N04.903,肾病综合征,124,SBZHZ,第14章 泌尿生殖系统疾病 (N00-N99)
N04.904,肾积水,124,SJS,第14章 泌尿生殖系统疾病 (N00-N99)
N05.101,局灶性节段性增殖性肾小球肾炎,124,JZXJDXZZXSXQSY,第14章 泌尿生殖系统疾病 (N00-N99)
N05.102,局灶性肾炎,124,JZXSY,第14章 泌尿生殖系统疾病 (N00-N99)
N05.103,局灶硬化性肾小球肾炎,124,JZYHXSXQSY,第14章 泌尿生殖系统疾病 (N00-N99)
N05.201,膜性肾病,124,MXSB,第14章 泌尿生殖系统疾病 (N00-N99)
N05.202,膜性肾小球肾病,124,MXSXQSB,第14章 泌尿生殖系统疾病 (N00-N99)
N05.301,系膜增殖性肾小球肾炎,124,XMZZXSXQSY,第14章 泌尿生殖系统疾病 (N00-N99)
N05.501,膜性增殖性肾小球肾炎,124,MXZZXSXQSY,第14章 泌尿生殖系统疾病 (N00-N99)
N05.502,膜性增殖性肾炎,124,MXZZXSY,第14章 泌尿生殖系统疾病 (N00-N99)
N05.801,IgM肾病,124,SB,第14章 泌尿生殖系统疾病 (N00-N99)
N05.802,增殖性肾小球肾炎,124,ZZXSXQSY,第14章 泌尿生殖系统疾病 (N00-N99)
N05.901,肾小球肾病,124,SXQSB,第14章 泌尿生殖系统疾病 (N00-N99)
N05.902,肾炎(肾小球肾炎),124,SYSXQSY,第14章 泌尿生殖系统疾病 (N00-N99)
N05.903,血管炎性肾小球肾炎,124,XGYXSXQSY,第14章 泌尿生殖系统疾病 (N00-N99)
N05.904,药物性肾炎,124,YWXSY,第14章 泌尿生殖系统疾病 (N00-N99)
N07.901,遗传性肾炎,124,YCXSY,第14章 泌尿生殖系统疾病 (N00-N99)
N10  01,急性肾盂肾炎,125,JXSYSY,第14章 泌尿生殖系统疾病 (N00-N99)
N11.901,慢性肾盂肾炎,125,MXSYSY,第14章 泌尿生殖系统疾病 (N00-N99)
N11.902,慢性间质性肾炎,125,MXJZXSY,第14章 泌尿生殖系统疾病 (N00-N99)
N12  01,间质性肾炎,125,JZXSY,第14章 泌尿生殖系统疾病 (N00-N99)
N12  02,肾小管病变,125,SXGBB,第14章 泌尿生殖系统疾病 (N00-N99)
N12  03,肾盂肾炎,125,SYSY,第14章 泌尿生殖系统疾病 (N00-N99)
N12  04,肾盂炎,125,SYY,第14章 泌尿生殖系统疾病 (N00-N99)
N12  05,感染性肾炎,125,GRXSY,第14章 泌尿生殖系统疾病 (N00-N99)
N13.301,肾盂积水,125,SYJS,第14章 泌尿生殖系统疾病 (N00-N99)
N13.401,输尿管积水,125,SNGJS,第14章 泌尿生殖系统疾病 (N00-N99)
N13.501,肾盂输尿管连接处狭窄,125,SYSNGLJCXZ,第14章 泌尿生殖系统疾病 (N00-N99)
N13.502,输尿管梗阻,125,SNGGZ,第14章 泌尿生殖系统疾病 (N00-N99)
N13.503,输尿管狭窄,125,SNGXZ,第14章 泌尿生殖系统疾病 (N00-N99)
N13.504,奥蒙德病,125,AMDB,第14章 泌尿生殖系统疾病 (N00-N99)
N13.505,腹膜后纤维化,125,FMHXWH,第14章 泌尿生殖系统疾病 (N00-N99)
N13.601,肾盂脓肿,125,SYNZ,第14章 泌尿生殖系统疾病 (N00-N99)
N13.701,膀胱输尿管反流,125,PGSNGFL,第14章 泌尿生殖系统疾病 (N00-N99)
N13.801,梗阻性肾病,125,GZXSB,第14章 泌尿生殖系统疾病 (N00-N99)
N13.901,泌尿道梗阻,125,MNDGZ,第14章 泌尿生殖系统疾病 (N00-N99)
N15.001,巴尔干肾病,125,BEGSB,第14章 泌尿生殖系统疾病 (N00-N99)
N15.101,肾脓肿,125,SNZ,第14章 泌尿生殖系统疾病 (N00-N99)
N15.102,肾周脓肿,125,SZNZ,第14章 泌尿生殖系统疾病 (N00-N99)
N15.901,肾感染,125,SGR,第14章 泌尿生殖系统疾病 (N00-N99)
N15.902,肾周围感染,125,SZWGR,第14章 泌尿生殖系统疾病 (N00-N99)
N17.001,急性肾小管坏死,126,JXSXGHS,第14章 泌尿生殖系统疾病 (N00-N99)
N17.101,肾皮质坏死,126,SPZHS,第14章 泌尿生殖系统疾病 (N00-N99)
N17.901,急性肾功能衰竭,126,JXSGNSJ,第14章 泌尿生殖系统疾病 (N00-N99)
N17.902,"急性肾功能衰竭,尿毒症期",126,JXSGNSJNDZQ,第14章 泌尿生殖系统疾病 (N00-N99)
N17.903,急性肾功能不全,126,JXSGNBQ,第14章 泌尿生殖系统疾病 (N00-N99)
N17.904,"急性肾功能不全,氮质血症期",126,JXSGNBQDZXZQ,第14章 泌尿生殖系统疾病 (N00-N99)
N18.801+ G93.401*,尿毒症性脑病,126,NDZXNB,第14章 泌尿生殖系统疾病 (N00-N99)
N18.802+ G63.801*,尿毒症性神经病,126,NDZXSJB,第14章 泌尿生殖系统疾病 (N00-N99)
N18.803+ I32.802*,尿毒症性心包炎,126,NDZXXBY,第14章 泌尿生殖系统疾病 (N00-N99)
N18.804+ I41.802*,尿毒症性心肌炎,126,NDZXXJY,第14章 泌尿生殖系统疾病 (N00-N99)
N18.805+ I52.802*,尿毒症性心脏病,126,NDZXXZB,第14章 泌尿生殖系统疾病 (N00-N99)
N18.806+ I43.805*,尿毒症性心肌病,126,NDZXXJB,第14章 泌尿生殖系统疾病 (N00-N99)
N18.807,"慢性肾功能不全,氮质血症期",126,MXSGNBQDZXZQ,第14章 泌尿生殖系统疾病 (N00-N99)
N18.901,慢性尿毒症,126,MXNDZ,第14章 泌尿生殖系统疾病 (N00-N99)
N18.902,慢性肾功能衰竭,126,MXSGNSJ,第14章 泌尿生殖系统疾病 (N00-N99)
N18.903,"慢性肾功能衰竭,尿毒症期",126,MXSGNSJNDZQ,第14章 泌尿生殖系统疾病 (N00-N99)
N18.904,硬化性肾炎,126,YHXSY,第14章 泌尿生殖系统疾病 (N00-N99)
N18.905,慢性肾功能不全,126,MXSGNBQ,第14章 泌尿生殖系统疾病 (N00-N99)
N19  01,尿毒症,126,NDZ,第14章 泌尿生殖系统疾病 (N00-N99)
N19  02,肾功能不全,126,SGNBQ,第14章 泌尿生殖系统疾病 (N00-N99)
N19  03,肾功能衰竭,126,SGNSJ,第14章 泌尿生殖系统疾病 (N00-N99)
N19  04,肾无功能,126,SWGN,第14章 泌尿生殖系统疾病 (N00-N99)
N20.001,肾盂结石,127,SYJS,第14章 泌尿生殖系统疾病 (N00-N99)
N20.002,肾结石,127,SJS,第14章 泌尿生殖系统疾病 (N00-N99)
N20.101,输尿管结石,127,SNGJS,第14章 泌尿生殖系统疾病 (N00-N99)
N20.102,输尿管下段结石,127,SNGXDJS,第14章 泌尿生殖系统疾病 (N00-N99)
N20.103,输尿管上段结石,127,SNGSDJS,第14章 泌尿生殖系统疾病 (N00-N99)
N20.901,泌尿系结石,127,MNXJS,第14章 泌尿生殖系统疾病 (N00-N99)
N21.001,膀胱结石,127,PGJS,第14章 泌尿生殖系统疾病 (N00-N99)
N21.101,尿道结石,127,NDJS,第14章 泌尿生殖系统疾病 (N00-N99)
N23  01,肾绞痛,127,SJT,第14章 泌尿生殖系统疾病 (N00-N99)
N25.001,肾性佝偻病,123,SXGLB,第14章 泌尿生殖系统疾病 (N00-N99)
N25.002,肾性侏儒症,123,SXZRZ,第14章 泌尿生殖系统疾病 (N00-N99)
N25.003+ M90.895*,肾性骨病,123,SXGB,第14章 泌尿生殖系统疾病 (N00-N99)
N25.004+ M90.896*,肾性骨营养不良(肾性骨病),123,SXGYYBLSXGB,第14章 泌尿生殖系统疾病 (N00-N99)
N25.005+ M90.897*,肾性骨软化,123,SXGRH,第14章 泌尿生殖系统疾病 (N00-N99)
N25.101,肾性尿崩症,123,SXNBZ,第14章 泌尿生殖系统疾病 (N00-N99)
N25.801,继发性肾源性甲状旁腺机能亢进,123,JFXSYXJZPXJNKJ,第14章 泌尿生殖系统疾病 (N00-N99)
N25.802,肾小管酸中毒,123,SXGSZD,第14章 泌尿生殖系统疾病 (N00-N99)
N25.803,肾小管酸中毒I型,123,SXGSZDX,第14章 泌尿生殖系统疾病 (N00-N99)
N25.804,肾小管酸中毒II型,123,SXGSZDX,第14章 泌尿生殖系统疾病 (N00-N99)
N25.805,肾小管酸中毒IV型,123,SXGSZDX,第14章 泌尿生殖系统疾病 (N00-N99)
N26  01,肾萎缩,123,SWS,第14章 泌尿生殖系统疾病 (N00-N99)
N26  02,肾小球硬化,123,SXQYH,第14章 泌尿生殖系统疾病 (N00-N99)
N26  03,肾硬化,123,SYH,第14章 泌尿生殖系统疾病 (N00-N99)
N27.901,小肾,123,XS,第14章 泌尿生殖系统疾病 (N00-N99)
N28.001,肾动脉栓塞,123,SDMSS,第14章 泌尿生殖系统疾病 (N00-N99)
N28.002,肾动脉血栓形成,123,SDMXSXC,第14章 泌尿生殖系统疾病 (N00-N99)
N28.003,肾梗塞,123,SGS,第14章 泌尿生殖系统疾病 (N00-N99)
N28.101,肾囊肿(后天性),123,SNZHTX,第14章 泌尿生殖系统疾病 (N00-N99)
N28.801,被动性肾充血,123,BDXSCX,第14章 泌尿生殖系统疾病 (N00-N99)
N28.802,失钾性肾病,123,SJXSB,第14章 泌尿生殖系统疾病 (N00-N99)
N28.803,低比重尿,123,DBZN,第14章 泌尿生殖系统疾病 (N00-N99)
N28.804,失盐性肾炎,123,SYXSY,第14章 泌尿生殖系统疾病 (N00-N99)
N28.805,急性输尿管炎,123,JXSNGY,第14章 泌尿生殖系统疾病 (N00-N99)
N28.806,输尿管腹壁瘘,123,SNGFBL,第14章 泌尿生殖系统疾病 (N00-N99)
N28.807,慢性输尿管炎,123,MXSNGY,第14章 泌尿生殖系统疾病 (N00-N99)
N28.808,输尿管扩张,123,SNGKZ,第14章 泌尿生殖系统疾病 (N00-N99)
N28.809,肾出血,123,SCX,第14章 泌尿生殖系统疾病 (N00-N99)
N28.810,输尿管瘘,123,SNGL,第14章 泌尿生殖系统疾病 (N00-N99)
N28.811,肾钙化,123,SGH,第14章 泌尿生殖系统疾病 (N00-N99)
N28.812,输尿管囊肿,123,SNGNZ,第14章 泌尿生殖系统疾病 (N00-N99)
N28.813,肾下垂,123,SXC,第14章 泌尿生殖系统疾病 (N00-N99)
N28.814,输尿管疝,123,SNGS,第14章 泌尿生殖系统疾病 (N00-N99)
N28.815,输尿管憩室,123,SNGQS,第14章 泌尿生殖系统疾病 (N00-N99)
N28.816,输尿管息肉,123,SNGXR,第14章 泌尿生殖系统疾病 (N00-N99)
N28.817,输尿管炎,123,SNGY,第14章 泌尿生殖系统疾病 (N00-N99)
N28.818,游走肾,123,YZS,第14章 泌尿生殖系统疾病 (N00-N99)
N28.819,肾盂囊肿,123,SYNZ,第14章 泌尿生殖系统疾病 (N00-N99)
N28.820,肾盂扩张,123,SYKZ,第14章 泌尿生殖系统疾病 (N00-N99)
N28.821,输尿管膨出,123,SNGPC,第14章 泌尿生殖系统疾病 (N00-N99)
N28.822,输尿管口粘膜脱垂,123,SNGKNMTC,第14章 泌尿生殖系统疾病 (N00-N99)
N28.823,肾憩室,123,SQS,第14章 泌尿生殖系统疾病 (N00-N99)
N28.824,肾盂息肉,123,SYXR,第14章 泌尿生殖系统疾病 (N00-N99)
N28.901,肾病,123,SB,第14章 泌尿生殖系统疾病 (N00-N99)
N28.902,肾肿物,123,SZW,第14章 泌尿生殖系统疾病 (N00-N99)
N28.903,输尿管肿物,123,SNGZW,第14章 泌尿生殖系统疾病 (N00-N99)
N28.904,肝炎相关性肾病,123,GYXGXSB,第14章 泌尿生殖系统疾病 (N00-N99)
N28.905,尿酸性肾病,123,NSXSB,第14章 泌尿生殖系统疾病 (N00-N99)
N28.906,肾损害,123,SSH,第14章 泌尿生殖系统疾病 (N00-N99)
N28.907,肾自裁,123,SZC,第14章 泌尿生殖系统疾病 (N00-N99)
N28.908,肾包膜下积液,123,SBMXJY,第14章 泌尿生殖系统疾病 (N00-N99)
N28.909,输尿管出血,123,SNGCX,第14章 泌尿生殖系统疾病 (N00-N99)
N28.910,肾包膜下血肿,123,SBMXXZ,第14章 泌尿生殖系统疾病 (N00-N99)
N28.911,肥胖相关性肾病,123,FPXGXSB,第14章 泌尿生殖系统疾病 (N00-N99)
N30.001,急性膀胱炎,128,JXPGY,第14章 泌尿生殖系统疾病 (N00-N99)
N30.101,慢性间质性膀胱炎,128,MXJZXPGY,第14章 泌尿生殖系统疾病 (N00-N99)
N30.201,慢性膀胱炎,128,MXPGY,第14章 泌尿生殖系统疾病 (N00-N99)
N30.401,放射性膀胱炎,128,FSXPGY,第14章 泌尿生殖系统疾病 (N00-N99)
N30.801,腺性膀胱炎,128,XXPGY,第14章 泌尿生殖系统疾病 (N00-N99)
N30.802,增殖性膀胱炎,128,ZZXPGY,第14章 泌尿生殖系统疾病 (N00-N99)
N30.803,滤泡性膀胱炎,128,LPXPGY,第14章 泌尿生殖系统疾病 (N00-N99)
N30.804,息肉样膀胱炎,128,XRYPGY,第14章 泌尿生殖系统疾病 (N00-N99)
N30.805,嗜酸性膀胱炎,128,SSXPGY,第14章 泌尿生殖系统疾病 (N00-N99)
N30.901,膀胱炎,128,PGY,第14章 泌尿生殖系统疾病 (N00-N99)
N30.902,出血性膀胱炎,128,CXXPGY,第14章 泌尿生殖系统疾病 (N00-N99)
N31.201,膀胱松弛,123,PGSC,第14章 泌尿生殖系统疾病 (N00-N99)
N31.901,神经原性膀胱,123,SJYXPG,第14章 泌尿生殖系统疾病 (N00-N99)
N32.001,膀胱颈梗阻,123,PGJGZ,第14章 泌尿生殖系统疾病 (N00-N99)
N32.002,膀胱梗阻,123,PGGZ,第14章 泌尿生殖系统疾病 (N00-N99)
N32.003,膀胱颈狭窄,123,PGJXZ,第14章 泌尿生殖系统疾病 (N00-N99)
N32.101,膀胱直肠瘘,123,PGZCL,第14章 泌尿生殖系统疾病 (N00-N99)
N32.201,膀胱瘘,123,PGL,第14章 泌尿生殖系统疾病 (N00-N99)
N32.202,腹壁膀胱瘘,123,FBPGL,第14章 泌尿生殖系统疾病 (N00-N99)
N32.203,手术后腹壁膀胱瘘,123,SSHFBPGL,第14章 泌尿生殖系统疾病 (N00-N99)
N32.301,膀胱憩室,123,PGQS,第14章 泌尿生殖系统疾病 (N00-N99)
N32.801,膀胱瘢痕,123,PGBH,第14章 泌尿生殖系统疾病 (N00-N99)
N32.802,膀胱出血,123,PGCX,第14章 泌尿生殖系统疾病 (N00-N99)
N32.803,膀胱假憩室,123,PGJQS,第14章 泌尿生殖系统疾病 (N00-N99)
N32.804,膀胱扩张,123,PGKZ,第14章 泌尿生殖系统疾病 (N00-N99)
N32.805,膀胱挛缩,123,PGLS,第14章 泌尿生殖系统疾病 (N00-N99)
N32.807,男性膀胱疝,123,NXPGS,第14章 泌尿生殖系统疾病 (N00-N99)
N32.808,膀胱白斑,123,PGBB,第14章 泌尿生殖系统疾病 (N00-N99)
N32.809,膀胱溃疡,123,PGKY,第14章 泌尿生殖系统疾病 (N00-N99)
N32.901,膀胱肿物,123,PGZW,第14章 泌尿生殖系统疾病 (N00-N99)
N32.902,膀胱占位性病变,123,PGZWXBB,第14章 泌尿生殖系统疾病 (N00-N99)
N34.001,尿道脓肿,123,NDNZ,第14章 泌尿生殖系统疾病 (N00-N99)
N34.101,非淋菌性尿道炎,123,FLJXNDY,第14章 泌尿生殖系统疾病 (N00-N99)
N34.201,尿道口炎,123,NDKY,第14章 泌尿生殖系统疾病 (N00-N99)
N34.202,尿道炎,123,NDY,第14章 泌尿生殖系统疾病 (N00-N99)
N34.203,尿道综合征,123,NDZHZ,第14章 泌尿生殖系统疾病 (N00-N99)
N34.301,女性尿道综合症,123,NXNDZHZ,第14章 泌尿生殖系统疾病 (N00-N99)
N35.001,创伤性尿道狭窄,129,CSXNDXZ,第14章 泌尿生殖系统疾病 (N00-N99)
N35.101,感染后尿道狭窄,123,GRHNDXZ,第14章 泌尿生殖系统疾病 (N00-N99)
N35.901,尿道狭窄,129,NDXZ,第14章 泌尿生殖系统疾病 (N00-N99)
N36.001,尿道瘘,123,NDL,第14章 泌尿生殖系统疾病 (N00-N99)
N36.002,尿道直肠瘘,123,NDZCL,第14章 泌尿生殖系统疾病 (N00-N99)
N36.003,尿道会阴瘘,123,NDHYL,第14章 泌尿生殖系统疾病 (N00-N99)
N36.004,创伤性尿道瘘,123,CSXNDL,第14章 泌尿生殖系统疾病 (N00-N99)
N36.005,手术后会阴瘘,123,SSHHYL,第14章 泌尿生殖系统疾病 (N00-N99)
N36.006,手术后尿道瘘,123,SSHNDL,第14章 泌尿生殖系统疾病 (N00-N99)
N36.007,会阴瘘,123,HYL,第14章 泌尿生殖系统疾病 (N00-N99)
N36.101,尿道憩室,123,NDQS,第14章 泌尿生殖系统疾病 (N00-N99)
N36.201,尿道肉阜,123,NDRF,第14章 泌尿生殖系统疾病 (N00-N99)
N36.202,尿道息肉,123,NDXR,第14章 泌尿生殖系统疾病 (N00-N99)
N36.301,尿道黏膜脱垂,,NDNMTC,第14章 泌尿生殖系统疾病 (N00-N99)
N36.801,女性前列腺病,123,NXQLXB,第14章 泌尿生殖系统疾病 (N00-N99)
N36.802,尿道旁囊肿,123,NDPNZ,第14章 泌尿生殖系统疾病 (N00-N99)
N36.803,尿道口囊肿,123,NDKNZ,第14章 泌尿生殖系统疾病 (N00-N99)
N36.804,泌尿道出血,123,MNDCX,第14章 泌尿生殖系统疾病 (N00-N99)
N36.805,精阜肥大,123,JFFD,第14章 泌尿生殖系统疾病 (N00-N99)
N36.806,精阜息肉,123,JFXR,第14章 泌尿生殖系统疾病 (N00-N99)
N36.807,尿道的其他疾患,123,NDDQTJH,第14章 泌尿生殖系统疾病 (N00-N99)
N36.901,尿道肿物,123,NDZW,第14章 泌尿生殖系统疾病 (N00-N99)
N39.001,泌尿道感染,123,MNDGR,第14章 泌尿生殖系统疾病 (N00-N99)
N39.002,脓尿症,123,NNZ,第14章 泌尿生殖系统疾病 (N00-N99)
N39.201,体位性蛋白尿,123,TWXDBN,第14章 泌尿生殖系统疾病 (N00-N99)
N39.301,张力性尿失禁,123,ZLXNSJ,第14章 泌尿生殖系统疾病 (N00-N99)
N39.401,创伤性尿失禁,123,CSXNSJ,第14章 泌尿生殖系统疾病 (N00-N99)
N39.801,脐尿管炎性肿物,123,QNGYXZW,第14章 泌尿生殖系统疾病 (N00-N99)
N40  01,前列腺增生,131,QLXZS,第14章 泌尿生殖系统疾病 (N00-N99)
N40.012,前列腺肥大,131,QLXFD,第14章 泌尿生殖系统疾病 (N00-N99)
N41.001,急性前列腺炎,130,JXQLXY,第14章 泌尿生殖系统疾病 (N00-N99)
N41.101,慢性前列腺炎,130,MXQLXY,第14章 泌尿生殖系统疾病 (N00-N99)
N41.201,化脓性前列腺炎,130,HNXQLXY,第14章 泌尿生殖系统疾病 (N00-N99)
N41.901,前列腺炎,130,QLXY,第14章 泌尿生殖系统疾病 (N00-N99)
N42.001,前列腺结石,130,QLXJS,第14章 泌尿生殖系统疾病 (N00-N99)
N42.101,前列腺出血,130,QLXCX,第14章 泌尿生殖系统疾病 (N00-N99)
N42.801,前列腺囊肿,130,QLXNZ,第14章 泌尿生殖系统疾病 (N00-N99)
N42.802,前列腺结节,130,QLXJJ,第14章 泌尿生殖系统疾病 (N00-N99)
N42.803,前列腺钙化,130,QLXGH,第14章 泌尿生殖系统疾病 (N00-N99)
N42.901,前列腺肿物,130,QLXZW,第14章 泌尿生殖系统疾病 (N00-N99)
N43.201,创伤性鞘膜积液,130,CSXQMJY,第14章 泌尿生殖系统疾病 (N00-N99)
N43.301,鞘膜积液,130,QMJY,第14章 泌尿生殖系统疾病 (N00-N99)
N43.401,精液囊肿,130,JYNZ,第14章 泌尿生殖系统疾病 (N00-N99)
N44  01,睾丸扭转,130,GWNZ,第14章 泌尿生殖系统疾病 (N00-N99)
N45.001,附睾脓肿,130,FGNZ,第14章 泌尿生殖系统疾病 (N00-N99)
N45.901,附睾炎,130,FGY,第14章 泌尿生殖系统疾病 (N00-N99)
N45.902,睾丸炎,130,GWY,第14章 泌尿生殖系统疾病 (N00-N99)
N45.903,急性附睾炎,130,JXFGY,第14章 泌尿生殖系统疾病 (N00-N99)
N45.904,附睾-睾丸炎,130,FGGWY,第14章 泌尿生殖系统疾病 (N00-N99)
N46  01,精子缺乏,130,JZQF,第14章 泌尿生殖系统疾病 (N00-N99)
N46  02,男性不育症,130,NXBYZ,第14章 泌尿生殖系统疾病 (N00-N99)
N47  01,包茎,130,BJ,第14章 泌尿生殖系统疾病 (N00-N99)
N47  02,包皮过长,130,BPGC,第14章 泌尿生殖系统疾病 (N00-N99)
N47  03,包皮粘连,130,BPNL,第14章 泌尿生殖系统疾病 (N00-N99)
N47  04,包皮嵌顿,130,BPQD,第14章 泌尿生殖系统疾病 (N00-N99)
N48.101,包皮龟头炎,130,BPGTY,第14章 泌尿生殖系统疾病 (N00-N99)
N48.102,龟头炎,130,GTY,第14章 泌尿生殖系统疾病 (N00-N99)
N48.103,后天性阴茎畸形,130,HTXYJJX,第14章 泌尿生殖系统疾病 (N00-N99)
N48.201,阴茎海绵体炎,130,YJHMTY,第14章 泌尿生殖系统疾病 (N00-N99)
N48.301,阴茎异常勃起,130,YJYCBQ,第14章 泌尿生殖系统疾病 (N00-N99)
N48.302,阴茎痛性勃起,130,YJTXBQ,第14章 泌尿生殖系统疾病 (N00-N99)
N48.401,血管瘘性阳萎,130,XGLXYW,第14章 泌尿生殖系统疾病 (N00-N99)
N48.402,外伤后阳萎,130,WSHYW,第14章 泌尿生殖系统疾病 (N00-N99)
N48.501,阴茎溃疡,130,YJKY,第14章 泌尿生殖系统疾病 (N00-N99)
N48.502,龟头溃疡,130,GTKY,第14章 泌尿生殖系统疾病 (N00-N99)
N48.601,阴茎海绵体硬结症,130,YJHMTYJZ,第14章 泌尿生殖系统疾病 (N00-N99)
N48.801,包皮囊肿,130,BPNZ,第14章 泌尿生殖系统疾病 (N00-N99)
N48.802,包皮瘢痕,130,BPBH,第14章 泌尿生殖系统疾病 (N00-N99)
N48.803,阴茎囊肿,130,YJNZ,第14章 泌尿生殖系统疾病 (N00-N99)
N48.804,阴茎鳞状上皮增生,130,YJLZSPZS,第14章 泌尿生殖系统疾病 (N00-N99)
N48.902,阴茎肿物,130,YJZW,第14章 泌尿生殖系统疾病 (N00-N99)
N49.001,精囊炎,130,JNY,第14章 泌尿生殖系统疾病 (N00-N99)
N49.002,精囊周围炎,130,JNZWY,第14章 泌尿生殖系统疾病 (N00-N99)
N49.101,鞘膜炎,130,QMY,第14章 泌尿生殖系统疾病 (N00-N99)
N49.102,输精管炎,130,SJGY,第14章 泌尿生殖系统疾病 (N00-N99)
N49.103,精索炎,130,JSY,第14章 泌尿生殖系统疾病 (N00-N99)
N49.201,阴囊脓肿,130,YNNZ,第14章 泌尿生殖系统疾病 (N00-N99)
N49.202,阴囊疖肿,130,YNJZ,第14章 泌尿生殖系统疾病 (N00-N99)
N49.901,男性会阴部赘生物,130,NXHYBZSW,第14章 泌尿生殖系统疾病 (N00-N99)
N50.001,睾丸萎缩,130,GWWS,第14章 泌尿生殖系统疾病 (N00-N99)
N50.801,附睾囊肿,130,FGNZ,第14章 泌尿生殖系统疾病 (N00-N99)
N50.802,精囊囊肿,130,JNNZ,第14章 泌尿生殖系统疾病 (N00-N99)
N50.803,精索囊肿,130,JSNZ,第14章 泌尿生殖系统疾病 (N00-N99)
N50.804,附睾精子肉芽肿,130,FGJZRYZ,第14章 泌尿生殖系统疾病 (N00-N99)
N50.805,精液肉芽肿,130,JYRYZ,第14章 泌尿生殖系统疾病 (N00-N99)
N50.806,睾丸囊肿,130,GWNZ,第14章 泌尿生殖系统疾病 (N00-N99)
N50.807,膀胱输精管阴囊瘘,130,PGSJGYNL,第14章 泌尿生殖系统疾病 (N00-N99)
N50.808,睾丸坏死,130,GWHS,第14章 泌尿生殖系统疾病 (N00-N99)
N50.809,阴囊肿大,130,YNZD,第14章 泌尿生殖系统疾病 (N00-N99)
N50.810,药物性外生殖器发育异常,130,YWXWSZQFYYC,第14章 泌尿生殖系统疾病 (N00-N99)
N50.811,阴囊溃疡,130,YNKY,第14章 泌尿生殖系统疾病 (N00-N99)
N50.812,阴囊窦道,130,YNDD,第14章 泌尿生殖系统疾病 (N00-N99)
N50.813,小肠阴囊瘘,130,XCYNL,第14章 泌尿生殖系统疾病 (N00-N99)
N50.814,输精管扩张,130,SJGKZ,第14章 泌尿生殖系统疾病 (N00-N99)
N50.815,阴囊坏疽,130,YNHJ,第14章 泌尿生殖系统疾病 (N00-N99)
N50.816,阴囊瘘,130,YNL,第14章 泌尿生殖系统疾病 (N00-N99)
N50.817,睾丸微石症,130,GWWSZ,第14章 泌尿生殖系统疾病 (N00-N99)
N50.818,男性更年期综合征,130,NXGNQZHZ,第14章 泌尿生殖系统疾病 (N00-N99)
N50.901,睾丸肿物,130,GWZW,第14章 泌尿生殖系统疾病 (N00-N99)
N50.902,阴囊肿物,130,YNZW,第14章 泌尿生殖系统疾病 (N00-N99)
N50.903,附睾肿物,130,FGZW,第14章 泌尿生殖系统疾病 (N00-N99)
N60.001,乳腺囊肿,132,RXNZ,第14章 泌尿生殖系统疾病 (N00-N99)
N60.101,慢性乳腺炎,132,MXRXY,第14章 泌尿生殖系统疾病 (N00-N99)
N60.102,乳腺囊性增生病(慢性囊性乳腺炎),132,RXNXZSBMXNXRXY,第14章 泌尿生殖系统疾病 (N00-N99)
N60.104,男性乳腺囊性增生,132,NXRXNXZS,第14章 泌尿生殖系统疾病 (N00-N99)
N60.105,弥漫性囊性乳腺病,132,MMXNXRXB,第14章 泌尿生殖系统疾病 (N00-N99)
N60.201,乳房纤维囊性乳腺病,132,RFXWNXRXB,第14章 泌尿生殖系统疾病 (N00-N99)
N60.401,乳腺导管扩张,132,RXDGKZ,第14章 泌尿生殖系统疾病 (N00-N99)
N61  01,急性乳腺炎,132,JXRXY,第14章 泌尿生殖系统疾病 (N00-N99)
N61  02,浆细胞性乳腺炎,132,JXBXRXY,第14章 泌尿生殖系统疾病 (N00-N99)
N61  03,乳房脓肿,132,RFNZ,第14章 泌尿生殖系统疾病 (N00-N99)
N61  04,乳头炎,132,RTY,第14章 泌尿生殖系统疾病 (N00-N99)
N61  05,乳腺导管瘘,132,RXDGL,第14章 泌尿生殖系统疾病 (N00-N99)
N61  06,乳腺瘘,132,RXL,第14章 泌尿生殖系统疾病 (N00-N99)
N61  07,乳腺炎,132,RXY,第14章 泌尿生殖系统疾病 (N00-N99)
N61  08,阻塞性乳腺炎(瘀积性),132,ZSXRXYYJX,第14章 泌尿生殖系统疾病 (N00-N99)
N61  09,乳腺脓肿,132,RXNZ,第14章 泌尿生殖系统疾病 (N00-N99)
N61  10,乳房炎性肿物,132,RFYXZW,第14章 泌尿生殖系统疾病 (N00-N99)
N61  11,乳腺溃疡,132,RXKY,第14章 泌尿生殖系统疾病 (N00-N99)
N62  01,巨乳症,132,JRZ,第14章 泌尿生殖系统疾病 (N00-N99)
N62  02,男性乳腺发育(甲亢性),132,NXRXFYJKX,第14章 泌尿生殖系统疾病 (N00-N99)
N62  03,乳腺增生,132,RXZS,第14章 泌尿生殖系统疾病 (N00-N99)
N62  04,男性乳房发育,132,NXRFFY,第14章 泌尿生殖系统疾病 (N00-N99)
N62  05,乳房早发育,132,RFZFY,第14章 泌尿生殖系统疾病 (N00-N99)
N62  06,乳腺异常发育,132,RXYCFY,第14章 泌尿生殖系统疾病 (N00-N99)
N64.101,乳房脂肪坏死,132,RFZFHS,第14章 泌尿生殖系统疾病 (N00-N99)
N64.201,乳腺萎缩,132,RXWS,第14章 泌尿生殖系统疾病 (N00-N99)
N64.301,非生产期乳溢,132,FSCQRY,第14章 泌尿生殖系统疾病 (N00-N99)
N64.501,乳头溢液,132,RTYY,第14章 泌尿生殖系统疾病 (N00-N99)
N64.502,乳头内陷,132,RTNX,第14章 泌尿生殖系统疾病 (N00-N99)
N64.503,乳房钙化灶,132,RFGHZ,第14章 泌尿生殖系统疾病 (N00-N99)
N64.801,乳房不对称,132,RFBDC,第14章 泌尿生殖系统疾病 (N00-N99)
N64.802,哺乳后乳房下垂,132,BRHRFXC,第14章 泌尿生殖系统疾病 (N00-N99)
N64.803,乳晕过大,132,RYGD,第14章 泌尿生殖系统疾病 (N00-N99)
N64.804,乳房松垂,132,RFSC,第14章 泌尿生殖系统疾病 (N00-N99)
N64.901,乳房肿物,132,RFZW,第14章 泌尿生殖系统疾病 (N00-N99)
N64.902,小乳症,132,XRZ,第14章 泌尿生殖系统疾病 (N00-N99)
N64.903,乳房缺失,133,RFQS,第14章 泌尿生殖系统疾病 (N00-N99)
N64.904,后天性乳头缺失,132,HTXRTQS,第14章 泌尿生殖系统疾病 (N00-N99)
N70.001,急性输卵管炎,133,JXSLGY,第14章 泌尿生殖系统疾病 (N00-N99)
N70.101,卵巢积水,133,LCJS,第14章 泌尿生殖系统疾病 (N00-N99)
N70.102,慢性输卵管炎,133,MXSLGY,第14章 泌尿生殖系统疾病 (N00-N99)
N70.103,输卵管积水,133,SLGJS,第14章 泌尿生殖系统疾病 (N00-N99)
N70.104,慢性输卵管卵巢炎,133,MXSLGLCY,第14章 泌尿生殖系统疾病 (N00-N99)
N70.105,输卵管卵巢炎,133,SLGLCY,第14章 泌尿生殖系统疾病 (N00-N99)
N70.901,卵巢脓肿,133,LCNZ,第14章 泌尿生殖系统疾病 (N00-N99)
N70.902,卵巢炎,133,LCY,第14章 泌尿生殖系统疾病 (N00-N99)
N70.903,输卵管积脓,133,SLGJN,第14章 泌尿生殖系统疾病 (N00-N99)
N70.904,输卵管卵巢脓肿,133,SLGLCNZ,第14章 泌尿生殖系统疾病 (N00-N99)
N70.905,输卵管炎,133,SLGY,第14章 泌尿生殖系统疾病 (N00-N99)
N70.906,输卵管周围炎,133,SLGZWY,第14章 泌尿生殖系统疾病 (N00-N99)
N71.101,慢性子宫内膜炎,133,MXZGNMY,第14章 泌尿生殖系统疾病 (N00-N99)
N71.102,慢性子宫炎,133,MXZGY,第14章 泌尿生殖系统疾病 (N00-N99)
N71.901,子宫肌炎,133,ZGJY,第14章 泌尿生殖系统疾病 (N00-N99)
N71.902,子宫积脓,133,ZGJN,第14章 泌尿生殖系统疾病 (N00-N99)
N71.903,子宫内膜炎,133,ZGNMY,第14章 泌尿生殖系统疾病 (N00-N99)
N71.904,子宫脓肿,133,ZGNZ,第14章 泌尿生殖系统疾病 (N00-N99)
N71.905,子宫占位性病变,133,ZGZWXBB,第14章 泌尿生殖系统疾病 (N00-N99)
N72  01,子宫颈内膜炎,133,ZGJNMY,第14章 泌尿生殖系统疾病 (N00-N99)
N72  02,子宫颈炎,133,ZGJY,第14章 泌尿生殖系统疾病 (N00-N99)
N72  03,慢性子宫颈炎,133,MXZGJY,第14章 泌尿生殖系统疾病 (N00-N99)
N72  04,慢性子宫颈炎及宫颈内膜炎,133,MXZGJYJGJNMY,第14章 泌尿生殖系统疾病 (N00-N99)
N73.001,女性急性盆腔炎,133,NXJXPQY,第14章 泌尿生殖系统疾病 (N00-N99)
N73.101,慢性盆腔炎,133,MXPQY,第14章 泌尿生殖系统疾病 (N00-N99)
N73.201,女性盆腔脓肿,133,NXPQNZ,第14章 泌尿生殖系统疾病 (N00-N99)
N73.202,盆腔蜂窝织炎,133,PQFWZY,第14章 泌尿生殖系统疾病 (N00-N99)
N73.301,女性急性盆腔腹膜炎,133,NXJXPQFMY,第14章 泌尿生殖系统疾病 (N00-N99)
N73.401,女性慢性盆腔腹膜炎,133,NXMXPQFMY,第14章 泌尿生殖系统疾病 (N00-N99)
N73.501,女性盆腔腹膜炎,133,NXPQFMY,第14章 泌尿生殖系统疾病 (N00-N99)
N73.601,卵巢输卵管粘连,133,LCSLGNL,第14章 泌尿生殖系统疾病 (N00-N99)
N73.602,卵巢粘连,133,LCNL,第14章 泌尿生殖系统疾病 (N00-N99)
N73.603,女性盆腔粘连,133,NXPQNL,第14章 泌尿生殖系统疾病 (N00-N99)
N73.604,输卵管粘连,133,SLGNL,第14章 泌尿生殖系统疾病 (N00-N99)
N73.605,子宫粘连,133,ZGNL,第14章 泌尿生殖系统疾病 (N00-N99)
N73.801,盆腔炎性肿物,133,PQYXZW,第14章 泌尿生殖系统疾病 (N00-N99)
N73.901,"盆腔炎,女性",133,PQYNX,第14章 泌尿生殖系统疾病 (N00-N99)
N75.001,前庭大腺囊肿,133,QTDXNZ,第14章 泌尿生殖系统疾病 (N00-N99)
N75.101,前庭大腺脓肿,133,QTDXNZ,第14章 泌尿生殖系统疾病 (N00-N99)
N75.801,前庭大腺炎,133,QTDXY,第14章 泌尿生殖系统疾病 (N00-N99)
N76.001,阴道炎,133,YDY,第14章 泌尿生殖系统疾病 (N00-N99)
N76.002,阴道脓肿,133,YDNZ,第14章 泌尿生殖系统疾病 (N00-N99)
N76.003,细菌性阴道炎,133,XJXYDY,第14章 泌尿生殖系统疾病 (N00-N99)
N76.201,外阴蜂窝织炎,133,WYFWZY,第14章 泌尿生殖系统疾病 (N00-N99)
N76.202,外阴炎,133,WYY,第14章 泌尿生殖系统疾病 (N00-N99)
N76.203,增殖性外阴炎（女性）,133,ZZXWYYNX,第14章 泌尿生殖系统疾病 (N00-N99)
N76.401,外阴脓肿,133,WYNZ,第14章 泌尿生殖系统疾病 (N00-N99)
N76.501,阴道溃疡,133,YDKY,第14章 泌尿生殖系统疾病 (N00-N99)
N76.601,外阴溃疡,133,WYKY,第14章 泌尿生殖系统疾病 (N00-N99)
N80.001,子宫子宫内膜异位,134,ZGZGNMYW,第14章 泌尿生殖系统疾病 (N00-N99)
N80.002,子宫颈子宫内膜异位症,134,ZGJZGNMYWZ,第14章 泌尿生殖系统疾病 (N00-N99)
N80.003,子宫腺肌瘤,134,ZGXJL,第14章 泌尿生殖系统疾病 (N00-N99)
N80.101,卵巢巧克力样囊肿,134,LCQKLYNZ,第14章 泌尿生殖系统疾病 (N00-N99)
N80.102,卵巢子宫内膜异位,134,LCZGNMYW,第14章 泌尿生殖系统疾病 (N00-N99)
N80.103,卵巢子宫内膜囊肿,134,LCZGNMNZ,第14章 泌尿生殖系统疾病 (N00-N99)
N80.201,输卵管子宫内膜异位,134,SLGZGNMYW,第14章 泌尿生殖系统疾病 (N00-N99)
N80.301,腹膜子宫内膜异位,134,FMZGNMYW,第14章 泌尿生殖系统疾病 (N00-N99)
N80.302,盆腔腹膜子宫内膜异位,134,PQFMZGNMYW,第14章 泌尿生殖系统疾病 (N00-N99)
N80.303,盆腔子宫内膜异位,134,PQZGNMYW,第14章 泌尿生殖系统疾病 (N00-N99)
N80.401,阴道子宫内膜异位,134,YDZGNMYW,第14章 泌尿生殖系统疾病 (N00-N99)
N80.402,直肠子宫凹子宫内膜异位,134,ZCZGAZGNMYW,第14章 泌尿生殖系统疾病 (N00-N99)
N80.403,直肠阴道隔子宫内膜异位症,134,ZCYDGZGNMYWZ,第14章 泌尿生殖系统疾病 (N00-N99)
N80.501,肠子宫内膜异位,134,CZGNMYW,第14章 泌尿生殖系统疾病 (N00-N99)
N80.601,腹壁子宫内膜异位,134,FBZGNMYW,第14章 泌尿生殖系统疾病 (N00-N99)
N80.602,皮肤子宫内膜异位,134,PFZGNMYW,第14章 泌尿生殖系统疾病 (N00-N99)
N80.603,腹壁瘢痕子宫内膜异位,134,FBBHZGNMYW,第14章 泌尿生殖系统疾病 (N00-N99)
N80.801,膀胱子宫内膜异位,134,PGZGNMYW,第14章 泌尿生殖系统疾病 (N00-N99)
N80.802,输尿管子宫内膜异位,134,SNGZGNMYW,第14章 泌尿生殖系统疾病 (N00-N99)
N80.803,外阴子宫内膜异位,134,WYZGNMYW,第14章 泌尿生殖系统疾病 (N00-N99)
N80.804,子宫韧带子宫内膜异位,134,ZGRDZGNMYW,第14章 泌尿生殖系统疾病 (N00-N99)
N80.805,骶前子宫内膜异位症,134,DQZGNMYWZ,第14章 泌尿生殖系统疾病 (N00-N99)
N80.901,子宫内膜异位,134,ZGNMYW,第14章 泌尿生殖系统疾病 (N00-N99)
N80.902,子宫内膜瘤(子宫腺肌瘤),134,ZGNMLZGXJL,第14章 泌尿生殖系统疾病 (N00-N99)
N81.101,阴道前壁脱垂(膀胱膨出),135,YDQBTCPGPC,第14章 泌尿生殖系统疾病 (N00-N99)
N81.102,阴道脱垂,135,YDTC,第14章 泌尿生殖系统疾病 (N00-N99)
N81.103,子宫脱垂,135,ZGTC,第14章 泌尿生殖系统疾病 (N00-N99)
N81.201,子宫阴道不完全脱垂,135,ZGYDBWQTC,第14章 泌尿生殖系统疾病 (N00-N99)
N81.202,子宫颈脱垂,135,ZGJTC,第14章 泌尿生殖系统疾病 (N00-N99)
N81.301,子宫阴道完全脱垂,135,ZGYDWQTC,第14章 泌尿生殖系统疾病 (N00-N99)
N81.401,子宫阴道脱垂,135,ZGYDTC,第14章 泌尿生殖系统疾病 (N00-N99)
N81.501,阴道小肠膨出,135,YDXCPC,第14章 泌尿生殖系统疾病 (N00-N99)
N81.601,阴道后壁脱垂(直肠膨出),135,YDHBTCZCPC,第14章 泌尿生殖系统疾病 (N00-N99)
N81.801,陈旧性会阴裂伤,135,CJXHYLS,第14章 泌尿生殖系统疾病 (N00-N99)
N81.802,阴道前后壁脱垂,135,YDQHBTC,第14章 泌尿生殖系统疾病 (N00-N99)
N81.803,阴道松弛,135,YDSC,第14章 泌尿生殖系统疾病 (N00-N99)
N82.001,手术后膀胱阴道瘘,123,SSHPGYDL,第14章 泌尿生殖系统疾病 (N00-N99)
N82.002,阴道膀胱瘘,123,YDPGL,第14章 泌尿生殖系统疾病 (N00-N99)
N82.101,尿道阴道瘘,123,NDYDL,第14章 泌尿生殖系统疾病 (N00-N99)
N82.102,输尿管阴道瘘,123,SNGYDL,第14章 泌尿生殖系统疾病 (N00-N99)
N82.103,手术后输尿管阴道瘘,123,SSHSNGYDL,第14章 泌尿生殖系统疾病 (N00-N99)
N82.201,小肠阴道瘘,123,XCYDL,第14章 泌尿生殖系统疾病 (N00-N99)
N82.202,手术后小肠阴道瘘,123,SSHXCYDL,第14章 泌尿生殖系统疾病 (N00-N99)
N82.301,直肠膀胱阴道瘘,123,ZCPGYDL,第14章 泌尿生殖系统疾病 (N00-N99)
N82.302,直肠阴道瘘,123,ZCYDL,第14章 泌尿生殖系统疾病 (N00-N99)
N82.401,子宫直肠瘘,123,ZGZCL,第14章 泌尿生殖系统疾病 (N00-N99)
N82.402,小肠阴道疝,123,XCYDS,第14章 泌尿生殖系统疾病 (N00-N99)
N82.501,子宫腹壁瘘,123,ZGFBL,第14章 泌尿生殖系统疾病 (N00-N99)
N82.502,手术后子宫腹壁瘘,123,SSHZGFBL,第14章 泌尿生殖系统疾病 (N00-N99)
N82.801,子宫颈阴道瘘,123,ZGJYDL,第14章 泌尿生殖系统疾病 (N00-N99)
N82.802,子宫颈瘘,123,ZGJL,第14章 泌尿生殖系统疾病 (N00-N99)
N82.901,阴道瘘,123,YDL,第14章 泌尿生殖系统疾病 (N00-N99)
N82.902,子宫瘘,123,ZGL,第14章 泌尿生殖系统疾病 (N00-N99)
N83.001,卵巢滤泡囊肿,123,LCLPNZ,第14章 泌尿生殖系统疾病 (N00-N99)
N83.101,卵巢黄体囊肿,123,LCHTNZ,第14章 泌尿生殖系统疾病 (N00-N99)
N83.102,卵巢黄体破裂,123,LCHTPL,第14章 泌尿生殖系统疾病 (N00-N99)
N83.103,卵巢黄体血肿,123,LCHTXZ,第14章 泌尿生殖系统疾病 (N00-N99)
N83.201,卵巢包涵囊肿,123,LCBHNZ,第14章 泌尿生殖系统疾病 (N00-N99)
N83.202,卵巢单纯性囊肿,123,LCDCXNZ,第14章 泌尿生殖系统疾病 (N00-N99)
N83.203,卵巢囊肿,123,LCNZ,第14章 泌尿生殖系统疾病 (N00-N99)
N83.204,卵巢白体囊肿,123,LCBTNZ,第14章 泌尿生殖系统疾病 (N00-N99)
N83.501,卵巢扭转,123,LCNZ,第14章 泌尿生殖系统疾病 (N00-N99)
N83.502,输卵管扭转,123,SLGNZ,第14章 泌尿生殖系统疾病 (N00-N99)
N83.601,输卵管出血,123,SLGCX,第14章 泌尿生殖系统疾病 (N00-N99)
N83.801,陈旧性输卵管妊娠,123,CJXSLGRS,第14章 泌尿生殖系统疾病 (N00-N99)
N83.802,卵巢破裂,123,LCPL,第14章 泌尿生殖系统疾病 (N00-N99)
N83.803,输卵管囊肿,123,SLGNZ,第14章 泌尿生殖系统疾病 (N00-N99)
N83.804,输卵管卵巢囊肿,123,SLGLCNZ,第14章 泌尿生殖系统疾病 (N00-N99)
N83.805,卵巢增生,123,LCZS,第14章 泌尿生殖系统疾病 (N00-N99)
N83.806,阔韧带囊肿,123,KRDNZ,第14章 泌尿生殖系统疾病 (N00-N99)
N83.807,子宫韧带囊肿,123,ZGRDNZ,第14章 泌尿生殖系统疾病 (N00-N99)
N83.808,阔韧带血肿,123,KRDXZ,第14章 泌尿生殖系统疾病 (N00-N99)
N83.901,卵巢肿物,123,LCZW,第14章 泌尿生殖系统疾病 (N00-N99)
N84.001,子宫内膜息肉,123,ZGNMXR,第14章 泌尿生殖系统疾病 (N00-N99)
N84.002,子宫息肉,123,ZGXR,第14章 泌尿生殖系统疾病 (N00-N99)
N84.101,子宫颈息肉,123,ZGJXR,第14章 泌尿生殖系统疾病 (N00-N99)
N84.201,阴道息肉,123,YDXR,第14章 泌尿生殖系统疾病 (N00-N99)
N84.801,处女膜息肉,123,CNMXR,第14章 泌尿生殖系统疾病 (N00-N99)
N85.001,子宫内膜增生,123,ZGNMZS,第14章 泌尿生殖系统疾病 (N00-N99)
N85.002,子宫内膜囊性增生,123,ZGNMNXZS,第14章 泌尿生殖系统疾病 (N00-N99)
N85.101,子宫内膜不典型增生,123,ZGNMBDXZS,第14章 泌尿生殖系统疾病 (N00-N99)
N85.201,子宫肥大,123,ZGFD,第14章 泌尿生殖系统疾病 (N00-N99)
N85.301,慢性子宫复旧不全,123,MXZGFJBQ,第14章 泌尿生殖系统疾病 (N00-N99)
N85.401,子宫移位,123,ZGYW,第14章 泌尿生殖系统疾病 (N00-N99)
N85.701,子宫积血,123,ZGJX,第14章 泌尿生殖系统疾病 (N00-N99)
N85.801,子宫内膜萎缩,123,ZGNMWS,第14章 泌尿生殖系统疾病 (N00-N99)
N85.802,子宫内膜发育不全,123,ZGNMFYBQ,第14章 泌尿生殖系统疾病 (N00-N99)
N85.803,子宫腺肌症,123,ZGXJZ,第14章 泌尿生殖系统疾病 (N00-N99)
N85.809,子宫穿孔,123,ZGCK,第14章 泌尿生殖系统疾病 (N00-N99)
N86  01,子宫颈糜烂,123,ZGJML,第14章 泌尿生殖系统疾病 (N00-N99)
N86  02,子宫颈溃疡,123,ZGJKY,第14章 泌尿生殖系统疾病 (N00-N99)
N88.101,子宫颈粘连,123,ZGJNL,第14章 泌尿生殖系统疾病 (N00-N99)
N88.102,宫颈陈旧性裂伤,123,GJCJXLS,第14章 泌尿生殖系统疾病 (N00-N99)
N88.201,子宫颈闭锁,123,ZGJBS,第14章 泌尿生殖系统疾病 (N00-N99)
N88.301,子宫颈机能不全,123,ZGJJNBQ,第14章 泌尿生殖系统疾病 (N00-N99)
N88.302,子宫颈口松弛,123,ZGJKSC,第14章 泌尿生殖系统疾病 (N00-N99)
N88.401,子宫颈延长,123,ZGJYC,第14章 泌尿生殖系统疾病 (N00-N99)
N88.801,子宫颈鳞状上皮不典型增生,123,ZGJLZSPBDXZS,第14章 泌尿生殖系统疾病 (N00-N99)
N88.802,子宫颈腺囊肿(子宫颈Naboth氏囊肿),123,ZGJXNZZGJSNZ,第14章 泌尿生殖系统疾病 (N00-N99)
N88.803,子宫颈鳞状上皮增生,123,ZGJLZSPZS,第14章 泌尿生殖系统疾病 (N00-N99)
N88.804,子宫颈肥大,123,ZGJFD,第14章 泌尿生殖系统疾病 (N00-N99)
N88.805,子宫颈赘生物,123,ZGJZSW,第14章 泌尿生殖系统疾病 (N00-N99)
N88.806,子宫颈潴留囊肿,123,ZGJZLNZ,第14章 泌尿生殖系统疾病 (N00-N99)
N88.807,陈旧性子宫颈裂伤,123,CJXZGJLS,第14章 泌尿生殖系统疾病 (N00-N99)
N88.808,子宫颈积液,123,ZGJJY,第14章 泌尿生殖系统疾病 (N00-N99)
N88.901,子宫颈术后出血,123,ZGJSHCX,第14章 泌尿生殖系统疾病 (N00-N99)
N89.401,阴道白斑,123,YDBB,第14章 泌尿生殖系统疾病 (N00-N99)
N89.501,后天性阴道闭锁,123,HTXYDBS,第14章 泌尿生殖系统疾病 (N00-N99)
N89.502,阴道粘连,123,YDNL,第14章 泌尿生殖系统疾病 (N00-N99)
N89.601,处女膜环紧缩,123,CNMHJS,第14章 泌尿生殖系统疾病 (N00-N99)
N89.701,阴道积血,123,YDJX,第14章 泌尿生殖系统疾病 (N00-N99)
N89.801,陈旧性阴道裂伤,123,CJXYDLS,第14章 泌尿生殖系统疾病 (N00-N99)
N89.802,阴道壁囊肿,123,YDBNZ,第14章 泌尿生殖系统疾病 (N00-N99)
N89.803,阴道血肿,123,YDXZ,第14章 泌尿生殖系统疾病 (N00-N99)
N89.804,阴道囊肿,123,YDNZ,第14章 泌尿生殖系统疾病 (N00-N99)
N89.805,陈旧性处女膜裂伤,123,CJXCNMLS,第14章 泌尿生殖系统疾病 (N00-N99)
N89.806,阴道壁赘生物,123,YDBZSW,第14章 泌尿生殖系统疾病 (N00-N99)
N90.301,外阴发育不良,123,WYFYBL,第14章 泌尿生殖系统疾病 (N00-N99)
N90.302,外阴鳞状上皮增生,123,WYLZSPZS,第14章 泌尿生殖系统疾病 (N00-N99)
N90.401,外阴白斑,123,WYBB,第14章 泌尿生殖系统疾病 (N00-N99)
N90.402,外阴角化症,123,WYJHZ,第14章 泌尿生殖系统疾病 (N00-N99)
N90.403,外阴营养不良,123,WYYYBL,第14章 泌尿生殖系统疾病 (N00-N99)
N90.404,外阴白癜风,123,WYBDF,第14章 泌尿生殖系统疾病 (N00-N99)
N90.501,外阴萎缩,123,WYWS,第14章 泌尿生殖系统疾病 (N00-N99)
N90.601,阴唇肥大,123,YCFD,第14章 泌尿生殖系统疾病 (N00-N99)
N90.701,外阴囊肿,123,WYNZ,第14章 泌尿生殖系统疾病 (N00-N99)
N90.702,阴蒂囊肿,123,YDNZ,第14章 泌尿生殖系统疾病 (N00-N99)
N90.703,外阴包块,123,WYBK,第14章 泌尿生殖系统疾病 (N00-N99)
N90.801,外阴疤痕,123,WYBH,第14章 泌尿生殖系统疾病 (N00-N99)
N90.802,阴蒂血肿,123,YDXZ,第14章 泌尿生殖系统疾病 (N00-N99)
N90.803,会阴瘢痕,123,HYBH,第14章 泌尿生殖系统疾病 (N00-N99)
N90.804,外阴皮赘,123,WYPZ,第14章 泌尿生殖系统疾病 (N00-N99)
N90.805,外阴水肿,123,WYSZ,第14章 泌尿生殖系统疾病 (N00-N99)
N90.806,外阴象皮病,123,WYXPB,第14章 泌尿生殖系统疾病 (N00-N99)
N90.807,外阴血肿,123,WYXZ,第14章 泌尿生殖系统疾病 (N00-N99)
N90.808,阴蒂肥大,123,YDFD,第14章 泌尿生殖系统疾病 (N00-N99)
N90.809,小阴唇粘连,123,XYCNL,第14章 泌尿生殖系统疾病 (N00-N99)
N90.810,大阴唇粘连,123,DYCNL,第14章 泌尿生殖系统疾病 (N00-N99)
N90.901,会阴部赘生物,123,HYBZSW,第14章 泌尿生殖系统疾病 (N00-N99)
N91.001,原发性闭经,123,YFXBJ,第14章 泌尿生殖系统疾病 (N00-N99)
N91.101,继发性闭经,123,JFXBJ,第14章 泌尿生殖系统疾病 (N00-N99)
N91.201,闭经,123,BJ,第14章 泌尿生殖系统疾病 (N00-N99)
N91.202,下丘脑性闭经,123,XQNXBJ,第14章 泌尿生殖系统疾病 (N00-N99)
N91.501,月经稀少,123,YJXS,第14章 泌尿生殖系统疾病 (N00-N99)
N92.001,月经过多,123,YJGD,第14章 泌尿生殖系统疾病 (N00-N99)
N92.101,不规则子宫出血,123,BGZZGCX,第14章 泌尿生殖系统疾病 (N00-N99)
N92.201,青春期出血(青春期月经过多),123,QCQCXQCQYJGD,第14章 泌尿生殖系统疾病 (N00-N99)
N92.301,经前期出血,123,JQQCX,第14章 泌尿生殖系统疾病 (N00-N99)
N92.401,更年期月经过多,123,GNQYJGD,第14章 泌尿生殖系统疾病 (N00-N99)
N92.402,绝经前期出血,123,JJQQCX,第14章 泌尿生殖系统疾病 (N00-N99)
N92.403,绝经期出血,123,JJQCX,第14章 泌尿生殖系统疾病 (N00-N99)
N92.601,不规则阴道出血,123,BGZYDCX,第14章 泌尿生殖系统疾病 (N00-N99)
N92.602,经期延长,123,JQYC,第14章 泌尿生殖系统疾病 (N00-N99)
N92.603,月经失调,123,YJST,第14章 泌尿生殖系统疾病 (N00-N99)
N93.001,性交后出血,123,XJHCX,第14章 泌尿生殖系统疾病 (N00-N99)
N93.801,功能(障碍)性子宫出血,123,GNZAXZGCX,第14章 泌尿生殖系统疾病 (N00-N99)
N93.901,阴道出血,123,YDCX,第14章 泌尿生殖系统疾病 (N00-N99)
N93.902,子宫体残端出血,123,ZGTCDCX,第14章 泌尿生殖系统疾病 (N00-N99)
N94.201,阴道痉挛,123,YDJL,第14章 泌尿生殖系统疾病 (N00-N99)
N94.301,经前紧张综合征,123,JQJZZHZ,第14章 泌尿生殖系统疾病 (N00-N99)
N94.601,痛经,123,TJ,第14章 泌尿生殖系统疾病 (N00-N99)
N94.802,"盆腔血肿,女性",123,PQXZNX,第14章 泌尿生殖系统疾病 (N00-N99)
N94.803,盆腔静脉充盈综合征,123,PQJMCYZHZ,第14章 泌尿生殖系统疾病 (N00-N99)
N94.804,女性盆腔积液,123,NXPQJY,第14章 泌尿生殖系统疾病 (N00-N99)
N94.901,"盆腔假囊肿,女性",123,PQJNZNX,第14章 泌尿生殖系统疾病 (N00-N99)
N95.001,绝经期后出血,123,JJQHCX,第14章 泌尿生殖系统疾病 (N00-N99)
N95.101,女性更年期综合征,123,NXGNQZHZ,第14章 泌尿生殖系统疾病 (N00-N99)
N95.201,老年性阴道炎,123,LNXYDY,第14章 泌尿生殖系统疾病 (N00-N99)
N96  01,习惯性流产,123,XGXLC,第14章 泌尿生殖系统疾病 (N00-N99)
N97.001,不育由于不排卵,123,BYYYBPL,第14章 泌尿生殖系统疾病 (N00-N99)
N97.002,卵巢排卵障碍,123,LCPLZA,第14章 泌尿生殖系统疾病 (N00-N99)
N97.101,不育由于输卵管阻塞,123,BYYYSLGZS,第14章 泌尿生殖系统疾病 (N00-N99)
N97.102,不育由于输卵管不畅,123,BYYYSLGBC,第14章 泌尿生殖系统疾病 (N00-N99)
N97.201,不育由于子宫粘连,123,BYYYZGNL,第14章 泌尿生殖系统疾病 (N00-N99)
N97.801,不育由于阴道畸形,123,BYYYYDJX,第14章 泌尿生殖系统疾病 (N00-N99)
N97.901,女性不育,123,NXBY,第14章 泌尿生殖系统疾病 (N00-N99)
N97.902,女性继发性不育,123,NXJFXBY,第14章 泌尿生殖系统疾病 (N00-N99)
N99.001,手术后肾功能衰竭,123,SSHSGNSJ,第14章 泌尿生殖系统疾病 (N00-N99)
N99.101,手术后尿道狭窄,123,SSHNDXZ,第14章 泌尿生殖系统疾病 (N00-N99)
N99.201,手术后阴道狭窄,123,SSHYDXZ,第14章 泌尿生殖系统疾病 (N00-N99)
N99.202,手术后阴道粘连,123,SSHYDNL,第14章 泌尿生殖系统疾病 (N00-N99)
N99.401,手术后盆腔粘连,123,SSHPQNL,第14章 泌尿生殖系统疾病 (N00-N99)
N99.402,手术后大网膜粘连,123,SSHDWMNL,第14章 泌尿生殖系统疾病 (N00-N99)
N99.403,手术后腹膜粘连,123,SSHFMNL,第14章 泌尿生殖系统疾病 (N00-N99)
N99.801,阴道残端出血,123,YDCDCX,第14章 泌尿生殖系统疾病 (N00-N99)
N99.802,手术后尿潴留,123,SSHNZL,第14章 泌尿生殖系统疾病 (N00-N99)
N99.803,绝育术后腹痛,123,JYSHFT,第14章 泌尿生殖系统疾病 (N00-N99)
O00.001,腹腔妊娠,137,FQRS,第15章 妊娠、分娩和产褥期 (O00-O99)
O00.101,输卵管妊娠,137,SLGRS,第15章 妊娠、分娩和产褥期 (O00-O99)
O00.102,输卵管妊娠流产,137,SLGRSLC,第15章 妊娠、分娩和产褥期 (O00-O99)
O00.103,输卵管妊娠破裂,137,SLGRSPL,第15章 妊娠、分娩和产褥期 (O00-O99)
O00.201,卵巢妊娠,137,LCRS,第15章 妊娠、分娩和产褥期 (O00-O99)
O00.202,卵巢妊娠破裂,137,LCRSPL,第15章 妊娠、分娩和产褥期 (O00-O99)
O00.801,子宫角妊娠,137,ZGJRS,第15章 妊娠、分娩和产褥期 (O00-O99)
O00.802,子宫颈妊娠,137,ZGJRS,第15章 妊娠、分娩和产褥期 (O00-O99)
O00.803,子宫疤痕妊娠,137,ZGBHRS,第15章 妊娠、分娩和产褥期 (O00-O99)
O00.804,子宫峡部妊娠,137,ZGXBRS,第15章 妊娠、分娩和产褥期 (O00-O99)
O00.901,异位妊娠,137,YWRS,第15章 妊娠、分娩和产褥期 (O00-O99)
O00.902,陈旧性异位妊娠,137,CJXYWRS,第15章 妊娠、分娩和产褥期 (O00-O99)
O01.901,滋养细胞疾病,136,ZYXBJB,第15章 妊娠、分娩和产褥期 (O00-O99)
O01.902,葡萄胎(水泡状胎块),136,PTTSPZTK,第15章 妊娠、分娩和产褥期 (O00-O99)
O02.101,稽留流产(过期流产),136,JLLCGQLC,第15章 妊娠、分娩和产褥期 (O00-O99)
O02.102,石胎(胎儿石化),136,STTESH,第15章 妊娠、分娩和产褥期 (O00-O99)
O03.901,难免性流产,136,NMXLC,第15章 妊娠、分娩和产褥期 (O00-O99)
O03.902,自然流产,136,ZRLC,第15章 妊娠、分娩和产褥期 (O00-O99)
O04.901,疗病性流产,138,LBXLC,第15章 妊娠、分娩和产褥期 (O00-O99)
O06.101,人工流产合并去纤维蛋白综合征,136,RGLCHBQXWDBZHZ,第15章 妊娠、分娩和产褥期 (O00-O99)
O06.401,不完全流产,136,BWQLC,第15章 妊娠、分娩和产褥期 (O00-O99)
O06.402,不完全性人工流产,136,BWQXRGLC,第15章 妊娠、分娩和产褥期 (O00-O99)
O06.701,人工流产合并羊水栓塞,136,RGLCHBYSSS,第15章 妊娠、分娩和产褥期 (O00-O99)
O06.901,完全性流产,136,WQXLC,第15章 妊娠、分娩和产褥期 (O00-O99)
O06.902,人工流产,136,RGLC,第15章 妊娠、分娩和产褥期 (O00-O99)
O06.903,晚期人工流产,136,WQRGLC,第15章 妊娠、分娩和产褥期 (O00-O99)
O06.904,习惯性流产伴近期流产,136,XGXLCBJQLC,第15章 妊娠、分娩和产褥期 (O00-O99)
O06.905,早期人工流产,136,ZQRGLC,第15章 妊娠、分娩和产褥期 (O00-O99)
O06.906,完全性人工流产,136,WQXRGLC,第15章 妊娠、分娩和产褥期 (O00-O99)
O08.001,人工流产后盆腔感染,136,RGLCHPQGR,第15章 妊娠、分娩和产褥期 (O00-O99)
O08.101,流产后延迟出血,136,LCHYCCX,第15章 妊娠、分娩和产褥期 (O00-O99)
O08.102,人工流产后延迟出血,136,RGLCHYCCX,第15章 妊娠、分娩和产褥期 (O00-O99)
O08.103,异位妊娠后出血,136,YWRSHCX,第15章 妊娠、分娩和产褥期 (O00-O99)
O08.104,人工流产后播散性血管内凝血,136,RGLCHBSXXGNNX,第15章 妊娠、分娩和产褥期 (O00-O99)
O08.301,异位妊娠后休克,136,YWRSHXK,第15章 妊娠、分娩和产褥期 (O00-O99)
O08.302,人工流产后休克,136,RGLCHXK,第15章 妊娠、分娩和产褥期 (O00-O99)
O08.601,流产后子宫穿孔,136,LCHZGCK,第15章 妊娠、分娩和产褥期 (O00-O99)
O08.602,人工流产后肠穿孔,136,RGLCHCCK,第15章 妊娠、分娩和产褥期 (O00-O99)
O08.603,人工流产后子宫穿孔,136,RGLCHZGCK,第15章 妊娠、分娩和产褥期 (O00-O99)
O08.604,人工流产后子宫韧带血肿,136,RGLCHZGRDXZ,第15章 妊娠、分娩和产褥期 (O00-O99)
O08.605,流产后子宫内膜菲薄,136,LCHZGNMFB,第15章 妊娠、分娩和产褥期 (O00-O99)
O08.801,人工流产后子宫颈粘连,136,RGLCHZGJNL,第15章 妊娠、分娩和产褥期 (O00-O99)
O08.802,异位妊娠术后胎盘残留,136,YWRSSHTPCL,第15章 妊娠、分娩和产褥期 (O00-O99)
O08.803,人工流产后腹痛,136,RGLCHFT,第15章 妊娠、分娩和产褥期 (O00-O99)
O08.804,腹腔妊娠术后胎盘残留,136,FQRSSHTPCL,第15章 妊娠、分娩和产褥期 (O00-O99)
O10.201,妊娠合并肾性高血压,139,RSHBSXGXY,第15章 妊娠、分娩和产褥期 (O00-O99)
O10.901,妊娠合并高血压,139,RSHBGXY,第15章 妊娠、分娩和产褥期 (O00-O99)
O10.902,妊娠合并慢性高血压,139,RSHBMXGXY,第15章 妊娠、分娩和产褥期 (O00-O99)
O12.001,妊娠水肿,139,RSSZ,第15章 妊娠、分娩和产褥期 (O00-O99)
O12.101,妊娠合并蛋白尿,139,RSHBDBN,第15章 妊娠、分娩和产褥期 (O00-O99)
O13  01,轻度先兆子痫,139,QDXZZX,第15章 妊娠、分娩和产褥期 (O00-O99)
O13  02,轻度妊娠高血压综合征,139,QDRSGXYZHZ,第15章 妊娠、分娩和产褥期 (O00-O99)
O14.001,中度妊娠高血压综合征,139,ZDRSGXYZHZ,第15章 妊娠、分娩和产褥期 (O00-O99)
O14.002,Hellp's综合征,139,ZHZ,第15章 妊娠、分娩和产褥期 (O00-O99)
O14.003,妊娠高血压综合征(妊娠中毒症),139,RSGXYZHZRSZDZ,第15章 妊娠、分娩和产褥期 (O00-O99)
O14.101,重度先兆子痫,139,CDXZZX,第15章 妊娠、分娩和产褥期 (O00-O99)
O14.102,重度妊娠高血压综合征,139,CDRSGXYZHZ,第15章 妊娠、分娩和产褥期 (O00-O99)
O14.901,先兆子痫,139,XZZX,第15章 妊娠、分娩和产褥期 (O00-O99)
O15.001,产前子痫,139,CQZX,第15章 妊娠、分娩和产褥期 (O00-O99)
O15.101,产间子痫,139,CJZX,第15章 妊娠、分娩和产褥期 (O00-O99)
O15.201,产后子痫,139,CHZX,第15章 妊娠、分娩和产褥期 (O00-O99)
O15.901,子痫,139,ZX,第15章 妊娠、分娩和产褥期 (O00-O99)
O16  01,妊娠期短暂性高血压,139,RSQDZXGXY,第15章 妊娠、分娩和产褥期 (O00-O99)
O20.001,先兆流产,136,XZLC,第15章 妊娠、分娩和产褥期 (O00-O99)
O21.001,妊娠呕吐,136,RSOT,第15章 妊娠、分娩和产褥期 (O00-O99)
O21.101,妊娠剧吐伴有酸中毒,136,RSJTBYSZD,第15章 妊娠、分娩和产褥期 (O00-O99)
O21.102,妊娠剧吐伴有代谢障碍,136,RSJTBYDXZA,第15章 妊娠、分娩和产褥期 (O00-O99)
O21.201,妊娠晚期呕吐,136,RSWQOT,第15章 妊娠、分娩和产褥期 (O00-O99)
O22.101,妊娠期外阴静脉曲张,136,RSQWYJMQZ,第15章 妊娠、分娩和产褥期 (O00-O99)
O22.102,妊娠期会阴静脉曲张,136,RSQHYJMQZ,第15章 妊娠、分娩和产褥期 (O00-O99)
O23.501,妊娠期宫腔感染,136,RSQGQGR,第15章 妊娠、分娩和产褥期 (O00-O99)
O23.502,妊娠合并盆腔粘连,136,RSHBPQNL,第15章 妊娠、分娩和产褥期 (O00-O99)
O23.503,妊娠合并输卵管积脓,136,RSHBSLGJN,第15章 妊娠、分娩和产褥期 (O00-O99)
O23.901,妊娠期生殖泌尿道感染,136,RSQSZMNDGR,第15章 妊娠、分娩和产褥期 (O00-O99)
O24.901,妊娠合并糖尿病,136,RSHBTNB,第15章 妊娠、分娩和产褥期 (O00-O99)
O26.201,习惯性流产伴有妊娠,136,XGXLCBYRS,第15章 妊娠、分娩和产褥期 (O00-O99)
O26.401,妊娠疱疹,136,RSPZ,第15章 妊娠、分娩和产褥期 (O00-O99)
O26.601,妊娠合并肝病,136,RSHBGB,第15章 妊娠、分娩和产褥期 (O00-O99)
O26.602,妊娠合并肝硬变,136,RSHBGYB,第15章 妊娠、分娩和产褥期 (O00-O99)
O26.603,妊娠伴澳抗阳性,136,RSBAKYX,第15章 妊娠、分娩和产褥期 (O00-O99)
O26.604,妊娠搔痒症(妊娠合并肝内胆汁淤积症),136,RSSYZRSHBGNDZYJZ,第15章 妊娠、分娩和产褥期 (O00-O99)
O26.801,妊娠伴子宫颈水肿,136,RSBZGJSZ,第15章 妊娠、分娩和产褥期 (O00-O99)
O26.802,妊娠合并肾病,136,RSHBSB,第15章 妊娠、分娩和产褥期 (O00-O99)
O26.803,妊娠期周围神经炎,136,RSQZWSJY,第15章 妊娠、分娩和产褥期 (O00-O99)
O30.001,双胎妊娠,136,STRS,第15章 妊娠、分娩和产褥期 (O00-O99)
O30.101,三胎妊娠,136,STRS,第15章 妊娠、分娩和产褥期 (O00-O99)
O30.201,四胎妊娠,136,STRS,第15章 妊娠、分娩和产褥期 (O00-O99)
O32.101,足先露,136,ZXL,第15章 妊娠、分娩和产褥期 (O00-O99)
O32.102,"初产臀位,转位成功",136,CCTWZWCG,第15章 妊娠、分娩和产褥期 (O00-O99)
O32.103,臀位,136,TW,第15章 妊娠、分娩和产褥期 (O00-O99)
O32.104,初产臀位,136,CCTW,第15章 妊娠、分娩和产褥期 (O00-O99)
O32.201,肩先露(横位),136,JXLHW,第15章 妊娠、分娩和产褥期 (O00-O99)
O32.301,额先露,136,EXL,第15章 妊娠、分娩和产褥期 (O00-O99)
O32.302,面先露,136,MXL,第15章 妊娠、分娩和产褥期 (O00-O99)
O32.401,初产头浮(足月头高),136,CCTFZYTG,第15章 妊娠、分娩和产褥期 (O00-O99)
O32.601,复合先露,136,FHXL,第15章 妊娠、分娩和产褥期 (O00-O99)
O32.801,膝先露,136,XXL,第15章 妊娠、分娩和产褥期 (O00-O99)
O32.901,胎头异位,136,TTYW,第15章 妊娠、分娩和产褥期 (O00-O99)
O33.001,骨盆畸形伴胎盆不称,136,GPJXBTPBC,第15章 妊娠、分娩和产褥期 (O00-O99)
O33.101,骨盆狭窄,136,GPXZ,第15章 妊娠、分娩和产褥期 (O00-O99)
O33.102,骨盆狭窄伴胎盆不称,136,GPXZBTPBC,第15章 妊娠、分娩和产褥期 (O00-O99)
O33.103,骨盆内聚伴胎盆不称,136,GPNJBTPBC,第15章 妊娠、分娩和产褥期 (O00-O99)
O33.201,骨盆入口狭窄伴胎盆不称,136,GPRKXZBTPBC,第15章 妊娠、分娩和产褥期 (O00-O99)
O33.301,骨盆中腔狭窄伴胎盆不称,136,GPZQXZBTPBC,第15章 妊娠、分娩和产褥期 (O00-O99)
O33.302,骨盆出口狭窄胎盆不称,136,GPCKXZTPBC,第15章 妊娠、分娩和产褥期 (O00-O99)
O33.901,头盆不称,136,TPBC,第15章 妊娠、分娩和产褥期 (O00-O99)
O34.001,妊娠合并双子宫,136,RSHBSZG,第15章 妊娠、分娩和产褥期 (O00-O99)
O34.002,妊娠合并双角子宫,136,RSHBSJZG,第15章 妊娠、分娩和产褥期 (O00-O99)
O34.003,妊娠合并残角子宫,136,RSHBCJZG,第15章 妊娠、分娩和产褥期 (O00-O99)
O34.004,妊娠合并子宫隔,136,RSHBZGG,第15章 妊娠、分娩和产褥期 (O00-O99)
O34.005,妊娠合并子宫畸形,136,RSHBZGJX,第15章 妊娠、分娩和产褥期 (O00-O99)
O34.101,妊娠合并子宫肌瘤,136,RSHBZGJL,第15章 妊娠、分娩和产褥期 (O00-O99)
O34.102,妊娠合并子宫体肿瘤,136,RSHBZGTZL,第15章 妊娠、分娩和产褥期 (O00-O99)
O34.201,前次手术后子宫瘢痕,136,QCSSHZGBH,第15章 妊娠、分娩和产褥期 (O00-O99)
O34.202,剖腹产史,136,PFCS,第15章 妊娠、分娩和产褥期 (O00-O99)
O34.301,妊娠伴子宫颈松驰,136,RSBZGJSC,第15章 妊娠、分娩和产褥期 (O00-O99)
O34.401,妊娠伴子宫颈息肉,136,RSBZGJXR,第15章 妊娠、分娩和产褥期 (O00-O99)
O34.501,妊娠子宫扭转,136,RSZGNZ,第15章 妊娠、分娩和产褥期 (O00-O99)
O34.502,妊娠子宫箝闭,136,RSZGQB,第15章 妊娠、分娩和产褥期 (O00-O99)
O34.503,妊娠子宫脱垂,136,RSZGTC,第15章 妊娠、分娩和产褥期 (O00-O99)
O34.601,妊娠伴阴道纵隔,136,RSBYDZG,第15章 妊娠、分娩和产褥期 (O00-O99)
O34.602,妊娠伴阴道狭窄,136,RSBYDXZ,第15章 妊娠、分娩和产褥期 (O00-O99)
O34.603,妊娠伴阴道横隔,136,RSBYDHG,第15章 妊娠、分娩和产褥期 (O00-O99)
O34.701,妊娠伴外阴硬萎,136,RSBWYYW,第15章 妊娠、分娩和产褥期 (O00-O99)
O34.702,妊娠伴外阴水肿,136,RSBWYSZ,第15章 妊娠、分娩和产褥期 (O00-O99)
O34.703,妊娠伴外阴畸形,136,RSBWYJX,第15章 妊娠、分娩和产褥期 (O00-O99)
O34.801,妊娠膀胱膨出,136,RSPGPC,第15章 妊娠、分娩和产褥期 (O00-O99)
O34.802,妊娠悬垂腹,136,RSXCF,第15章 妊娠、分娩和产褥期 (O00-O99)
O34.803,妊娠伴有卵巢囊肿,136,RSBYLCNZ,第15章 妊娠、分娩和产褥期 (O00-O99)
O34.804,妊娠伴子宫颈幼稚,136,RSBZGJYZ,第15章 妊娠、分娩和产褥期 (O00-O99)
O34.806,妊娠伴卵巢肿瘤,136,RSBLCZL,第15章 妊娠、分娩和产褥期 (O00-O99)
O35.001,胎儿脊柱裂,136,TEJZL,第15章 妊娠、分娩和产褥期 (O00-O99)
O35.002,胎儿脑积水,136,TENJS,第15章 妊娠、分娩和产褥期 (O00-O99)
O35.003,胎儿无脑畸形,136,TEWNJX,第15章 妊娠、分娩和产褥期 (O00-O99)
O35.004,脊柱裂母亲的妊娠,136,JZLMQDRS,第15章 妊娠、分娩和产褥期 (O00-O99)
O35.101,胎儿染色体异常,136,TERSTYC,第15章 妊娠、分娩和产褥期 (O00-O99)
O35.102,胎儿先天愚型,136,TEXTYX,第15章 妊娠、分娩和产褥期 (O00-O99)
O35.201,胎儿血友病,136,TEXYB,第15章 妊娠、分娩和产褥期 (O00-O99)
O35.701,子宫内避孕器妊娠,136,ZGNBYQRS,第15章 妊娠、分娩和产褥期 (O00-O99)
O35.702,子宫内避孕器失败,136,ZGNBYQSB,第15章 妊娠、分娩和产褥期 (O00-O99)
O35.801,胎儿腹水,136,TEFS,第15章 妊娠、分娩和产褥期 (O00-O99)
O35.802,胎儿畸形,136,TEJX,第15章 妊娠、分娩和产褥期 (O00-O99)
O35.803,胎儿苯丙酮尿症,136,TEBBTNZ,第15章 妊娠、分娩和产褥期 (O00-O99)
O35.804,胎儿单脐动脉,136,TEDQDM,第15章 妊娠、分娩和产褥期 (O00-O99)
O35.805,胎儿食道闭锁,136,TESDBS,第15章 妊娠、分娩和产褥期 (O00-O99)
O35.806,胎儿肢体畸形,136,TEZTJX,第15章 妊娠、分娩和产褥期 (O00-O99)
O35.807,胎儿肾盂积水,136,TESYJS,第15章 妊娠、分娩和产褥期 (O00-O99)
O35.808,胎儿膈疝,136,TEGS,第15章 妊娠、分娩和产褥期 (O00-O99)
O36.001,Rh[血型]不合,136,XXBH,第15章 妊娠、分娩和产褥期 (O00-O99)
O36.101,ABO[血型]不合,136,XXBH,第15章 妊娠、分娩和产褥期 (O00-O99)
O36.401,胎死宫内,136,TSGN,第15章 妊娠、分娩和产褥期 (O00-O99)
O36.501,妊娠合并低体重儿,136,RSHBDTZE,第15章 妊娠、分娩和产褥期 (O00-O99)
O36.502,妊娠合并胚胎发育不良,136,RSHBPTFYBL,第15章 妊娠、分娩和产褥期 (O00-O99)
O36.503,胎儿生长迟缓,136,TESCCH,第15章 妊娠、分娩和产褥期 (O00-O99)
O36.504,妊娠合并小样儿,136,RSHBXYE,第15章 妊娠、分娩和产褥期 (O00-O99)
O36.505,小样儿[母亲分娩),136,XYEMQFW,第15章 妊娠、分娩和产褥期 (O00-O99)
O36.601,妊娠合并巨大儿,136,RSHBJDE,第15章 妊娠、分娩和产褥期 (O00-O99)
O36.801,胎儿宫内窘迫,136,TEGNJP,第15章 妊娠、分娩和产褥期 (O00-O99)
O36.802,胎儿心律异常,136,TEXLYC,第15章 妊娠、分娩和产褥期 (O00-O99)
O40  01,妊娠合并羊水过多,136,RSHBYSGD,第15章 妊娠、分娩和产褥期 (O00-O99)
O41.001,妊娠合并羊水过少,136,RSHBYSGS,第15章 妊娠、分娩和产褥期 (O00-O99)
O41.101,妊娠合并绒毛膜羊膜炎,136,RSHBRMMYMY,第15章 妊娠、分娩和产褥期 (O00-O99)
O41.102,胎膜炎,136,TMY,第15章 妊娠、分娩和产褥期 (O00-O99)
O41.103,胎盘炎,136,TPY,第15章 妊娠、分娩和产褥期 (O00-O99)
O41.801,妊娠合并羊膜囊肿,136,RSHBYMNZ,第15章 妊娠、分娩和产褥期 (O00-O99)
O41.802,妊娠合并羊膜粘连,136,RSHBYMNL,第15章 妊娠、分娩和产褥期 (O00-O99)
O42.901,胎膜早破,136,TMZP,第15章 妊娠、分娩和产褥期 (O00-O99)
O43.001,双胎输血综合征,136,STSXZHZ,第15章 妊娠、分娩和产褥期 (O00-O99)
O43.101,妊娠合并帆状胎盘,136,RSHBFZTP,第15章 妊娠、分娩和产褥期 (O00-O99)
O43.102,妊娠合并多叶胎盘,136,RSHBDYTP,第15章 妊娠、分娩和产褥期 (O00-O99)
O43.103,妊娠合并副胎盘,136,RSHBFTP,第15章 妊娠、分娩和产褥期 (O00-O99)
O43.104,妊娠合并轮状胎盘,136,RSHBLZTP,第15章 妊娠、分娩和产褥期 (O00-O99)
O43.105,妊娠合并膜状胎盘,136,RSHBMZTP,第15章 妊娠、分娩和产褥期 (O00-O99)
O43.106,妊娠合并球拍状胎盘,136,RSHBQPZTP,第15章 妊娠、分娩和产褥期 (O00-O99)
O43.107,妊娠合并三叶胎盘,136,RSHBSYTP,第15章 妊娠、分娩和产褥期 (O00-O99)
O43.108,妊娠合并双叶胎盘,136,RSHBSYTP,第15章 妊娠、分娩和产褥期 (O00-O99)
O43.109,妊娠合并异常胎盘,136,RSHBYCTP,第15章 妊娠、分娩和产褥期 (O00-O99)
O43.110,妊娠合并有缘胎盘,136,RSHBYYTP,第15章 妊娠、分娩和产褥期 (O00-O99)
O43.801,胎盘变性,136,TPBX,第15章 妊娠、分娩和产褥期 (O00-O99)
O43.802,胎盘梗塞,136,TPGS,第15章 妊娠、分娩和产褥期 (O00-O99)
O43.803,胎盘纤维化,136,TPXWH,第15章 妊娠、分娩和产褥期 (O00-O99)
O43.804,胎盘囊肿,136,TPNZ,第15章 妊娠、分娩和产褥期 (O00-O99)
O43.805,胎盘老化,136,TPLH,第15章 妊娠、分娩和产褥期 (O00-O99)
O43.806,胚胎停止发育,136,PTTZFY,第15章 妊娠、分娩和产褥期 (O00-O99)
O44.001,边缘性前置胎盘不伴出血,140,BYXQZTPBBCX,第15章 妊娠、分娩和产褥期 (O00-O99)
O44.002,低置胎盘,140,DZTP,第15章 妊娠、分娩和产褥期 (O00-O99)
O44.003,前置胎盘,140,QZTP,第15章 妊娠、分娩和产褥期 (O00-O99)
O44.101,前置胎盘伴出血,140,QZTPBCX,第15章 妊娠、分娩和产褥期 (O00-O99)
O45.901,胎盘早期剥离,140,TPZQBL,第15章 妊娠、分娩和产褥期 (O00-O99)
O46.001,产前播散性血管内凝血,140,CQBSXXGNNX,第15章 妊娠、分娩和产褥期 (O00-O99)
O46.801,胎盘边缘血窦破裂,140,TPBYXDPL,第15章 妊娠、分娩和产褥期 (O00-O99)
O46.901,产前出血,140,CQCX,第15章 妊娠、分娩和产褥期 (O00-O99)
O46.902,妊娠出血,140,RSCX,第15章 妊娠、分娩和产褥期 (O00-O99)
O47.001,先兆早产,136,XZZC,第15章 妊娠、分娩和产褥期 (O00-O99)
O47.901,先兆临产,136,XZLC,第15章 妊娠、分娩和产褥期 (O00-O99)
O48  01,过期妊娠,136,GQRS,第15章 妊娠、分娩和产褥期 (O00-O99)
O60  01,早产,136,ZC,第15章 妊娠、分娩和产褥期 (O00-O99)
O61.901,引产失败,136,YCSB,第15章 妊娠、分娩和产褥期 (O00-O99)
O62.001,原发性子宫乏力,136,YFXZGFL,第15章 妊娠、分娩和产褥期 (O00-O99)
O62.101,分娩伴继发性子宫乏力,136,FWBJFXZGFL,第15章 妊娠、分娩和产褥期 (O00-O99)
O62.201,分娩伴子宫收缩不规则,136,FWBZGSSBGZ,第15章 妊娠、分娩和产褥期 (O00-O99)
O62.202,分娩伴子宫收缩不良,136,FWBZGSSBL,第15章 妊娠、分娩和产褥期 (O00-O99)
O62.203,子宫松弛,136,ZGSC,第15章 妊娠、分娩和产褥期 (O00-O99)
O62.204,活跃期停滞,136,HYQTZ,第15章 妊娠、分娩和产褥期 (O00-O99)
O62.301,急产母亲,136,JCMQ,第15章 妊娠、分娩和产褥期 (O00-O99)
O62.401,分娩伴宫颈痉挛,136,FWBGJJL,第15章 妊娠、分娩和产褥期 (O00-O99)
O62.402,宫颈难产,136,GJNC,第15章 妊娠、分娩和产褥期 (O00-O99)
O62.403,子宫难产,136,ZGNC,第15章 妊娠、分娩和产褥期 (O00-O99)
O62.404,分娩伴子宫强直性收缩,136,FWBZGQZXSS,第15章 妊娠、分娩和产褥期 (O00-O99)
O62.405,高张力性子宫机能不良,136,GZLXZGJNBL,第15章 妊娠、分娩和产褥期 (O00-O99)
O62.406,子宫(病理性)收缩环,136,ZGBLXSSH,第15章 妊娠、分娩和产褥期 (O00-O99)
O63.001,第一产程延长,136,DYCCYC,第15章 妊娠、分娩和产褥期 (O00-O99)
O63.101,第二产程延长,136,DECCYC,第15章 妊娠、分娩和产褥期 (O00-O99)
O63.901,滞产,136,ZC,第15章 妊娠、分娩和产褥期 (O00-O99)
O64.001,持续性枕横位,141,CXXZHW,第15章 妊娠、分娩和产褥期 (O00-O99)
O64.002,持续性枕后位,141,CXXZHW,第15章 妊娠、分娩和产褥期 (O00-O99)
O65.901,骨盆畸形致梗阻性分娩,141,GPJXZGZXFW,第15章 妊娠、分娩和产褥期 (O00-O99)
O66.001,肩位难产,141,JWNC,第15章 妊娠、分娩和产褥期 (O00-O99)
O66.901,梗阻性分娩,141,GZXFW,第15章 妊娠、分娩和产褥期 (O00-O99)
O67.801,产间出血,136,CJCX,第15章 妊娠、分娩和产褥期 (O00-O99)
O67.802,胎盘功能不良,136,TPGNBL,第15章 妊娠、分娩和产褥期 (O00-O99)
O69.001,分娩伴脐带脱垂,136,FWBQDTC,第15章 妊娠、分娩和产褥期 (O00-O99)
O69.002,分娩伴脐带先露,136,FWBQDXL,第15章 妊娠、分娩和产褥期 (O00-O99)
O69.101,分娩伴脐带绕颈,136,FWBQDRJ,第15章 妊娠、分娩和产褥期 (O00-O99)
O69.201,分娩伴脐带打结,136,FWBQDDJ,第15章 妊娠、分娩和产褥期 (O00-O99)
O69.202,分娩伴脐带过长,136,FWBQDGC,第15章 妊娠、分娩和产褥期 (O00-O99)
O69.203,分娩伴脐带绕肩,136,FWBQDRJ,第15章 妊娠、分娩和产褥期 (O00-O99)
O69.204,脐带绕身,136,QDRS,第15章 妊娠、分娩和产褥期 (O00-O99)
O69.205,脐带绕腿,136,QDRT,第15章 妊娠、分娩和产褥期 (O00-O99)
O69.301,分娩伴脐带过短,136,FWBQDGD,第15章 妊娠、分娩和产褥期 (O00-O99)
O69.501,分娩伴脐带血肿,136,FWBQDXZ,第15章 妊娠、分娩和产褥期 (O00-O99)
O69.502,脐带血管破裂,136,QDXGPL,第15章 妊娠、分娩和产褥期 (O00-O99)
O69.801,脐带假结,136,QDJJ,第15章 妊娠、分娩和产褥期 (O00-O99)
O70.001,分娩伴会阴裂伤Ⅰ度,142,FWBHYLSYD,第15章 妊娠、分娩和产褥期 (O00-O99)
O70.101,分娩伴会阴裂伤Ⅱ度,142,FWBHYLSED,第15章 妊娠、分娩和产褥期 (O00-O99)
O70.201,分娩伴会阴裂伤Ⅲ度,142,FWBHYLSSD,第15章 妊娠、分娩和产褥期 (O00-O99)
O70.901,分娩伴会阴裂伤,142,FWBHYLS,第15章 妊娠、分娩和产褥期 (O00-O99)
O71.001,分娩前子宫破裂,136,FWQZGPL,第15章 妊娠、分娩和产褥期 (O00-O99)
O71.002,先兆子宫破裂,136,XZZGPL,第15章 妊娠、分娩和产褥期 (O00-O99)
O71.101,分娩中子宫破裂,136,FWZZGPL,第15章 妊娠、分娩和产褥期 (O00-O99)
O71.102,产科损伤性子宫穿孔,136,CKSSXZGCK,第15章 妊娠、分娩和产褥期 (O00-O99)
O71.201,产后子宫内翻,136,CHZGNF,第15章 妊娠、分娩和产褥期 (O00-O99)
O71.301,产伤性子宫颈裂伤,136,CSXZGJLS,第15章 妊娠、分娩和产褥期 (O00-O99)
O71.401,产伤性阴道裂伤,136,CSXYDLS,第15章 妊娠、分娩和产褥期 (O00-O99)
O71.501,产伤性泌尿道裂伤,136,CSXMNDLS,第15章 妊娠、分娩和产褥期 (O00-O99)
O71.601,产伤性耻骨联合分离,136,CSXCGLHFL,第15章 妊娠、分娩和产褥期 (O00-O99)
O71.701,产伤性会阴血肿,136,CSXHYXZ,第15章 妊娠、分娩和产褥期 (O00-O99)
O71.702,产伤性外阴血肿,136,CSXWYXZ,第15章 妊娠、分娩和产褥期 (O00-O99)
O71.703,产伤性阴道血肿,136,CSXYDXZ,第15章 妊娠、分娩和产褥期 (O00-O99)
O71.801,腹直肌分离并发妊娠,136,FZJFLBFRS,第15章 妊娠、分娩和产褥期 (O00-O99)
O72.001,胎盘粘连伴出血,143,TPNLBCX,第15章 妊娠、分娩和产褥期 (O00-O99)
O72.002,胎盘植入伴出血,143,TPZRBCX,第15章 妊娠、分娩和产褥期 (O00-O99)
O72.003,胎盘滞留伴出血,143,TPZLBCX,第15章 妊娠、分娩和产褥期 (O00-O99)
O72.004,胎膜滞留伴出血,143,TMZLBCX,第15章 妊娠、分娩和产褥期 (O00-O99)
O72.101,产后即时出血,143,CHJSCX,第15章 妊娠、分娩和产褥期 (O00-O99)
O72.201,迟延性产后出血,143,CYXCHCX,第15章 妊娠、分娩和产褥期 (O00-O99)
O72.202,宫腔内组织残留,143,GQNZZCL,第15章 妊娠、分娩和产褥期 (O00-O99)
O72.301,产后播散性血管内凝血,143,CHBSXXGNNX,第15章 妊娠、分娩和产褥期 (O00-O99)
O73.001,胎盘粘连不伴出血,136,TPNLBBCX,第15章 妊娠、分娩和产褥期 (O00-O99)
O73.002,胎盘滞留不伴出血,136,TPZLBBCX,第15章 妊娠、分娩和产褥期 (O00-O99)
O73.003,胎盘植入不伴出血,136,TPZRBBCX,第15章 妊娠、分娩和产褥期 (O00-O99)
O73.101,胎膜滞留不伴出血,136,TMZLBBCX,第15章 妊娠、分娩和产褥期 (O00-O99)
O73.102,胎盘部分滞留不伴出血,136,TPBFZLBBCX,第15章 妊娠、分娩和产褥期 (O00-O99)
O75.101,产科休克,136,CKXK,第15章 妊娠、分娩和产褥期 (O00-O99)
O75.201,产间发热,136,CJFR,第15章 妊娠、分娩和产褥期 (O00-O99)
O75.401,分娩伴心力衰竭,136,FWBXLSJ,第15章 妊娠、分娩和产褥期 (O00-O99)
O75.801,产间尿潴留,136,CJNZL,第15章 妊娠、分娩和产褥期 (O00-O99)
O75.802,产间血尿,136,CJXN,第15章 妊娠、分娩和产褥期 (O00-O99)
O80.001,头位顺产,144,TWSC,第15章 妊娠、分娩和产褥期 (O00-O99)
O80.101,臀位顺产,144,TWSC,第15章 妊娠、分娩和产褥期 (O00-O99)
O80.901,正常分娩,144,ZCFW,第15章 妊娠、分娩和产褥期 (O00-O99)
O81.401,无指征吸引器分娩,136,WZZXYQFW,第15章 妊娠、分娩和产褥期 (O00-O99)
O82.901,无指征剖腹产分娩,136,WZZPFCFW,第15章 妊娠、分娩和产褥期 (O00-O99)
O83.101,臀位分娩,136,TWFW,第15章 妊娠、分娩和产褥期 (O00-O99)
O85  01,产褥期败血症,136,CRQBXZ,第15章 妊娠、分娩和产褥期 (O00-O99)
O85  02,产褥期腹膜炎,136,CRQFMY,第15章 妊娠、分娩和产褥期 (O00-O99)
O85  03,产褥期子宫内膜炎,136,CRQZGNMY,第15章 妊娠、分娩和产褥期 (O00-O99)
O86.001,产科术后感染,136,CKSHGR,第15章 妊娠、分娩和产褥期 (O00-O99)
O86.002,产科术后会阴伤口感染,136,CKSHHYSKGR,第15章 妊娠、分娩和产褥期 (O00-O99)
O86.003,剖腹产后伤口感染,136,PFCHSKGR,第15章 妊娠、分娩和产褥期 (O00-O99)
O86.101,产褥期输卵管卵巢炎,136,CRQSLGLCY,第15章 妊娠、分娩和产褥期 (O00-O99)
O86.201,产褥期泌尿系感染,136,CRQMNXGR,第15章 妊娠、分娩和产褥期 (O00-O99)
O86.401,产褥期感染,136,CRQGR,第15章 妊娠、分娩和产褥期 (O00-O99)
O86.402,产褥期感染性发热,136,CRQGRXFR,第15章 妊娠、分娩和产褥期 (O00-O99)
O86.403,产褥期发热,136,CRQFR,第15章 妊娠、分娩和产褥期 (O00-O99)
O86.801,剖腹产后腹内感染,136,PFCHFNGR,第15章 妊娠、分娩和产褥期 (O00-O99)
O87.001,产褥期血栓性静脉炎,136,CRQXSXJMY,第15章 妊娠、分娩和产褥期 (O00-O99)
O87.801,产褥期外阴静脉曲张,136,CRQWYJMQZ,第15章 妊娠、分娩和产褥期 (O00-O99)
O87.802,产褥期下肢静脉曲张,136,CRQXZJMQZ,第15章 妊娠、分娩和产褥期 (O00-O99)
O88.001,产科空气栓塞,136,CKKQSS,第15章 妊娠、分娩和产褥期 (O00-O99)
O88.101,产科羊水栓塞,136,CKYSSS,第15章 妊娠、分娩和产褥期 (O00-O99)
O88.201,产科血块栓塞,136,CKXKSS,第15章 妊娠、分娩和产褥期 (O00-O99)
O90.001,剖腹产后伤口出血,136,PFCHSKCX,第15章 妊娠、分娩和产褥期 (O00-O99)
O90.002,剖腹产后伤口裂开,136,PFCHSKLK,第15章 妊娠、分娩和产褥期 (O00-O99)
O90.101,产科术后会阴出血,136,CKSHHYCX,第15章 妊娠、分娩和产褥期 (O00-O99)
O90.102,会阴侧切伤口裂开,136,HYCQSKLK,第15章 妊娠、分娩和产褥期 (O00-O99)
O90.201,产科术后会阴血肿,136,CKSHHYXZ,第15章 妊娠、分娩和产褥期 (O00-O99)
O90.301,产后心肌病,136,CHXJB,第15章 妊娠、分娩和产褥期 (O00-O99)
O90.401,临产及分娩后的急性肾衰竭,136,LCJFWHDJXSSJ,第15章 妊娠、分娩和产褥期 (O00-O99)
O90.801,产后子宫复旧不全,136,CHZGFJBQ,第15章 妊娠、分娩和产褥期 (O00-O99)
O90.802,产科术后伤口出血,136,CKSHSKCX,第15章 妊娠、分娩和产褥期 (O00-O99)
O91.001,产褥期乳头感染,136,CRQRTGR,第15章 妊娠、分娩和产褥期 (O00-O99)
O91.101,产褥期化脓性乳腺炎,136,CRQHNXRXY,第15章 妊娠、分娩和产褥期 (O00-O99)
O91.102,产褥期乳腺脓肿,136,CRQRXNZ,第15章 妊娠、分娩和产褥期 (O00-O99)
O91.201,产褥期乳腺炎,136,CRQRXY,第15章 妊娠、分娩和产褥期 (O00-O99)
O92.101,产褥期乳头皲裂,136,CRQRTJL,第15章 妊娠、分娩和产褥期 (O00-O99)
O92.601,产后溢乳,136,CHYR,第15章 妊娠、分娩和产褥期 (O00-O99)
O98.001,妊娠合并结核病,136,RSHBJHB,第15章 妊娠、分娩和产褥期 (O00-O99)
O98.201,妊娠合并淋病,136,RSHBLB,第15章 妊娠、分娩和产褥期 (O00-O99)
O98.301,妊娠合并尖锐湿疣,136,RSHBJRSY,第15章 妊娠、分娩和产褥期 (O00-O99)
O98.801,妊娠合并败血症,136,RSHBBXZ,第15章 妊娠、分娩和产褥期 (O00-O99)
O98.802,妊娠合并霉菌性阴道炎,136,RSHBMJXYDY,第15章 妊娠、分娩和产褥期 (O00-O99)
O98.803,妊娠合并滴虫性阴道炎,136,RSHBDCXYDY,第15章 妊娠、分娩和产褥期 (O00-O99)
O98.804,妊娠并脊髓灰质炎后遗症,136,RSBJSHZYHYZ,第15章 妊娠、分娩和产褥期 (O00-O99)
O99.001,妊娠合并贫血,136,RSHBPX,第15章 妊娠、分娩和产褥期 (O00-O99)
O99.101,妊娠合并血小板减少,136,RSHBXXBJS,第15章 妊娠、分娩和产褥期 (O00-O99)
O99.102,妊娠合并血小板减少性紫癜,136,RSHBXXBJSXZD,第15章 妊娠、分娩和产褥期 (O00-O99)
O99.103,妊娠合并家族性红细胞增多症,136,RSHBJZXHXBZDZ,第15章 妊娠、分娩和产褥期 (O00-O99)
O99.201,妊娠伴有甲状腺机能障碍,136,RSBYJZXJNZA,第15章 妊娠、分娩和产褥期 (O00-O99)
O99.202,妊娠伴多囊卵巢,136,RSBDNLC,第15章 妊娠、分娩和产褥期 (O00-O99)
O99.203,妊娠合并垂体侏儒,136,RSHBCTZR,第15章 妊娠、分娩和产褥期 (O00-O99)
O99.204,妊娠合并肝豆状核变性,136,RSHBGDZHBX,第15章 妊娠、分娩和产褥期 (O00-O99)
O99.205,妊娠合并低蛋白血症,136,RSHBDDBXZ,第15章 妊娠、分娩和产褥期 (O00-O99)
O99.301,妊娠合并精神障碍,136,RSHBJSZA,第15章 妊娠、分娩和产褥期 (O00-O99)
O99.302,妊娠合并重症肌无力,136,RSHBZZJWL,第15章 妊娠、分娩和产褥期 (O00-O99)
O99.303,妊娠合并癫痫,136,RSHBDX,第15章 妊娠、分娩和产褥期 (O00-O99)
O99.304,妊娠合并截瘫,136,RSHBJT,第15章 妊娠、分娩和产褥期 (O00-O99)
O99.305,妊娠合并多发性颅神经疾患,136,RSHBDFXLSJJH,第15章 妊娠、分娩和产褥期 (O00-O99)
O99.401,产褥期脑血管病,136,CRQNXGB,第15章 妊娠、分娩和产褥期 (O00-O99)
O99.402,妊娠合并心血管病,136,RSHBXXGB,第15章 妊娠、分娩和产褥期 (O00-O99)
O99.403,妊娠合并心脏病,136,RSHBXZB,第15章 妊娠、分娩和产褥期 (O00-O99)
O99.404,妊娠合并原发性肺动脉高压,136,RSHBYFXFDMGY,第15章 妊娠、分娩和产褥期 (O00-O99)
O99.405,妊娠合并冠状动脉供血不足,136,RSHBGZDMGXBZ,第15章 妊娠、分娩和产褥期 (O00-O99)
O99.406,妊娠合并心肌病,136,RSHBXJB,第15章 妊娠、分娩和产褥期 (O00-O99)
O99.407,妊娠并发心律失常,136,RSBFXLSC,第15章 妊娠、分娩和产褥期 (O00-O99)
O99.408,妊娠合并心力衰竭,136,RSHBXLSJ,第15章 妊娠、分娩和产褥期 (O00-O99)
O99.409,妊娠合并风湿性心脏病,136,RSHBFSXXZB,第15章 妊娠、分娩和产褥期 (O00-O99)
O99.410,妊娠合并大动脉炎,136,RSHBDDMY,第15章 妊娠、分娩和产褥期 (O00-O99)
O99.501,妊娠合并过敏性哮喘,136,RSHBGMXXC,第15章 妊娠、分娩和产褥期 (O00-O99)
O99.502,妊娠合并胸水,136,RSHBXS,第15章 妊娠、分娩和产褥期 (O00-O99)
O99.601,妊娠合并阑尾炎,136,RSHBLWY,第15章 妊娠、分娩和产褥期 (O00-O99)
O99.602,妊娠合并腹股沟疝,136,RSHBFGGS,第15章 妊娠、分娩和产褥期 (O00-O99)
O99.603,妊娠合并胆囊结石,136,RSHBDNJS,第15章 妊娠、分娩和产褥期 (O00-O99)
O99.604,妊娠合并胰腺炎,136,RSHBYXY,第15章 妊娠、分娩和产褥期 (O00-O99)
O99.701,妊娠合并银屑病,136,RSHBYXB,第15章 妊娠、分娩和产褥期 (O00-O99)
O99.702,妊娠合并结节性红斑,136,RSHBJJXHB,第15章 妊娠、分娩和产褥期 (O00-O99)
O99.801,妊娠合并风湿性关节炎,136,RSHBFSXGJY,第15章 妊娠、分娩和产褥期 (O00-O99)
O99.802,妊娠合并肾炎,136,RSHBSY,第15章 妊娠、分娩和产褥期 (O00-O99)
O99.803,妊娠合并先天性心脏病,136,RSHBXTXXZB,第15章 妊娠、分娩和产褥期 (O00-O99)
O99.804,妊娠伴脑血管畸形,136,RSBNXGJX,第15章 妊娠、分娩和产褥期 (O00-O99)
O99.805,妊娠合并糖耐量异常,136,RSHBTNLYC,第15章 妊娠、分娩和产褥期 (O00-O99)
O99.806,妊娠合并白血病,136,RSHBBXB,第15章 妊娠、分娩和产褥期 (O00-O99)
O99.807,妊娠合并子宫内膜异位,136,RSHBZGNMYW,第15章 妊娠、分娩和产褥期 (O00-O99)
O99.808,妊娠合并尿道畸形,136,RSHBNDJX,第15章 妊娠、分娩和产褥期 (O00-O99)
O99.809,早期妊娠合并绒癌,136,ZQRSHBRA,第15章 妊娠、分娩和产褥期 (O00-O99)
O99.810,妊娠合并系统性红斑狼疮,136,RSHBXTXHBLC,第15章 妊娠、分娩和产褥期 (O00-O99)
O99.811,妊娠合并垂体瘤,136,RSHBCTL,第15章 妊娠、分娩和产褥期 (O00-O99)
O99.812,妊娠合并肾小管酸中毒,136,RSHBSXGSZD,第15章 妊娠、分娩和产褥期 (O00-O99)
O99.813,妊娠合并恶性肿瘤,136,RSHBEXZL,第15章 妊娠、分娩和产褥期 (O00-O99)
O99.814,妊娠合并硬皮病,136,RSHBYPB,第15章 妊娠、分娩和产褥期 (O00-O99)
O99.815,妊娠合并血尿,136,RSHBXN,第15章 妊娠、分娩和产褥期 (O00-O99)
O99.816,妊娠合并干燥综合征,136,RSHBGZZHZ,第15章 妊娠、分娩和产褥期 (O00-O99)
O99.817,妊娠合并急性肾功能不全,136,RSHBJXSGNBQ,第15章 妊娠、分娩和产褥期 (O00-O99)
O99.818,妊娠合并多发性硬化,136,RSHBDFXYH,第15章 妊娠、分娩和产褥期 (O00-O99)
O99.819,妊娠合并染色体异常,136,RSHBRSTYC,第15章 妊娠、分娩和产褥期 (O00-O99)
P01.501,三胎儿,145,STE,第16章 起源于围生期的某些情况 (P00-P96)
P01.502,双胎儿,145,STE,第16章 起源于围生期的某些情况 (P00-P96)
P02.301,新生儿胎盘输血综合征,145,XSETPSXZHZ,第16章 起源于围生期的某些情况 (P00-P96)
P02.501,新生儿脐带绕颈,145,XSEQDRJ,第16章 起源于围生期的某些情况 (P00-P96)
P03.501,急产婴儿,145,JCYE,第16章 起源于围生期的某些情况 (P00-P96)
P05.101,小于胎龄儿,145,XYTLE,第16章 起源于围生期的某些情况 (P00-P96)
P05.102,小样儿(婴儿),145,XYEYE,第16章 起源于围生期的某些情况 (P00-P96)
P05.103,低体重儿(婴儿),145,DTZEYE,第16章 起源于围生期的某些情况 (P00-P96)
P05.201,胎儿营养不良,145,TEYYBL,第16章 起源于围生期的某些情况 (P00-P96)
P05.901,胎儿宫内生长迟缓,145,TEGNSZCH,第16章 起源于围生期的某些情况 (P00-P96)
P05.902,胎儿子宫内生长迟缓,145,TEZGNSZCH,第16章 起源于围生期的某些情况 (P00-P96)
P07.001,极低体重儿,145,JDTZE,第16章 起源于围生期的某些情况 (P00-P96)
P07.301,未成熟儿,145,WCSE,第16章 起源于围生期的某些情况 (P00-P96)
P07.302,早产儿,145,ZCE,第16章 起源于围生期的某些情况 (P00-P96)
P07.303,高危儿,146,GWE,第16章 起源于围生期的某些情况 (P00-P96)
P08.001,特大婴儿,145,TDYE,第16章 起源于围生期的某些情况 (P00-P96)
P08.101,大于胎龄儿,145,DYTLE,第16章 起源于围生期的某些情况 (P00-P96)
P08.201,过熟儿,145,GSE,第16章 起源于围生期的某些情况 (P00-P96)
P08.202,过期产儿,145,GQCE,第16章 起源于围生期的某些情况 (P00-P96)
P10.101,产伤致新生儿脑出血,146,CSZXSENCX,第16章 起源于围生期的某些情况 (P00-P96)
P10.901,产伤致新生儿颅内出血,146,CSZXSELNCX,第16章 起源于围生期的某些情况 (P00-P96)
P11.301,新生儿面神经损伤,146,XSEMSJSS,第16章 起源于围生期的某些情况 (P00-P96)
P12.001,产伤致新生儿头皮血肿,146,CSZXSETPXZ,第16章 起源于围生期的某些情况 (P00-P96)
P12.801,先锋头,146,XFT,第16章 起源于围生期的某些情况 (P00-P96)
P12.901,产伤致新生儿头皮损伤,146,CSZXSETPSS,第16章 起源于围生期的某些情况 (P00-P96)
P12.902,新生儿挤压伤,146,XSEJYS,第16章 起源于围生期的某些情况 (P00-P96)
P13.001,产伤致新生儿颅骨骨折,146,CSZXSELGGZ,第16章 起源于围生期的某些情况 (P00-P96)
P13.401,产伤致新生儿锁骨骨折,146,CSZXSESGGZ,第16章 起源于围生期的某些情况 (P00-P96)
P14.301,新生儿臂丛神经损伤,146,XSEBCSJSS,第16章 起源于围生期的某些情况 (P00-P96)
P15.201,产伤致新生儿斜颈,146,CSZXSEXJ,第16章 起源于围生期的某些情况 (P00-P96)
P15.801,皮肤产伤,146,PFCS,第16章 起源于围生期的某些情况 (P00-P96)
P15.802,新生儿咽部损伤,146,XSEYBSS,第16章 起源于围生期的某些情况 (P00-P96)
P15.901,产伤,146,CS,第16章 起源于围生期的某些情况 (P00-P96)
P15.902,产瘫后遗症,146,CTHYZ,第16章 起源于围生期的某些情况 (P00-P96)
P20.901,胎儿宫内缺氧,145,TEGNQY,第16章 起源于围生期的某些情况 (P00-P96)
P20.902,新生儿酸中毒,145,XSESZD,第16章 起源于围生期的某些情况 (P00-P96)
P21.001,新生儿重度窒息,147,XSEZDZX,第16章 起源于围生期的某些情况 (P00-P96)
P21.101,新生儿轻度窒息,147,XSEQDZX,第16章 起源于围生期的某些情况 (P00-P96)
P21.901,新生儿窒息,147,XSEZX,第16章 起源于围生期的某些情况 (P00-P96)
P21.902,新生儿缺血缺氧性脑病,147,XSEQXQYXNB,第16章 起源于围生期的某些情况 (P00-P96)
P21.903,新生儿低氧血症,147,XSEDYXZ,第16章 起源于围生期的某些情况 (P00-P96)
P22.001,新生儿肺透明膜病,145,XSEFTMMB,第16章 起源于围生期的某些情况 (P00-P96)
P22.002,新生儿呼吸窘迫综合征,145,XSEHXJPZHZ,第16章 起源于围生期的某些情况 (P00-P96)
P22.101,新生儿短暂性呼吸过速,145,XSEDZXHXGS,第16章 起源于围生期的某些情况 (P00-P96)
P22.102,新生儿湿肺,145,XSESF,第16章 起源于围生期的某些情况 (P00-P96)
P22.103,新生儿肺水肿,145,XSEFSZ,第16章 起源于围生期的某些情况 (P00-P96)
P23.901,新生儿肺炎,145,XSEFY,第16章 起源于围生期的某些情况 (P00-P96)
P24.001,新生儿胎粪吸入综合征,148,XSETFXRZHZ,第16章 起源于围生期的某些情况 (P00-P96)
P24.101,新生儿羊水吸入,148,XSEYSXR,第16章 起源于围生期的某些情况 (P00-P96)
P24.901,新生儿吸入性肺炎,148,XSEXRXFY,第16章 起源于围生期的某些情况 (P00-P96)
P24.902,新生儿吸入综合征,148,XSEXRZHZ,第16章 起源于围生期的某些情况 (P00-P96)
P25.001,新生儿肺气肿,145,XSEFQZ,第16章 起源于围生期的某些情况 (P00-P96)
P25.101,新生儿气胸,145,XSEQX,第16章 起源于围生期的某些情况 (P00-P96)
P26.901,新生儿肺出血,145,XSEFCX,第16章 起源于围生期的某些情况 (P00-P96)
P28.101,新生儿肺不张,145,XSEFBZ,第16章 起源于围生期的某些情况 (P00-P96)
P28.102,先天性肺大泡,145,XTXFDP,第16章 起源于围生期的某些情况 (P00-P96)
P28.201,新生儿青紫,145,XSEQZ,第16章 起源于围生期的某些情况 (P00-P96)
P28.401,新生儿呼吸暂停,145,XSEHXZT,第16章 起源于围生期的某些情况 (P00-P96)
P28.501,新生儿呼吸衰竭,145,XSEHXSJ,第16章 起源于围生期的某些情况 (P00-P96)
P29.001,新生儿心力衰竭,145,XSEXLSJ,第16章 起源于围生期的某些情况 (P00-P96)
P29.301,持续性胎儿循环,145,CXXTEXH,第16章 起源于围生期的某些情况 (P00-P96)
P29.801,新生儿循环衰竭,145,XSEXHSJ,第16章 起源于围生期的某些情况 (P00-P96)
P29.802,新生儿心肌受损,145,XSEXJSS,第16章 起源于围生期的某些情况 (P00-P96)
P35.101,先天性巨细胞病毒感染,149,XTXJXBBDGR,第16章 起源于围生期的某些情况 (P00-P96)
P36.901,新生儿败血症,149,XSEBXZ,第16章 起源于围生期的某些情况 (P00-P96)
P37.501,新生儿鹅口疮,149,XSEEKC,第16章 起源于围生期的某些情况 (P00-P96)
P37.502,新生儿皮肤霉菌感染,149,XSEPFMJGR,第16章 起源于围生期的某些情况 (P00-P96)
P38  01,新生儿脐炎,149,XSEQY,第16章 起源于围生期的某些情况 (P00-P96)
P39.001,新生儿感染性乳腺炎,149,XSEGRXRXY,第16章 起源于围生期的某些情况 (P00-P96)
P39.101,新生儿结膜炎,149,XSEJMY,第16章 起源于围生期的某些情况 (P00-P96)
P39.102,新生儿泪囊炎,149,XSELNY,第16章 起源于围生期的某些情况 (P00-P96)
P39.301,新生儿泌尿系感染,149,XSEMNXGR,第16章 起源于围生期的某些情况 (P00-P96)
P39.401,新生儿臀炎,149,XSETY,第16章 起源于围生期的某些情况 (P00-P96)
P39.402,新生儿皮肤过敏,149,XSEPFGM,第16章 起源于围生期的某些情况 (P00-P96)
P39.901,先天性感染,149,XTXGR,第16章 起源于围生期的某些情况 (P00-P96)
P50.901,胎儿失血,145,TESX,第16章 起源于围生期的某些情况 (P00-P96)
P51.901,新生儿脐部出血,145,XSEQBCX,第16章 起源于围生期的某些情况 (P00-P96)
P52.101,脐带破裂出血,145,QDPLCX,第16章 起源于围生期的某些情况 (P00-P96)
P52.301,胎儿脑室内出血,145,TENSNCX,第16章 起源于围生期的某些情况 (P00-P96)
P53  01,新生儿出血病,145,XSECXB,第16章 起源于围生期的某些情况 (P00-P96)
P53  02,新生儿维生素K缺乏,145,XSEWSSQF,第16章 起源于围生期的某些情况 (P00-P96)
P54.301,新生儿胃肠道出血,145,XSEWCDCX,第16章 起源于围生期的某些情况 (P00-P96)
P54.501,新生儿皮肤出血,145,XSEPFCX,第16章 起源于围生期的某些情况 (P00-P96)
P54.801,新生儿自然出血,145,XSEZRCX,第16章 起源于围生期的某些情况 (P00-P96)
P54.901,新生儿出血,145,XSECX,第16章 起源于围生期的某些情况 (P00-P96)
P55.101,新生儿ABO溶血症,150,XSERXZ,第16章 起源于围生期的某些情况 (P00-P96)
P55.102,新生儿ABO溶血性黄疸,150,XSERXXHD,第16章 起源于围生期的某些情况 (P00-P96)
P55.103,新生儿ABO溶血性贫血,150,XSERXXPX,第16章 起源于围生期的某些情况 (P00-P96)
P55.104,新生儿RH溶血性黄疸,150,XSERXXHD,第16章 起源于围生期的某些情况 (P00-P96)
P55.901,新生儿溶血症,150,XSERXZ,第16章 起源于围生期的某些情况 (P00-P96)
P57.901,新生儿核黄疸,145,XSEHHD,第16章 起源于围生期的某些情况 (P00-P96)
P58.201,新生儿感染性黄疸,146,XSEGRXHD,第16章 起源于围生期的某些情况 (P00-P96)
P59.201,新生儿肝炎,145,XSEGY,第16章 起源于围生期的某些情况 (P00-P96)
P59.202,乳儿肝炎综合征(新生儿),145,REGYZHZXSE,第16章 起源于围生期的某些情况 (P00-P96)
P59.301,新生儿母乳性黄疸,145,XSEMRXHD,第16章 起源于围生期的某些情况 (P00-P96)
P59.801,新生儿病理性黄疸,145,XSEBLXHD,第16章 起源于围生期的某些情况 (P00-P96)
P59.901,新生儿高胆红素血症,145,XSEGDHSXZ,第16章 起源于围生期的某些情况 (P00-P96)
P59.902,新生儿黄疸,145,XSEHD,第16章 起源于围生期的某些情况 (P00-P96)
P60  01,新生儿播散性血管内凝血,145,XSEBSXXGNNX,第16章 起源于围生期的某些情况 (P00-P96)
P61.001,新生儿血小板减少,145,XSEXXBJS,第16章 起源于围生期的某些情况 (P00-P96)
P61.101,新生儿红细胞增多症,145,XSEHXBZDZ,第16章 起源于围生期的某些情况 (P00-P96)
P61.102,新生儿多血症,145,XSEDXZ,第16章 起源于围生期的某些情况 (P00-P96)
P61.201,早产儿贫血,145,ZCEPX,第16章 起源于围生期的某些情况 (P00-P96)
P61.301,新生儿失血性贫血,145,XSESXXPX,第16章 起源于围生期的某些情况 (P00-P96)
P61.401,新生儿贫血,145,XSEPX,第16章 起源于围生期的某些情况 (P00-P96)
P61.501,新生儿短暂性中性白细胞减少病,145,XSEDZXZXBXBJSB,第16章 起源于围生期的某些情况 (P00-P96)
P70.101,糖尿病母亲的婴儿综合征,145,TNBMQDYEZHZ,第16章 起源于围生期的某些情况 (P00-P96)
P70.401,新生儿低血糖症,145,XSEDXTZ,第16章 起源于围生期的某些情况 (P00-P96)
P71.101,新生儿低血钙症,145,XSEDXGZ,第16章 起源于围生期的某些情况 (P00-P96)
P71.301,新生儿手足搐搦(症),145,XSESZCNZ,第16章 起源于围生期的某些情况 (P00-P96)
P71.401,新生儿甲状旁腺机能减退,145,XSEJZPXJNJT,第16章 起源于围生期的某些情况 (P00-P96)
P72.101,新生儿甲状腺毒症,145,XSEJZXDZ,第16章 起源于围生期的某些情况 (P00-P96)
P74.001,新生儿晚期代谢性酸中毒,145,XSEWQDXXSZD,第16章 起源于围生期的某些情况 (P00-P96)
P74.002,新生儿短暂性代谢性酸中毒,145,XSEDZXDXXSZD,第16章 起源于围生期的某些情况 (P00-P96)
P74.101,新生儿脱水,145,XSETS,第16章 起源于围生期的某些情况 (P00-P96)
P74.801,新生儿尿酸盐结晶,145,XSENSYJJ,第16章 起源于围生期的某些情况 (P00-P96)
P76.001,胎粪梗阻,145,TFGZ,第16章 起源于围生期的某些情况 (P00-P96)
P76.101,新生儿短暂性肠梗阻,145,XSEDZXCGZ,第16章 起源于围生期的某些情况 (P00-P96)
P76.801,新生儿肠麻痹,145,XSECMB,第16章 起源于围生期的某些情况 (P00-P96)
P77  01,新生儿坏死性小肠结肠炎,145,XSEHSXXCJCY,第16章 起源于围生期的某些情况 (P00-P96)
P77  02,新生儿坏死性结肠炎,145,XSEHSXJCY,第16章 起源于围生期的某些情况 (P00-P96)
P78.001,胎粪性腹膜炎,145,TFXFMY,第16章 起源于围生期的某些情况 (P00-P96)
P78.002,新生儿肠穿孔,145,XSECCK,第16章 起源于围生期的某些情况 (P00-P96)
P78.201,新生儿吞咽综合征,145,XSETYZHZ,第16章 起源于围生期的某些情况 (P00-P96)
P78.301,新生儿腹泻,145,XSEFX,第16章 起源于围生期的某些情况 (P00-P96)
P78.302,新生儿肠炎,145,XSECY,第16章 起源于围生期的某些情况 (P00-P96)
P78.303,新生儿生理性腹泻,145,XSESLXFX,第16章 起源于围生期的某些情况 (P00-P96)
P78.304,新生儿消化不良,145,XSEXHBL,第16章 起源于围生期的某些情况 (P00-P96)
P80.001,新生儿冷损伤综合征,145,XSELSSZHZ,第16章 起源于围生期的某些情况 (P00-P96)
P81.901,新生儿脱水热,145,XSETSR,第16章 起源于围生期的某些情况 (P00-P96)
P83.001,新生儿硬化病,145,XSEYHB,第16章 起源于围生期的某些情况 (P00-P96)
P83.101,新生儿中毒性红斑,145,XSEZDXHB,第16章 起源于围生期的某些情况 (P00-P96)
P83.301,新生儿水肿,145,XSESZ,第16章 起源于围生期的某些情况 (P00-P96)
P83.302,新生儿足水肿,145,XSEZSZ,第16章 起源于围生期的某些情况 (P00-P96)
P83.401,新生儿乳腺炎,145,XSERXY,第16章 起源于围生期的某些情况 (P00-P96)
P83.402,新生儿非感染性乳腺炎,145,XSEFGRXRXY,第16章 起源于围生期的某些情况 (P00-P96)
P83.501,婴儿鞘膜积液,145,YEQMJY,第16章 起源于围生期的某些情况 (P00-P96)
P83.801,新生儿荨麻疹,145,XSEQMZ,第16章 起源于围生期的某些情况 (P00-P96)
P83.802,新生儿皮下脂肪坏疽,145,XSEPXZFHJ,第16章 起源于围生期的某些情况 (P00-P96)
P83.803,新生儿红斑,145,XSEHB,第16章 起源于围生期的某些情况 (P00-P96)
P83.804,新生儿红斑狼疮,145,XSEHBLC,第16章 起源于围生期的某些情况 (P00-P96)
P90  01,新生儿惊厥,145,XSEJJ,第16章 起源于围生期的某些情况 (P00-P96)
P92.001,新生儿呕吐,145,XSEOT,第16章 起源于围生期的某些情况 (P00-P96)
P92.002,新生儿贲门松驰,145,XSEBMSC,第16章 起源于围生期的某些情况 (P00-P96)
P92.101,新生儿喂养物回流,145,XSEWYWHL,第16章 起源于围生期的某些情况 (P00-P96)
P94.001,新生儿重症肌无力,145,XSEZZJWL,第16章 起源于围生期的某些情况 (P00-P96)
P96.801,新生儿死亡,145,XSESW,第16章 起源于围生期的某些情况 (P00-P96)
P96.802,新生儿休克,145,XSEXK,第16章 起源于围生期的某些情况 (P00-P96)
P96.901,新生儿听力受损,145,XSETLSS,第16章 起源于围生期的某些情况 (P00-P96)
Q01.101,鼻脑膜膨出,154,BNMPC,第17章 先天性畸形、变形和染色体异常 (Q00-Q99)
Q01.102,鼻部脑膜脑膨出,154,BBNMNPC,第17章 先天性畸形、变形和染色体异常 (Q00-Q99)
Q01.801,先天性小脑扁桃体疝,154,XTXXNBTTS,第17章 先天性畸形、变形和染色体异常 (Q00-Q99)
Q01.901,脑膜脑膨出,154,NMNPC,第17章 先天性畸形、变形和染色体异常 (Q00-Q99)
Q01.902,先天性脑疝,154,XTXNS,第17章 先天性畸形、变形和染色体异常 (Q00-Q99)
Q02  01,小头畸形,154,XTJX,第17章 先天性畸形、变形和染色体异常 (Q00-Q99)
Q03.101,Dandy-Walker氏畸形,154,SJX,第17章 先天性畸形、变形和染色体异常 (Q00-Q99)
Q03.901,先天性脑积水,154,XTXNJS,第17章 先天性畸形、变形和染色体异常 (Q00-Q99)
Q03.902,先天性头颅畸形伴脑积水,154,XTXTLJXBNJS,第17章 先天性畸形、变形和染色体异常 (Q00-Q99)
Q04.001,胼胝体发育不良,154,PZTFYBL,第17章 先天性畸形、变形和染色体异常 (Q00-Q99)
Q04.301,脑发育不全,154,NFYBQ,第17章 先天性畸形、变形和染色体异常 (Q00-Q99)
Q04.302,脑细胞发育不全,154,NXBFYBQ,第17章 先天性畸形、变形和染色体异常 (Q00-Q99)
Q04.303,先天性脑萎缩,154,XTXNWS,第17章 先天性畸形、变形和染色体异常 (Q00-Q99)
Q04.601,第三脑室囊肿,154,DSNSNZ,第17章 先天性畸形、变形和染色体异常 (Q00-Q99)
Q04.901,透明隔异常,154,TMGYC,第17章 先天性畸形、变形和染色体异常 (Q00-Q99)
Q04.902,先天性脑发育异常,154,XTXNFYYC,第17章 先天性畸形、变形和染色体异常 (Q00-Q99)
Q05.401,先天性脊髓膨出伴脑积水,153,XTXJSPCBNJS,第17章 先天性畸形、变形和染色体异常 (Q00-Q99)
Q05.402,积水性脑膨出,153,JSXNPC,第17章 先天性畸形、变形和染色体异常 (Q00-Q99)
Q05.801,骶椎椎板裂,153,DZZBL,第17章 先天性畸形、变形和染色体异常 (Q00-Q99)
Q05.901,脊柱裂,153,JZL,第17章 先天性畸形、变形和染色体异常 (Q00-Q99)
Q05.902,先天性脊膜脊髓膨出,153,XTXJMJSPC,第17章 先天性畸形、变形和染色体异常 (Q00-Q99)
Q05.903,先天性脊膜膨出,153,XTXJMPC,第17章 先天性畸形、变形和染色体异常 (Q00-Q99)
Q05.904,脑(脊)膜膨出,153,NJMPC,第17章 先天性畸形、变形和染色体异常 (Q00-Q99)
Q05.905,脊柱裂伴脊膜膨出,153,JZLBJMPC,第17章 先天性畸形、变形和染色体异常 (Q00-Q99)
Q06.201,脊髓纵裂,154,JSZL,第17章 先天性畸形、变形和染色体异常 (Q00-Q99)
Q06.202,先天性脊髓裂,154,XTXJSL,第17章 先天性畸形、变形和染色体异常 (Q00-Q99)
Q06.801,终丝牵拉综合征,154,ZSQLZHZ,第17章 先天性畸形、变形和染色体异常 (Q00-Q99)
Q07.001,阿诺德-希阿里氏综合征,154,ANDXALSZHZ,第17章 先天性畸形、变形和染色体异常 (Q00-Q99)
Q07.801,颌动瞬目综合征,154,HDSMZHZ,第17章 先天性畸形、变形和染色体异常 (Q00-Q99)
Q10.001,先天性上睑下垂,152,XTXSJXC,第17章 先天性畸形、变形和染色体异常 (Q00-Q99)
Q10.301,先天性睑缺损,152,XTXJQS,第17章 先天性畸形、变形和染色体异常 (Q00-Q99)
Q10.302,先天性内眦赘皮,152,XTXNZZP,第17章 先天性畸形、变形和染色体异常 (Q00-Q99)
Q10.303,小睑,152,XJ,第17章 先天性畸形、变形和染色体异常 (Q00-Q99)
Q10.304,无睑畸形,152,WJJX,第17章 先天性畸形、变形和染色体异常 (Q00-Q99)
Q10.305,先天性倒睫,152,XTXDJ,第17章 先天性畸形、变形和染色体异常 (Q00-Q99)
Q10.306,眼睑缺损,152,YJQS,第17章 先天性畸形、变形和染色体异常 (Q00-Q99)
Q10.401,先天性泪点缺失,152,XTXLDQS,第17章 先天性畸形、变形和染色体异常 (Q00-Q99)
Q10.501,先天性鼻泪管狭窄,152,XTXBLGXZ,第17章 先天性畸形、变形和染色体异常 (Q00-Q99)
Q10.601,先天性泪器畸形,152,XTXLQJX,第17章 先天性畸形、变形和染色体异常 (Q00-Q99)
Q11.201,小眼,152,XY,第17章 先天性畸形、变形和染色体异常 (Q00-Q99)
Q11.202,隐眼(畸形),152,YYJX,第17章 先天性畸形、变形和染色体异常 (Q00-Q99)
Q12.001,先天性白内障,152,XTXBNZ,第17章 先天性畸形、变形和染色体异常 (Q00-Q99)
Q12.002,绕核性(板层间性)白内障,152,RHXBCJXBNZ,第17章 先天性畸形、变形和染色体异常 (Q00-Q99)
Q12.101,先天性晶状体脱位,152,XTXJZTTW,第17章 先天性畸形、变形和染色体异常 (Q00-Q99)
Q13.001,先天性虹膜缺损,152,XTXHMQS,第17章 先天性畸形、变形和染色体异常 (Q00-Q99)
Q13.101,先天性无虹膜,152,XTXWHM,第17章 先天性畸形、变形和染色体异常 (Q00-Q99)
Q13.102+ H42.801*,无虹膜青光眼,152,WHMQGY,第17章 先天性畸形、变形和染色体异常 (Q00-Q99)
Q13.301,先天性角膜混浊,152,XTXJMHZ,第17章 先天性畸形、变形和染色体异常 (Q00-Q99)
Q13.401,扁平角膜,152,BPJM,第17章 先天性畸形、变形和染色体异常 (Q00-Q99)
Q13.402,小角膜,152,XJM,第17章 先天性畸形、变形和染色体异常 (Q00-Q99)
Q13.403,先天性大角膜,152,XTXDJM,第17章 先天性畸形、变形和染色体异常 (Q00-Q99)
Q13.511,蓝色巩膜,152,LSGM,第17章 先天性畸形、变形和染色体异常 (Q00-Q99)
Q13.801,先天性瞳孔膜残留,152,XTXTKMCL,第17章 先天性畸形、变形和染色体异常 (Q00-Q99)
Q14.101,Stardardt病,152,B,第17章 先天性畸形、变形和染色体异常 (Q00-Q99)
Q14.201,视神经乳头缺损,152,SSJRTQS,第17章 先天性畸形、变形和染色体异常 (Q00-Q99)
Q14.202,先天性视乳头小凹,152,XTXSRTXA,第17章 先天性畸形、变形和染色体异常 (Q00-Q99)
Q14.203,视神经乳头发育不全,152,SSJRTFYBQ,第17章 先天性畸形、变形和染色体异常 (Q00-Q99)
Q14.301,先天性脉络膜缺损,152,XTXMLMQS,第17章 先天性畸形、变形和染色体异常 (Q00-Q99)
Q14.801,牵牛花综合征,152,QNHZHZ,第17章 先天性畸形、变形和染色体异常 (Q00-Q99)
Q15.001,水眼,152,SY,第17章 先天性畸形、变形和染色体异常 (Q00-Q99)
Q15.002,先天性青光眼,152,XTXQGY,第17章 先天性畸形、变形和染色体异常 (Q00-Q99)
Q15.003,先天性球形角膜,152,XTXQXJM,第17章 先天性畸形、变形和染色体异常 (Q00-Q99)
Q15.901,先天性眼畸形,152,XTXYJX,第17章 先天性畸形、变形和染色体异常 (Q00-Q99)
Q16.001,耳廓畸形伴听力损害,152,EKJXBTLSH,第17章 先天性畸形、变形和染色体异常 (Q00-Q99)
Q16.101,先天性外耳道狭窄,152,XTXWEDXZ,第17章 先天性畸形、变形和染色体异常 (Q00-Q99)
Q16.102,先天性外耳道闭锁,152,XTXWEDBS,第17章 先天性畸形、变形和染色体异常 (Q00-Q99)
Q16.401,先天性中耳畸形,152,XTXZEJX,第17章 先天性畸形、变形和染色体异常 (Q00-Q99)
Q16.402,中耳缺失,152,ZEQS,第17章 先天性畸形、变形和染色体异常 (Q00-Q99)
Q16.901,先天性耳缺失,152,XTXEQS,第17章 先天性畸形、变形和染色体异常 (Q00-Q99)
Q17.001,多耳畸形,152,DEJX,第17章 先天性畸形、变形和染色体异常 (Q00-Q99)
Q17.201,先天性小耳,152,XTXXE,第17章 先天性畸形、变形和染色体异常 (Q00-Q99)
Q17.301,先天性耳廓畸形,152,XTXEKJX,第17章 先天性畸形、变形和染色体异常 (Q00-Q99)
Q17.501,招风耳,152,ZFE,第17章 先天性畸形、变形和染色体异常 (Q00-Q99)
Q17.801,先天性耳垂缺失,152,XTXECQS,第17章 先天性畸形、变形和染色体异常 (Q00-Q99)
Q17.802,咽鼓管异常开放症,152,YGGYCKFZ,第17章 先天性畸形、变形和染色体异常 (Q00-Q99)
Q17.901,先天性耳畸形,152,XTXEJX,第17章 先天性畸形、变形和染色体异常 (Q00-Q99)
Q17.902,先天性外耳畸形,152,XTXWEJX,第17章 先天性畸形、变形和染色体异常 (Q00-Q99)
Q18.001,先天性鳃裂瘘,152,XTXSLL,第17章 先天性畸形、变形和染色体异常 (Q00-Q99)
Q18.002,先天性鳃裂囊肿,152,XTXSLNZ,第17章 先天性畸形、变形和染色体异常 (Q00-Q99)
Q18.101,先天性耳廓瘘,152,XTXEKL,第17章 先天性畸形、变形和染色体异常 (Q00-Q99)
Q18.102,先天性耳前瘘,152,XTXEQL,第17章 先天性畸形、变形和染色体异常 (Q00-Q99)
Q18.103,先天性颈前瘘管,152,XTXJQLG,第17章 先天性畸形、变形和染色体异常 (Q00-Q99)
Q18.104,耳前瘘管感染,152,EQLGGR,第17章 先天性畸形、变形和染色体异常 (Q00-Q99)
Q18.201,先天性面横裂,152,XTXMHL,第17章 先天性畸形、变形和染色体异常 (Q00-Q99)
Q18.301,颈蹼,152,JP,第17章 先天性畸形、变形和染色体异常 (Q00-Q99)
Q18.401,巨口,152,JK,第17章 先天性畸形、变形和染色体异常 (Q00-Q99)
Q18.801,腮腺异位,152,SXYW,第17章 先天性畸形、变形和染色体异常 (Q00-Q99)
Q18.802,先天性眶距增宽症,152,XTXKJZKZ,第17章 先天性畸形、变形和染色体异常 (Q00-Q99)
Q18.901,先天性颜面畸形,152,XTXYMJX,第17章 先天性畸形、变形和染色体异常 (Q00-Q99)
Q20.001,共同动脉干,155,GTDMG,第17章 先天性畸形、变形和染色体异常 (Q00-Q99)
Q20.101,先天性右心室双出口,155,XTXYXSSCK,第17章 先天性畸形、变形和染色体异常 (Q00-Q99)
Q20.301,完全性大动脉转位,155,WQXDDMZW,第17章 先天性畸形、变形和染色体异常 (Q00-Q99)
Q20.302,矫正性大动脉转位,155,JZXDDMZW,第17章 先天性畸形、变形和染色体异常 (Q00-Q99)
Q20.401,单心室,155,DXS,第17章 先天性畸形、变形和染色体异常 (Q00-Q99)
Q20.402,心室双入口,155,XSSRK,第17章 先天性畸形、变形和染色体异常 (Q00-Q99)
Q20.403,先天性左室流出道梗阻,155,XTXZSLCDGZ,第17章 先天性畸形、变形和染色体异常 (Q00-Q99)
Q20.601,先天性心耳畸形,155,XTXXEJX,第17章 先天性畸形、变形和染色体异常 (Q00-Q99)
Q20.801,双腔心,155,SQX,第17章 先天性畸形、变形和染色体异常 (Q00-Q99)
Q20.802,心室发育不良综合征,155,XSFYBLZHZ,第17章 先天性畸形、变形和染色体异常 (Q00-Q99)
Q21.001,先天性室间隔缺损,155,XTXSJGQS,第17章 先天性畸形、变形和染色体异常 (Q00-Q99)
Q21.101,共同心房,155,GTXF,第17章 先天性畸形、变形和染色体异常 (Q00-Q99)
Q21.102,先天性房间隔缺损,155,XTXFJGQS,第17章 先天性畸形、变形和染色体异常 (Q00-Q99)
Q21.103,先天性卵圆孔未闭,155,XTXLYKWB,第17章 先天性畸形、变形和染色体异常 (Q00-Q99)
Q21.104,鲁藤巴赫氏综合征,155,LTBHSZHZ,第17章 先天性畸形、变形和染色体异常 (Q00-Q99)
Q21.201,房室管型室间隔缺损,155,FSGXSJGQS,第17章 先天性畸形、变形和染色体异常 (Q00-Q99)
Q21.202,先天性心内膜垫缺损,155,XTXXNMDQS,第17章 先天性畸形、变形和染色体异常 (Q00-Q99)
Q21.203,房室异常通道,155,FSYCTD,第17章 先天性畸形、变形和染色体异常 (Q00-Q99)
Q21.301,法洛氏四联症,155,FLSSLZ,第17章 先天性畸形、变形和染色体异常 (Q00-Q99)
Q21.401,主动脉—肺动脉间隔缺损,155,ZDMFDMJGQS,第17章 先天性畸形、变形和染色体异常 (Q00-Q99)
Q21.801,艾森门格氏综合征,155,ASMGSZHZ,第17章 先天性畸形、变形和染色体异常 (Q00-Q99)
Q21.802,法洛氏五联症,155,FLSWLZ,第17章 先天性畸形、变形和染色体异常 (Q00-Q99)
Q21.803,室间隔膜瘤样膨出,155,SJGMLYPC,第17章 先天性畸形、变形和染色体异常 (Q00-Q99)
Q21.804,房间膈膨胀瘤,155,FJGPZL,第17章 先天性畸形、变形和染色体异常 (Q00-Q99)
Q22.101,先天性肺动脉瓣狭窄,155,XTXFDMBXZ,第17章 先天性畸形、变形和染色体异常 (Q00-Q99)
Q22.102,法洛氏三联症(紫绀三联症),155,FLSSLZZGSLZ,第17章 先天性畸形、变形和染色体异常 (Q00-Q99)
Q22.401,先天性三尖瓣闭锁,155,XTXSJBBS,第17章 先天性畸形、变形和染色体异常 (Q00-Q99)
Q22.402,先天性三尖瓣狭窄,155,XTXSJBXZ,第17章 先天性畸形、变形和染色体异常 (Q00-Q99)
Q22.501,爱伯斯坦氏异常,155,ABSTSYC,第17章 先天性畸形、变形和染色体异常 (Q00-Q99)
Q22.801,三尖瓣下移畸形,155,SJBXYJX,第17章 先天性畸形、变形和染色体异常 (Q00-Q99)
Q22.802,三尖瓣回流（返流）,155,SJBHLFL,第17章 先天性畸形、变形和染色体异常 (Q00-Q99)
Q23.001,先天性主动脉瓣狭窄,155,XTXZDMBXZ,第17章 先天性畸形、变形和染色体异常 (Q00-Q99)
Q23.101,先天性主动脉瓣闭锁不全,155,XTXZDMBBSBQ,第17章 先天性畸形、变形和染色体异常 (Q00-Q99)
Q23.201,先天性二尖瓣狭窄,155,XTXEJBXZ,第17章 先天性畸形、变形和染色体异常 (Q00-Q99)
Q23.202,先天性二尖瓣闭锁,155,XTXEJBBS,第17章 先天性畸形、变形和染色体异常 (Q00-Q99)
Q23.301,先天性二尖瓣闭锁不全,155,XTXEJBBSBQ,第17章 先天性畸形、变形和染色体异常 (Q00-Q99)
Q23.801,先天性二尖瓣脱垂,155,XTXEJBTC,第17章 先天性畸形、变形和染色体异常 (Q00-Q99)
Q23.802,先天性双孔二尖瓣,155,XTXSKEJB,第17章 先天性畸形、变形和染色体异常 (Q00-Q99)
Q23.901,先天性主动脉瓣畸形,155,XTXZDMBJX,第17章 先天性畸形、变形和染色体异常 (Q00-Q99)
Q24.001,右位心,155,YWX,第17章 先天性畸形、变形和染色体异常 (Q00-Q99)
Q24.101,左位心,155,ZWX,第17章 先天性畸形、变形和染色体异常 (Q00-Q99)
Q24.201,三房心,155,SFX,第17章 先天性畸形、变形和染色体异常 (Q00-Q99)
Q24.401,先天性主动脉瓣下狭窄,155,XTXZDMBXXZ,第17章 先天性畸形、变形和染色体异常 (Q00-Q99)
Q24.501,冠状血管畸形,155,GZXGJX,第17章 先天性畸形、变形和染色体异常 (Q00-Q99)
Q24.502,先天性冠状动脉瘤,155,XTXGZDML,第17章 先天性畸形、变形和染色体异常 (Q00-Q99)
Q24.503,先天性冠状动脉-心房瘘,155,XTXGZDMXFL,第17章 先天性畸形、变形和染色体异常 (Q00-Q99)
Q24.504,冠状动脉-心室瘘,155,GZDMXSL,第17章 先天性畸形、变形和染色体异常 (Q00-Q99)
Q24.505,冠状动脉起源异常,155,GZDMQYYC,第17章 先天性畸形、变形和染色体异常 (Q00-Q99)
Q24.801,小心脏,155,XXZ,第17章 先天性畸形、变形和染色体异常 (Q00-Q99)
Q24.802,心包囊肿,155,XBNZ,第17章 先天性畸形、变形和染色体异常 (Q00-Q99)
Q24.803,先天性右心室漏斗部狭窄,155,XTXYXSLDBXZ,第17章 先天性畸形、变形和染色体异常 (Q00-Q99)
Q24.804,先天性心包缺损,155,XTXXBQS,第17章 先天性畸形、变形和染色体异常 (Q00-Q99)
Q24.805,先天性心室肥厚,155,XTXXSFH,第17章 先天性畸形、变形和染色体异常 (Q00-Q99)
Q24.806,右室流出道狭窄,155,YSLCDXZ,第17章 先天性畸形、变形和染色体异常 (Q00-Q99)
Q24.807,心或肺内分流,155,XHFNFL,第17章 先天性畸形、变形和染色体异常 (Q00-Q99)
Q24.808,先天性心脏肥大,155,XTXXZFD,第17章 先天性畸形、变形和染色体异常 (Q00-Q99)
Q24.809,查理氏畸形,155,CLSJX,第17章 先天性畸形、变形和染色体异常 (Q00-Q99)
Q24.810,左室假腱索,155,ZSJJS,第17章 先天性畸形、变形和染色体异常 (Q00-Q99)
Q24.811,先天性二尖瓣裂,155,XTXEJBL,第17章 先天性畸形、变形和染色体异常 (Q00-Q99)
Q24.812,先天性冠状动脉瘘,155,XTXGZDML,第17章 先天性畸形、变形和染色体异常 (Q00-Q99)
Q24.813,先天性冠状动脉异常,155,XTXGZDMYC,第17章 先天性畸形、变形和染色体异常 (Q00-Q99)
Q24.814,先天性左心室憩室,155,XTXZXSQS,第17章 先天性畸形、变形和染色体异常 (Q00-Q99)
Q24.815,左心发育不全综合征,155,ZXFYBQZHZ,第17章 先天性畸形、变形和染色体异常 (Q00-Q99)
Q24.816,左室流出道狭窄,155,ZSLCDXZ,第17章 先天性畸形、变形和染色体异常 (Q00-Q99)
Q24.817,先天性胸外心,155,XTXXWX,第17章 先天性畸形、变形和染色体异常 (Q00-Q99)
Q24.818,右旋心,155,YXX,第17章 先天性畸形、变形和染色体异常 (Q00-Q99)
Q24.901,先天性心脏病,155,XTXXZB,第17章 先天性畸形、变形和染色体异常 (Q00-Q99)
Q25.001,先天性动脉导管未闭,155,XTXDMDGWB,第17章 先天性畸形、变形和染色体异常 (Q00-Q99)
Q25.101,先天性主动脉缩窄,155,XTXZDMSZ,第17章 先天性畸形、变形和染色体异常 (Q00-Q99)
Q25.301,先天性主动脉瓣上狭窄,155,XTXZDMBSXZ,第17章 先天性畸形、变形和染色体异常 (Q00-Q99)
Q25.302,先天性降主动脉狭窄,155,XTXJZDMXZ,第17章 先天性畸形、变形和染色体异常 (Q00-Q99)
Q25.401,先天性高主动脉弓,155,XTXGZDMG,第17章 先天性畸形、变形和染色体异常 (Q00-Q99)
Q25.402,先天性双主动脉弓,155,XTXSZDMG,第17章 先天性畸形、变形和染色体异常 (Q00-Q99)
Q25.403,先天性主动脉窦动脉瘤破裂,155,XTXZDMDDMLPL,第17章 先天性畸形、变形和染色体异常 (Q00-Q99)
Q25.404,先天性主动脉右位,155,XTXZDMYW,第17章 先天性畸形、变形和染色体异常 (Q00-Q99)
Q25.405,主动脉窦动脉瘤,155,ZDMDDML,第17章 先天性畸形、变形和染色体异常 (Q00-Q99)
Q25.406,先天性主动脉弓离断,155,XTXZDMGLD,第17章 先天性畸形、变形和染色体异常 (Q00-Q99)
Q25.407,先天性主动脉骑跨,155,XTXZDMQK,第17章 先天性畸形、变形和染色体异常 (Q00-Q99)
Q25.501,先天性肺动脉闭锁,155,XTXFDMBS,第17章 先天性畸形、变形和染色体异常 (Q00-Q99)
Q25.601,先天性肺动脉狭窄,155,XTXFDMXZ,第17章 先天性畸形、变形和染色体异常 (Q00-Q99)
Q25.701,先天性肺动静脉瘘,155,XTXFDJML,第17章 先天性畸形、变形和染色体异常 (Q00-Q99)
Q25.702,先天性肺动脉发育不全,155,XTXFDMFYBQ,第17章 先天性畸形、变形和染色体异常 (Q00-Q99)
Q25.703,先天性肺动脉异常,155,XTXFDMYC,第17章 先天性畸形、变形和染色体异常 (Q00-Q99)
Q26.001,先天性上腔静脉狭窄,155,XTXSQJMXZ,第17章 先天性畸形、变形和染色体异常 (Q00-Q99)
Q26.101,永存左上腔静脉,155,YCZSQJM,第17章 先天性畸形、变形和染色体异常 (Q00-Q99)
Q26.201,部分性肺静脉异位引流,155,BFXFJMYWYL,第17章 先天性畸形、变形和染色体异常 (Q00-Q99)
Q26.301,完全性肺静脉异位引流,155,WQXFJMYWYL,第17章 先天性畸形、变形和染色体异常 (Q00-Q99)
Q26.401,肺静脉异常接合(肺静脉畸形引流),155,FJMYCJHFJMJXYL,第17章 先天性畸形、变形和染色体异常 (Q00-Q99)
Q26.501,先天性门脉畸形,155,XTXMMJX,第17章 先天性畸形、变形和染色体异常 (Q00-Q99)
Q26.601,先天性肝动脉-门静脉瘘,155,XTXGDMMJML,第17章 先天性畸形、变形和染色体异常 (Q00-Q99)
Q26.801,无顶冠状静脉窦综合征,155,WDGZJMDZHZ,第17章 先天性畸形、变形和染色体异常 (Q00-Q99)
Q26.901,上腔静脉畸形,155,SQJMJX,第17章 先天性畸形、变形和染色体异常 (Q00-Q99)
Q26.902,腔静脉连接异常,155,QJMLJYC,第17章 先天性畸形、变形和染色体异常 (Q00-Q99)
Q27.001,脐动脉畸形,155,QDMJX,第17章 先天性畸形、变形和染色体异常 (Q00-Q99)
Q27.201,先天性肾动静脉瘘,155,XTXSDJML,第17章 先天性畸形、变形和染色体异常 (Q00-Q99)
Q27.202,先天性肾动脉畸形,155,XTXSDMJX,第17章 先天性畸形、变形和染色体异常 (Q00-Q99)
Q27.301,先天性躯干部动静脉瘘,155,XTXQGBDJML,第17章 先天性畸形、变形和染色体异常 (Q00-Q99)
Q27.302,先天性上肢动静脉瘘,155,XTXSZDJML,第17章 先天性畸形、变形和染色体异常 (Q00-Q99)
Q27.303,先天性下肢动静脉瘘,155,XTXXZDJML,第17章 先天性畸形、变形和染色体异常 (Q00-Q99)
Q27.304,先天性头颈部动静脉瘘,155,XTXTJBDJML,第17章 先天性畸形、变形和染色体异常 (Q00-Q99)
Q27.305,先天性腋动静脉瘘,155,XTXYDJML,第17章 先天性畸形、变形和染色体异常 (Q00-Q99)
Q27.801,脊髓血管畸形,155,JSXGJX,第17章 先天性畸形、变形和染色体异常 (Q00-Q99)
Q27.802,胃血管畸形,155,WXGJX,第17章 先天性畸形、变形和染色体异常 (Q00-Q99)
Q27.803,肝门血管畸形,155,GMXGJX,第17章 先天性畸形、变形和染色体异常 (Q00-Q99)
Q27.804,腹腔动脉畸形,155,FQDMJX,第17章 先天性畸形、变形和染色体异常 (Q00-Q99)
Q27.805,舌血管畸形,155,SXGJX,第17章 先天性畸形、变形和染色体异常 (Q00-Q99)
Q27.806,头颈部血管畸形,155,TJBXGJX,第17章 先天性畸形、变形和染色体异常 (Q00-Q99)
Q27.807,睾丸血管畸形,155,GWXGJX,第17章 先天性畸形、变形和染色体异常 (Q00-Q99)
Q27.808,肾血管畸形,155,SXGJX,第17章 先天性畸形、变形和染色体异常 (Q00-Q99)
Q27.809,胆囊血管畸形,155,DNXGJX,第17章 先天性畸形、变形和染色体异常 (Q00-Q99)
Q27.810,肠系膜静脉畸形,155,CXMJMJX,第17章 先天性畸形、变形和染色体异常 (Q00-Q99)
Q27.811,下肢血管畸形,155,XZXGJX,第17章 先天性畸形、变形和染色体异常 (Q00-Q99)
Q27.812,肠血管畸形,155,CXGJX,第17章 先天性畸形、变形和染色体异常 (Q00-Q99)
Q27.813,躯干部血管畸形,155,QGBXGJX,第17章 先天性畸形、变形和染色体异常 (Q00-Q99)
Q27.814,颌面部血管畸形,155,HMBXGJX,第17章 先天性畸形、变形和染色体异常 (Q00-Q99)
Q27.815,先天性肛周静脉曲张,155,XTXGZJMQZ,第17章 先天性畸形、变形和染色体异常 (Q00-Q99)
Q27.816,口底血管畸形,155,KDXGJX,第17章 先天性畸形、变形和染色体异常 (Q00-Q99)
Q27.817,上肢血管畸形,155,SZXGJX,第17章 先天性畸形、变形和染色体异常 (Q00-Q99)
Q27.818,先天性颈总动脉缺如,155,XTXJZDMQR,第17章 先天性畸形、变形和染色体异常 (Q00-Q99)
Q27.819,唇血管畸形,155,CXGJX,第17章 先天性畸形、变形和染色体异常 (Q00-Q99)
Q27.820,骨肥大静脉畸形综合征,155,GFDJMJXZHZ,第17章 先天性畸形、变形和染色体异常 (Q00-Q99)
Q28.201,先天性脑动静脉瘘,155,XTXNDJML,第17章 先天性畸形、变形和染色体异常 (Q00-Q99)
Q28.301,脑血管畸形,155,NXGJX,第17章 先天性畸形、变形和染色体异常 (Q00-Q99)
Q28.302,脑血管纤维性肌发育不良,155,NXGXWXJFYBL,第17章 先天性畸形、变形和染色体异常 (Q00-Q99)
Q28.303,伴有皮层下梗塞和白质脑病的大脑常染色,155,BYPCXGSHBZNBDDNCRS,第17章 先天性畸形、变形和染色体异常 (Q00-Q99)
Q28.801,肺血管畸形,155,FXGJX,第17章 先天性畸形、变形和染色体异常 (Q00-Q99)
Q28.901,先天性心血管畸形,155,XTXXXGJX,第17章 先天性畸形、变形和染色体异常 (Q00-Q99)
Q30.001,先天性鼻孔狭窄,152,XTXBKXZ,第17章 先天性畸形、变形和染色体异常 (Q00-Q99)
Q30.002,先天性后鼻孔闭锁,152,XTXHBKBS,第17章 先天性畸形、变形和染色体异常 (Q00-Q99)
Q30.003,先天性前鼻孔狭窄,152,XTXQBKXZ,第17章 先天性畸形、变形和染色体异常 (Q00-Q99)
Q30.101,先天性鼻缺失,152,XTXBQS,第17章 先天性畸形、变形和染色体异常 (Q00-Q99)
Q30.201,鼻裂,152,BL,第17章 先天性畸形、变形和染色体异常 (Q00-Q99)
Q30.801,鼻翼畸形,152,BYJX,第17章 先天性畸形、变形和染色体异常 (Q00-Q99)
Q30.901,先天性鼻畸形,152,XTXBJX,第17章 先天性畸形、变形和染色体异常 (Q00-Q99)
Q30.902,低鼻,152,DB,第17章 先天性畸形、变形和染色体异常 (Q00-Q99)
Q31.001,先天性喉蹼,152,XTXHP,第17章 先天性畸形、变形和染色体异常 (Q00-Q99)
Q31.301,先天性喉囊肿,152,XTXHNZ,第17章 先天性畸形、变形和染色体异常 (Q00-Q99)
Q31.401,先天性喉喘鸣,152,XTXHCM,第17章 先天性畸形、变形和染色体异常 (Q00-Q99)
Q31.801,先天性喉狭窄,152,XTXHXZ,第17章 先天性畸形、变形和染色体异常 (Q00-Q99)
Q31.802,先天性会厌裂,152,XTXHYL,第17章 先天性畸形、变形和染色体异常 (Q00-Q99)
Q31.803,喉软骨软化(发育不良),152,HRGRHFYBL,第17章 先天性畸形、变形和染色体异常 (Q00-Q99)
Q31.804,女性喉结过高,152,NXHJGG,第17章 先天性畸形、变形和染色体异常 (Q00-Q99)
Q31.805,小喉结,152,XHJ,第17章 先天性畸形、变形和染色体异常 (Q00-Q99)
Q31.806,喉结肥大,152,HJFD,第17章 先天性畸形、变形和染色体异常 (Q00-Q99)
Q32.001,先天性气管软仙,152,XTXQGRX,第17章 先天性畸形、变形和染色体异常 (Q00-Q99)
Q32.401,先天性支气管囊肿,152,XTXZQGNZ,第17章 先天性畸形、变形和染色体异常 (Q00-Q99)
Q33.001,先天性肺囊肿,152,XTXFNZ,第17章 先天性畸形、变形和染色体异常 (Q00-Q99)
Q33.201,肺隔离症,152,FGLZ,第17章 先天性畸形、变形和染色体异常 (Q00-Q99)
Q33.301,先天性肺发育不全,152,XTXFFYBQ,第17章 先天性畸形、变形和染色体异常 (Q00-Q99)
Q34.101,先天性纵隔囊肿,152,XTXZGNZ,第17章 先天性畸形、变形和染色体异常 (Q00-Q99)
Q34.801,鼻咽闭锁,152,BYBS,第17章 先天性畸形、变形和染色体异常 (Q00-Q99)
Q35.101,硬腭裂,152,YEL,第17章 先天性畸形、变形和染色体异常 (Q00-Q99)
Q35.301,软腭裂,152,REL,第17章 先天性畸形、变形和染色体异常 (Q00-Q99)
Q35.302,软腭穿孔,152,RECK,第17章 先天性畸形、变形和染色体异常 (Q00-Q99)
Q35.701,悬雍垂裂,152,XYCL,第17章 先天性畸形、变形和染色体异常 (Q00-Q99)
Q35.901,腭裂,152,EL,第17章 先天性畸形、变形和染色体异常 (Q00-Q99)
Q35.902,口鼻瘘,152,KBL,第17章 先天性畸形、变形和染色体异常 (Q00-Q99)
Q36.901,唇裂(兔唇),152,CLTC,第17章 先天性畸形、变形和染色体异常 (Q00-Q99)
Q37.903,腭裂伴唇裂,152,ELBCL,第17章 先天性畸形、变形和染色体异常 (Q00-Q99)
Q38.001,唇系带缩短,156,CXDSD,第17章 先天性畸形、变形和染色体异常 (Q00-Q99)
Q38.101,舌系带短缩,156,SXDDS,第17章 先天性畸形、变形和染色体异常 (Q00-Q99)
Q38.501,软腭发育不全,156,REFYBQ,第17章 先天性畸形、变形和染色体异常 (Q00-Q99)
Q38.601,口先天性畸形,156,KXTXJX,第17章 先天性畸形、变形和染色体异常 (Q00-Q99)
Q38.801,咽部畸形,156,YBJX,第17章 先天性畸形、变形和染色体异常 (Q00-Q99)
Q38.802,腭咽闭合不全,156,EYBHBQ,第17章 先天性畸形、变形和染色体异常 (Q00-Q99)
Q39.001,先天性食管闭锁,156,XTXSGBS,第17章 先天性畸形、变形和染色体异常 (Q00-Q99)
Q39.101,先天性食道闭锁伴食管瘘,152,XTXSDBSBSGL,第17章 先天性畸形、变形和染色体异常 (Q00-Q99)
Q39.201,先天性气管-食管瘘,156,XTXQGSGL,第17章 先天性畸形、变形和染色体异常 (Q00-Q99)
Q39.801,先天性短食管,156,XTXDSG,第17章 先天性畸形、变形和染色体异常 (Q00-Q99)
Q39.802,先天性食管囊肿,156,XTXSGNZ,第17章 先天性畸形、变形和染色体异常 (Q00-Q99)
Q39.901,食管畸形,156,SGJX,第17章 先天性畸形、变形和染色体异常 (Q00-Q99)
Q40.001,先天性肥大性幽门狭窄,156,XTXFDXYMXZ,第17章 先天性畸形、变形和染色体异常 (Q00-Q99)
Q40.002,新生儿幽门痉挛,156,XSEYMJL,第17章 先天性畸形、变形和染色体异常 (Q00-Q99)
Q40.101,先天性食管裂孔疝,156,XTXSGLKS,第17章 先天性畸形、变形和染色体异常 (Q00-Q99)
Q40.201,胃错位,156,WCW,第17章 先天性畸形、变形和染色体异常 (Q00-Q99)
Q40.202,先天性胃扭转,156,XTXWNZ,第17章 先天性畸形、变形和染色体异常 (Q00-Q99)
Q40.203,胃黏膜异位,156,WNMYW,第17章 先天性畸形、变形和染色体异常 (Q00-Q99)
Q40.301,胃先天发育畸形,156,WXTFYJX,第17章 先天性畸形、变形和染色体异常 (Q00-Q99)
Q40.901,上消化道畸形,156,SXHDJX,第17章 先天性畸形、变形和染色体异常 (Q00-Q99)
Q41.001,先天性十二指肠狭窄,152,XTXSEZCXZ,第17章 先天性畸形、变形和染色体异常 (Q00-Q99)
Q41.002,先天性十二指肠闭锁,152,XTXSEZCBS,第17章 先天性畸形、变形和染色体异常 (Q00-Q99)
Q41.201,先天性回肠闭锁,152,XTXHCBS,第17章 先天性畸形、变形和染色体异常 (Q00-Q99)
Q41.801,先天性小结肠,152,XTXXJC,第17章 先天性畸形、变形和染色体异常 (Q00-Q99)
Q41.802,先天性结肠闭锁,152,XTXJCBS,第17章 先天性畸形、变形和染色体异常 (Q00-Q99)
Q41.901,先天性小肠闭锁,152,XTXXCBS,第17章 先天性畸形、变形和染色体异常 (Q00-Q99)
Q41.902,先天性小肠狭窄,152,XTXXCXZ,第17章 先天性畸形、变形和染色体异常 (Q00-Q99)
Q42.301,先天性肛门闭锁,156,XTXGMBS,第17章 先天性畸形、变形和染色体异常 (Q00-Q99)
Q43.001,美克尔氏憩室,156,MKESQS,第17章 先天性畸形、变形和染色体异常 (Q00-Q99)
Q43.002,脐茸,156,QR,第17章 先天性畸形、变形和染色体异常 (Q00-Q99)
Q43.003,卵黄管未闭,156,LHGWB,第17章 先天性畸形、变形和染色体异常 (Q00-Q99)
Q43.101,先天性巨结肠,156,XTXJJC,第17章 先天性畸形、变形和染色体异常 (Q00-Q99)
Q43.102,先天性结肠神经节细胞发育不良,156,XTXJCSJJXBFYBL,第17章 先天性畸形、变形和染色体异常 (Q00-Q99)
Q43.301,先天性肠旋转不良,156,XTXCXZBL,第17章 先天性畸形、变形和染色体异常 (Q00-Q99)
Q43.501,肛门异位,156,GMYW,第17章 先天性畸形、变形和染色体异常 (Q00-Q99)
Q43.801,盲肠异位,156,MCYW,第17章 先天性畸形、变形和染色体异常 (Q00-Q99)
Q43.802,小肠粘膜异位,156,XCNMYW,第17章 先天性畸形、变形和染色体异常 (Q00-Q99)
Q43.803,肠原性囊肿,156,CYXNZ,第17章 先天性畸形、变形和染色体异常 (Q00-Q99)
Q43.804,乙状结肠冗长症,156,YZJCRCZ,第17章 先天性畸形、变形和染色体异常 (Q00-Q99)
Q43.901,先天性肠畸形,156,XTXCJX,第17章 先天性畸形、变形和染色体异常 (Q00-Q99)
Q44.001,先天性胆囊缺失,156,XTXDNQS,第17章 先天性畸形、变形和染色体异常 (Q00-Q99)
Q44.101,先天性胆囊分隔畸形,156,XTXDNFGJX,第17章 先天性畸形、变形和染色体异常 (Q00-Q99)
Q44.201,先天性胆道闭锁,156,XTXDDBS,第17章 先天性畸形、变形和染色体异常 (Q00-Q99)
Q44.202,先天性胆管闭塞性黄疸,156,XTXDGBSXHD,第17章 先天性畸形、变形和染色体异常 (Q00-Q99)
Q44.203,先天性胆管闭锁,156,XTXDGBS,第17章 先天性畸形、变形和染色体异常 (Q00-Q99)
Q44.204,胆总管下端闭锁,156,DZGXDBS,第17章 先天性畸形、变形和染色体异常 (Q00-Q99)
Q44.301,先天性胆管狭窄,156,XTXDGXZ,第17章 先天性畸形、变形和染色体异常 (Q00-Q99)
Q44.302,胆囊分隔,156,DNFG,第17章 先天性畸形、变形和染色体异常 (Q00-Q99)
Q44.401,先天性胆总管囊肿,156,XTXDZGNZ,第17章 先天性畸形、变形和染色体异常 (Q00-Q99)
Q44.501,先天性胆管畸形,156,XTXDGJX,第17章 先天性畸形、变形和染色体异常 (Q00-Q99)
Q44.502,先天性胆管扩张,156,XTXDGKZ,第17章 先天性畸形、变形和染色体异常 (Q00-Q99)
Q44.503,先天性胆总管畸形,156,XTXDZGJX,第17章 先天性畸形、变形和染色体异常 (Q00-Q99)
Q44.504,先天性胆总管扩张,156,XTXDZGKZ,第17章 先天性畸形、变形和染色体异常 (Q00-Q99)
Q44.601,多囊肝,156,DNG,第17章 先天性畸形、变形和染色体异常 (Q00-Q99)
Q44.701,先天性肝囊肿,156,XTXGNZ,第17章 先天性畸形、变形和染色体异常 (Q00-Q99)
Q44.702,先天性肝发育异常,156,XTXGFYYC,第17章 先天性畸形、变形和染色体异常 (Q00-Q99)
Q45.001,胰腺发育异常,156,YXFYYC,第17章 先天性畸形、变形和染色体异常 (Q00-Q99)
Q45.101,环状胰腺,156,HZYX,第17章 先天性畸形、变形和染色体异常 (Q00-Q99)
Q45.201,多囊胰,156,DNY,第17章 先天性畸形、变形和染色体异常 (Q00-Q99)
Q45.301,胰腺异位,156,YXYW,第17章 先天性畸形、变形和染色体异常 (Q00-Q99)
Q45.302,胰腺分隔症,156,YXFGZ,第17章 先天性畸形、变形和染色体异常 (Q00-Q99)
Q45.801,肝脾异位,156,GPYW,第17章 先天性畸形、变形和染色体异常 (Q00-Q99)
Q45.802,先天性胆胰合流异常,156,XTXDYHLYC,第17章 先天性畸形、变形和染色体异常 (Q00-Q99)
Q45.901,先天性消化道畸形,156,XTXXHDJX,第17章 先天性畸形、变形和染色体异常 (Q00-Q99)
Q50.001,先天性卵巢缺失,157,XTXLCQS,第17章 先天性畸形、变形和染色体异常 (Q00-Q99)
Q50.301,副卵巢囊肿,157,FLCNZ,第17章 先天性畸形、变形和染色体异常 (Q00-Q99)
Q50.302,小卵巢,157,XLC,第17章 先天性畸形、变形和染色体异常 (Q00-Q99)
Q50.303,条索状卵巢,157,TSZLC,第17章 先天性畸形、变形和染色体异常 (Q00-Q99)
Q50.402,胚胎残余性囊肿（苗勒氏管囊肿）,157,PTCYXNZMLSGNZ,第17章 先天性畸形、变形和染色体异常 (Q00-Q99)
Q50.501,加特内氏管(卵巢冠纵管)囊肿,157,JTNSGLCGZGNZ,第17章 先天性畸形、变形和染色体异常 (Q00-Q99)
Q50.502,卵巢冠囊肿,157,LCGNZ,第17章 先天性畸形、变形和染色体异常 (Q00-Q99)
Q50.601,先天性输卵管闭锁,157,XTXSLGBS,第17章 先天性畸形、变形和染色体异常 (Q00-Q99)
Q50.602,先天性输卵管缺失,157,XTXSLGQS,第17章 先天性畸形、变形和染色体异常 (Q00-Q99)
Q50.603,双重输卵管,157,SCSLG,第17章 先天性畸形、变形和染色体异常 (Q00-Q99)
Q50.604,先天性输卵管畸形,157,XTXSLGJX,第17章 先天性畸形、变形和染色体异常 (Q00-Q99)
Q50.606,输卵管憩室,157,SLGQS,第17章 先天性畸形、变形和染色体异常 (Q00-Q99)
Q50.607,先天性输卵管发育不全,157,XTXSLGFYBQ,第17章 先天性畸形、变形和染色体异常 (Q00-Q99)
Q51.001,先天性子宫缺失,157,XTXZGQS,第17章 先天性畸形、变形和染色体异常 (Q00-Q99)
Q51.101,双子宫双子宫颈伴双阴道,157,SZGSZGJBSYD,第17章 先天性畸形、变形和染色体异常 (Q00-Q99)
Q51.201,双子宫,157,SZG,第17章 先天性畸形、变形和染色体异常 (Q00-Q99)
Q51.202,双子宫颈,157,SZGJ,第17章 先天性畸形、变形和染色体异常 (Q00-Q99)
Q51.301,双角子宫,157,SJZG,第17章 先天性畸形、变形和染色体异常 (Q00-Q99)
Q51.401,单角子宫,157,DJZG,第17章 先天性畸形、变形和染色体异常 (Q00-Q99)
Q51.501,先天性子宫颈缺失,157,XTXZGJQS,第17章 先天性畸形、变形和染色体异常 (Q00-Q99)
Q51.801,残角子宫,157,CJZG,第17章 先天性畸形、变形和染色体异常 (Q00-Q99)
Q51.802,先天性子宫颈闭锁,157,XTXZGJBS,第17章 先天性畸形、变形和染色体异常 (Q00-Q99)
Q51.803,先天性子宫颈隔,157,XTXZGJG,第17章 先天性畸形、变形和染色体异常 (Q00-Q99)
Q51.804,先天性子宫颈狭窄,157,XTXZGJXZ,第17章 先天性畸形、变形和染色体异常 (Q00-Q99)
Q51.805,先天性子宫内膜缺失,157,XTXZGNMQS,第17章 先天性畸形、变形和染色体异常 (Q00-Q99)
Q51.806,子宫发育不全,157,ZGFYBQ,第17章 先天性畸形、变形和染色体异常 (Q00-Q99)
Q51.807,子宫颈发育不良,157,ZGJFYBL,第17章 先天性畸形、变形和染色体异常 (Q00-Q99)
Q51.808,子宫纵隔,157,ZGZG,第17章 先天性畸形、变形和染色体异常 (Q00-Q99)
Q51.809,弓形子宫,157,GXZG,第17章 先天性畸形、变形和染色体异常 (Q00-Q99)
Q51.810,始基子宫,157,SJZG,第17章 先天性畸形、变形和染色体异常 (Q00-Q99)
Q51.901,子宫畸形,157,ZGJX,第17章 先天性畸形、变形和染色体异常 (Q00-Q99)
Q51.902,子宫颈畸形,157,ZGJJX,第17章 先天性畸形、变形和染色体异常 (Q00-Q99)
Q52.001,先天性阴道缺失,157,XTXYDQS,第17章 先天性畸形、变形和染色体异常 (Q00-Q99)
Q52.101,阴道斜膈,157,YDXG,第17章 先天性畸形、变形和染色体异常 (Q00-Q99)
Q52.102,阴道纵膈,157,YDZG,第17章 先天性畸形、变形和染色体异常 (Q00-Q99)
Q52.103,阴道横隔,157,YDHG,第17章 先天性畸形、变形和染色体异常 (Q00-Q99)
Q52.104,双阴道,157,SYD,第17章 先天性畸形、变形和染色体异常 (Q00-Q99)
Q52.201,先天性阴道直肠瘘,157,XTXYDZCL,第17章 先天性畸形、变形和染色体异常 (Q00-Q99)
Q52.301,处女膜闭锁,157,CNMBS,第17章 先天性畸形、变形和染色体异常 (Q00-Q99)
Q52.401,先天性阴道闭锁,157,XTXYDBS,第17章 先天性畸形、变形和染色体异常 (Q00-Q99)
Q52.402,先天性阴道狭窄,157,XTXYDXZ,第17章 先天性畸形、变形和染色体异常 (Q00-Q99)
Q52.403,尿道口处女膜病,157,NDKCNMB,第17章 先天性畸形、变形和染色体异常 (Q00-Q99)
Q52.404,"尿道口处女膜病,伞状",157,NDKCNMBSZ,第17章 先天性畸形、变形和染色体异常 (Q00-Q99)
Q52.405,"尿道口处女膜病,环状",157,NDKCNMBHZ,第17章 先天性畸形、变形和染色体异常 (Q00-Q99)
Q52.406,阴道发育异常,157,YDFYYC,第17章 先天性畸形、变形和染色体异常 (Q00-Q99)
Q52.501,先天性小阴唇粘连,157,XTXXYCNL,第17章 先天性畸形、变形和染色体异常 (Q00-Q99)
Q52.601,先天性阴蒂肥大,157,XTXYDFD,第17章 先天性畸形、变形和染色体异常 (Q00-Q99)
Q52.701,外阴畸形,157,WYJX,第17章 先天性畸形、变形和染色体异常 (Q00-Q99)
Q52.702,会阴发育异常,157,HYFYYC,第17章 先天性畸形、变形和染色体异常 (Q00-Q99)
Q52.801,中肾管囊肿，女性,157,ZSGNZNX,第17章 先天性畸形、变形和染色体异常 (Q00-Q99)
Q53.901,睾丸未降,152,GWWJ,第17章 先天性畸形、变形和染色体异常 (Q00-Q99)
Q53.902,睾丸下降不全,152,GWXJBQ,第17章 先天性畸形、变形和染色体异常 (Q00-Q99)
Q53.903,隐睾,152,YG,第17章 先天性畸形、变形和染色体异常 (Q00-Q99)
Q54.801,先天性尿道旁裂,157,XTXNDPL,第17章 先天性畸形、变形和染色体异常 (Q00-Q99)
Q54.901,男性尿道下裂,157,NXNDXL,第17章 先天性畸形、变形和染色体异常 (Q00-Q99)
Q55.001,先天性睾丸缺失,157,XTXGWQS,第17章 先天性畸形、变形和染色体异常 (Q00-Q99)
Q55.002,睾丸发育不全,157,GWFYBQ,第17章 先天性畸形、变形和染色体异常 (Q00-Q99)
Q55.003,先天性睾丸发育不全,157,XTXGWFYBQ,第17章 先天性畸形、变形和染色体异常 (Q00-Q99)
Q55.101,先天性睾丸发育不良,157,XTXGWFYBL,第17章 先天性畸形、变形和染色体异常 (Q00-Q99)
Q55.102,睾丸发育不良,157,GWFYBL,第17章 先天性畸形、变形和染色体异常 (Q00-Q99)
Q55.201,阴囊扭转,157,YNNZ,第17章 先天性畸形、变形和染色体异常 (Q00-Q99)
Q55.202,阴囊分裂,157,YNFL,第17章 先天性畸形、变形和染色体异常 (Q00-Q99)
Q55.401,男性中肾管囊肿,157,NXZSGNZ,第17章 先天性畸形、变形和染色体异常 (Q00-Q99)
Q55.402,先天性输精管缺失,157,XTXSJGQS,第17章 先天性畸形、变形和染色体异常 (Q00-Q99)
Q55.403,先天性附睾分离,157,XTXFGFL,第17章 先天性畸形、变形和染色体异常 (Q00-Q99)
Q55.404,输精管发育不良,157,SJGFYBL,第17章 先天性畸形、变形和染色体异常 (Q00-Q99)
Q55.405,莫尔加尼氏囊肿(男),157,MEJNSNZN,第17章 先天性畸形、变形和染色体异常 (Q00-Q99)
Q55.601,阴茎屈曲畸形,157,YJQQJX,第17章 先天性畸形、变形和染色体异常 (Q00-Q99)
Q55.602,隐匿性阴茎,157,YNXYJ,第17章 先天性畸形、变形和染色体异常 (Q00-Q99)
Q55.801,小阴茎,157,XYJ,第17章 先天性畸形、变形和染色体异常 (Q00-Q99)
Q55.901,先天性男性生殖器畸形,157,XTXNXSZQJX,第17章 先天性畸形、变形和染色体异常 (Q00-Q99)
Q55.902,男性生殖器官发育不全,157,NXSZQGFYBQ,第17章 先天性畸形、变形和染色体异常 (Q00-Q99)
Q56.001,两性畸形,157,LXJX,第17章 先天性畸形、变形和染色体异常 (Q00-Q99)
Q56.002,真性两性畸形,157,ZXLXJX,第17章 先天性畸形、变形和染色体异常 (Q00-Q99)
Q56.101,男性假两性畸形,157,NXJLXJX,第17章 先天性畸形、变形和染色体异常 (Q00-Q99)
Q56.201,女性假两性畸形,157,NXJLXJX,第17章 先天性畸形、变形和染色体异常 (Q00-Q99)
Q60.001,单肾,152,DS,第17章 先天性畸形、变形和染色体异常 (Q00-Q99)
Q60.201,先天性肾缺失,152,XTXSQS,第17章 先天性畸形、变形和染色体异常 (Q00-Q99)
Q60.501,先天性肾发育不良,152,XTXSFYBL,第17章 先天性畸形、变形和染色体异常 (Q00-Q99)
Q61.001,先天性肾囊肿,152,XTXSNZ,第17章 先天性畸形、变形和染色体异常 (Q00-Q99)
Q61.301,多囊肾,152,DNS,第17章 先天性畸形、变形和染色体异常 (Q00-Q99)
Q61.501,海绵肾(髓质),152,HMSSZ,第17章 先天性畸形、变形和染色体异常 (Q00-Q99)
Q61.901,先天性肾囊性病,152,XTXSNXB,第17章 先天性畸形、变形和染色体异常 (Q00-Q99)
Q62.001,先天性肾盂积水,152,XTXSYJS,第17章 先天性畸形、变形和染色体异常 (Q00-Q99)
Q62.101,先天性输尿管膀胱开口处狭窄,152,XTXSNGPGKKCXZ,第17章 先天性畸形、变形和染色体异常 (Q00-Q99)
Q62.102,先天性输尿管狭窄,152,XTXSNGXZ,第17章 先天性畸形、变形和染色体异常 (Q00-Q99)
Q62.103,先天性输尿管肾盂接(合)处狭窄,152,XTXSNGSYJHCXZ,第17章 先天性畸形、变形和染色体异常 (Q00-Q99)
Q62.201,先天性巨输尿管,152,XTXJSNG,第17章 先天性畸形、变形和染色体异常 (Q00-Q99)
Q62.501,双肾盂双输尿管,152,SSYSSNG,第17章 先天性畸形、变形和染色体异常 (Q00-Q99)
Q62.502,双输尿管,152,SSNG,第17章 先天性畸形、变形和染色体异常 (Q00-Q99)
Q62.601,先天性输尿管开口移位,152,XTXSNGKKYW,第17章 先天性畸形、变形和染色体异常 (Q00-Q99)
Q62.602,输尿管异位,152,SNGYW,第17章 先天性畸形、变形和染色体异常 (Q00-Q99)
Q62.801,先天性输尿管畸形,152,XTXSNGJX,第17章 先天性畸形、变形和染色体异常 (Q00-Q99)
Q63.001,双肾双肾盂,152,SSSSY,第17章 先天性畸形、变形和染色体异常 (Q00-Q99)
Q63.101,马蹄形肾,152,MTXS,第17章 先天性畸形、变形和染色体异常 (Q00-Q99)
Q63.201,肾异位,152,SYW,第17章 先天性畸形、变形和染色体异常 (Q00-Q99)
Q63.202,肾旋转不良,152,SXZBL,第17章 先天性畸形、变形和染色体异常 (Q00-Q99)
Q63.801,先天性肾结石,152,XTXSJS,第17章 先天性畸形、变形和染色体异常 (Q00-Q99)
Q63.901,先天性肾畸形,152,XTXSJX,第17章 先天性畸形、变形和染色体异常 (Q00-Q99)
Q64.001,男性尿道上裂,152,NXNDSL,第17章 先天性畸形、变形和染色体异常 (Q00-Q99)
Q64.101,膀胱外翻,152,PGWF,第17章 先天性畸形、变形和染色体异常 (Q00-Q99)
Q64.201,先天性尿道瓣膜性狭窄,152,XTXNDBMXXZ,第17章 先天性畸形、变形和染色体异常 (Q00-Q99)
Q64.301,先天性膀胱尿道口处狭窄,152,XTXPGNDKCXZ,第17章 先天性畸形、变形和染色体异常 (Q00-Q99)
Q64.302,先天性尿道闭锁,152,XTXNDBS,第17章 先天性畸形、变形和染色体异常 (Q00-Q99)
Q64.303,先天性尿道狭窄,152,XTXNDXZ,第17章 先天性畸形、变形和染色体异常 (Q00-Q99)
Q64.401,先天性脐尿管瘘,152,XTXQNGL,第17章 先天性畸形、变形和染色体异常 (Q00-Q99)
Q64.402,脐尿管囊肿,152,QNGNZ,第17章 先天性畸形、变形和染色体异常 (Q00-Q99)
Q64.403,脐尿管残留,152,QNGCL,第17章 先天性畸形、变形和染色体异常 (Q00-Q99)
Q64.701,先天性脐膀胱瘘,152,XTXQPGL,第17章 先天性畸形、变形和染色体异常 (Q00-Q99)
Q64.702,先天性尿道疝,152,XTXNDS,第17章 先天性畸形、变形和染色体异常 (Q00-Q99)
Q64.703,双膀胱,152,SPG,第17章 先天性畸形、变形和染色体异常 (Q00-Q99)
Q64.704,尿道发育不良,152,NDFYBL,第17章 先天性畸形、变形和染色体异常 (Q00-Q99)
Q64.705,先天性尿道畸形,152,XTXNDJX,第17章 先天性畸形、变形和染色体异常 (Q00-Q99)
Q64.901,先天性泌尿道畸形,152,XTXMNDJX,第17章 先天性畸形、变形和染色体异常 (Q00-Q99)
Q65.201,先天性髋关节脱位,152,XTXKGJTW,第17章 先天性畸形、变形和染色体异常 (Q00-Q99)
Q65.501,先天性髋关节半脱位,152,XTXKGJBTW,第17章 先天性畸形、变形和染色体异常 (Q00-Q99)
Q65.801,先天性髋内翻,152,XTXKNF,第17章 先天性畸形、变形和染色体异常 (Q00-Q99)
Q65.802,先天性髋外翻,152,XTXKWF,第17章 先天性畸形、变形和染色体异常 (Q00-Q99)
Q65.803,先天性髋关节发育不良,152,XTXKGJFYBL,第17章 先天性畸形、变形和染色体异常 (Q00-Q99)
Q65.804,右先天性髋内翻,152,YXTXKNF,第17章 先天性畸形、变形和染色体异常 (Q00-Q99)
Q65.901,先天性髋变形,152,XTXKBX,第17章 先天性畸形、变形和染色体异常 (Q00-Q99)
Q66.001,先天性马蹄内翻足,152,XTXMTNFZ,第17章 先天性畸形、变形和染色体异常 (Q00-Q99)
Q66.301,先天性内翻足,152,XTXNFZ,第17章 先天性畸形、变形和染色体异常 (Q00-Q99)
Q66.601,先天性马蹄外翻足,152,XTXMTWFZ,第17章 先天性畸形、变形和染色体异常 (Q00-Q99)
Q66.602,先天性外翻足,152,XTXWFZ,第17章 先天性畸形、变形和染色体异常 (Q00-Q99)
Q66.801,先天性马蹄足,152,XTXMTZ,第17章 先天性畸形、变形和染色体异常 (Q00-Q99)
Q66.802,先天性仰趾足,152,XTXYZZ,第17章 先天性畸形、变形和染色体异常 (Q00-Q99)
Q66.803,先天性足畸形,152,XTXZJX,第17章 先天性畸形、变形和染色体异常 (Q00-Q99)
Q66.804,先天性(足)拇外翻,152,XTXZMWF,第17章 先天性畸形、变形和染色体异常 (Q00-Q99)
Q66.805,先天性(足)拇趾翻,152,XTXZMZF,第17章 先天性畸形、变形和染色体异常 (Q00-Q99)
Q67.001,面部不对称,158,MBBDC,第17章 先天性畸形、变形和染色体异常 (Q00-Q99)
Q67.101,面部发育不全,158,MBFYBQ,第17章 先天性畸形、变形和染色体异常 (Q00-Q99)
Q67.401,偏颌畸形,158,PHJX,第17章 先天性畸形、变形和染色体异常 (Q00-Q99)
Q67.501,先天性脊柱侧凸(弯),158,XTXJZCTW,第17章 先天性畸形、变形和染色体异常 (Q00-Q99)
Q67.502,先天性姿式性脊柱前凸,158,XTXZSXJZQT,第17章 先天性畸形、变形和染色体异常 (Q00-Q99)
Q67.601,先天性漏斗胸,158,XTXLDX,第17章 先天性畸形、变形和染色体异常 (Q00-Q99)
Q67.801,先天性胸廓畸形,158,XTXXKJX,第17章 先天性畸形、变形和染色体异常 (Q00-Q99)
Q68.001,先天性斜颈,158,XTXXJ,第17章 先天性畸形、变形和染色体异常 (Q00-Q99)
Q68.002,先天性胸骨乳突肌性斜颈,158,XTXXGRTJXXJ,第17章 先天性畸形、变形和染色体异常 (Q00-Q99)
Q68.101,先天性手畸形,158,XTXSJX,第17章 先天性畸形、变形和染色体异常 (Q00-Q99)
Q68.102,先天性掌指关节脱位,158,XTXZZGJTW,第17章 先天性畸形、变形和染色体异常 (Q00-Q99)
Q68.103,先天性指畸形,158,XTXZJX,第17章 先天性畸形、变形和染色体异常 (Q00-Q99)
Q68.201,先天性膝关节畸形,158,XTXXGJJX,第17章 先天性畸形、变形和染色体异常 (Q00-Q99)
Q68.202,先天性膝关节脱位,158,XTXXGJTW,第17章 先天性畸形、变形和染色体异常 (Q00-Q99)
Q68.301,先天性股骨弓形,158,XTXGGGX,第17章 先天性畸形、变形和染色体异常 (Q00-Q99)
Q68.801,先天性踝关节畸形,158,XTXHGJJX,第17章 先天性畸形、变形和染色体异常 (Q00-Q99)
Q68.802,先天性上肢畸形,158,XTXSZJX,第17章 先天性畸形、变形和染色体异常 (Q00-Q99)
Q68.803,先天性下肢畸形,158,XTXXZJX,第17章 先天性畸形、变形和染色体异常 (Q00-Q99)
Q68.804,先天性肘关节脱位,158,XTXZGJTW,第17章 先天性畸形、变形和染色体异常 (Q00-Q99)
Q68.805,先天性肘外翻,158,XTXZWF,第17章 先天性畸形、变形和染色体异常 (Q00-Q99)
Q68.806,先天性桡骨小头半脱位,158,XTXRGXTBTW,第17章 先天性畸形、变形和染色体异常 (Q00-Q99)
Q68.807,先天性高位肩胛症,158,XTXGWJJZ,第17章 先天性畸形、变形和染色体异常 (Q00-Q99)
Q68.808,先天性锁骨畸形,158,XTXSGJX,第17章 先天性畸形、变形和染色体异常 (Q00-Q99)
Q68.809,先天性关节畸形,158,XTXGJJX,第17章 先天性畸形、变形和染色体异常 (Q00-Q99)
Q68.810,先天性膝屈曲挛缩,158,XTXXQQLS,第17章 先天性畸形、变形和染色体异常 (Q00-Q99)
Q68.811,先天性肘关节发育不良,158,XTXZGJFYBL,第17章 先天性畸形、变形和染色体异常 (Q00-Q99)
Q68.812,先天性腕关节半脱位,158,XTXWGJBTW,第17章 先天性畸形、变形和染色体异常 (Q00-Q99)
Q69.901,多指（多趾）,158,DZDZ,第17章 先天性畸形、变形和染色体异常 (Q00-Q99)
Q70.001,并指,158,BZ,第17章 先天性畸形、变形和染色体异常 (Q00-Q99)
Q70.901,并指(并趾),158,BZBZ,第17章 先天性畸形、变形和染色体异常 (Q00-Q99)
Q72.901,先天性下肢不等长,158,XTXXZBDC,第17章 先天性畸形、变形和染色体异常 (Q00-Q99)
Q74.001,马德隆畸形,158,MDLJX,第17章 先天性畸形、变形和染色体异常 (Q00-Q99)
Q74.002,巨趾(指),158,JZZ,第17章 先天性畸形、变形和染色体异常 (Q00-Q99)
Q74.101,先天性髌骨半脱位,158,XTXBGBTW,第17章 先天性畸形、变形和染色体异常 (Q00-Q99)
Q74.102,先天性膝外翻,158,XTXXWF,第17章 先天性畸形、变形和染色体异常 (Q00-Q99)
Q74.103,先天性髌骨脱位,158,XTXBGTW,第17章 先天性畸形、变形和染色体异常 (Q00-Q99)
Q74.105,先天性膝内翻(弓形腿),158,XTXXNFGXT,第17章 先天性畸形、变形和染色体异常 (Q00-Q99)
Q74.201,先天性腓骨结构不良,158,XTXFGJGBL,第17章 先天性畸形、变形和染色体异常 (Q00-Q99)
Q74.202,先天性下肢骨假关节,158,XTXXZGJGJ,第17章 先天性畸形、变形和染色体异常 (Q00-Q99)
Q74.203,先天性骶骨假关节,158,XTXDGJGJ,第17章 先天性畸形、变形和染色体异常 (Q00-Q99)
Q74.801,先天性膝关节发育不良,158,XTXXGJFYBL,第17章 先天性畸形、变形和染色体异常 (Q00-Q99)
Q74.802,先天性巨肢症,158,XTXJZZ,第17章 先天性畸形、变形和染色体异常 (Q00-Q99)
Q75.001,尖头(畸形),158,JTJX,第17章 先天性畸形、变形和染色体异常 (Q00-Q99)
Q75.002,颅狭窄症(颅骨缝早闭),158,LXZZLGFZB,第17章 先天性畸形、变形和染色体异常 (Q00-Q99)
Q75.401,特-柯二氏综合征(下颌面骨发育障碍),158,TKESZHZXHMGFYZA,第17章 先天性畸形、变形和染色体异常 (Q00-Q99)
Q75.402,颏后缩,158,KHS,第17章 先天性畸形、变形和染色体异常 (Q00-Q99)
Q75.801,扁颅底(颅底凹陷症)(寰椎枕骨并联),158,BLDLDAXZHZZGBL,第17章 先天性畸形、变形和染色体异常 (Q00-Q99)
Q75.802,先天性颅骨畸形,158,XTXLGJX,第17章 先天性畸形、变形和染色体异常 (Q00-Q99)
Q75.803,先天性颅骨缺失,158,XTXLGQS,第17章 先天性畸形、变形和染色体异常 (Q00-Q99)
Q75.804,先天性枕骨大孔区畸形,158,XTXZGDKQJX,第17章 先天性畸形、变形和染色体异常 (Q00-Q99)
Q75.805,茎突过长,158,JTGC,第17章 先天性畸形、变形和染色体异常 (Q00-Q99)
Q75.806,茎突综合征,158,JTZHZ,第17章 先天性畸形、变形和染色体异常 (Q00-Q99)
Q75.901,先天性头颅凹陷,158,XTXTLAX,第17章 先天性畸形、变形和染色体异常 (Q00-Q99)
Q75.902,高颧骨,158,GQG,第17章 先天性畸形、变形和染色体异常 (Q00-Q99)
Q76.001,隐性脊柱裂,158,YXJZL,第17章 先天性畸形、变形和染色体异常 (Q00-Q99)
Q76.101,短颈综合征(克利佩尔费尔综合征),158,DJZHZKLPEFEZHZ,第17章 先天性畸形、变形和染色体异常 (Q00-Q99)
Q76.201,先天性脊椎滑脱,158,XTXJZHT,第17章 先天性畸形、变形和染色体异常 (Q00-Q99)
Q76.202,脊椎前移,158,JZQY,第17章 先天性畸形、变形和染色体异常 (Q00-Q99)
Q76.203,腰骶脊椎前移,158,YDJZQY,第17章 先天性畸形、变形和染色体异常 (Q00-Q99)
Q76.401,骶椎腰化,158,DZYH,第17章 先天性畸形、变形和染色体异常 (Q00-Q99)
Q76.402,颈椎横突过长,158,JZHTGC,第17章 先天性畸形、变形和染色体异常 (Q00-Q99)
Q76.403,先天性脊柱后凸,158,XTXJZHT,第17章 先天性畸形、变形和染色体异常 (Q00-Q99)
Q76.404,先天性脊柱畸形,158,XTXJZJX,第17章 先天性畸形、变形和染色体异常 (Q00-Q99)
Q76.405,先天性脊柱融合,158,XTXJZRH,第17章 先天性畸形、变形和染色体异常 (Q00-Q99)
Q76.406,先天性尾骨畸形,158,XTXWGJX,第17章 先天性畸形、变形和染色体异常 (Q00-Q99)
Q76.407,先天性胸椎畸形,158,XTXXZJX,第17章 先天性畸形、变形和染色体异常 (Q00-Q99)
Q76.408,先天性脊椎(骨)缺失,158,XTXJZGQS,第17章 先天性畸形、变形和染色体异常 (Q00-Q99)
Q76.409,脊柱骨骺发育不良,158,JZGHFYBL,第17章 先天性畸形、变形和染色体异常 (Q00-Q99)
Q76.410,创伤性腰椎峡部裂(陈旧),158,CSXYZXBLCJ,第17章 先天性畸形、变形和染色体异常 (Q00-Q99)
Q76.412,半椎体畸形,158,BZTJX,第17章 先天性畸形、变形和染色体异常 (Q00-Q99)
Q76.413,腰椎峡部裂,158,YZXBL,第17章 先天性畸形、变形和染色体异常 (Q00-Q99)
Q76.501,颈肋,158,JL,第17章 先天性畸形、变形和染色体异常 (Q00-Q99)
Q76.601,先天性肋骨融合,158,XTXLGRH,第17章 先天性畸形、变形和染色体异常 (Q00-Q99)
Q76.602,分叉肋,158,FCL,第17章 先天性畸形、变形和染色体异常 (Q00-Q99)
Q76.801,剑突肥大,158,JTFD,第17章 先天性畸形、变形和染色体异常 (Q00-Q99)
Q77.401,软骨发育不全,158,RGFYBQ,第17章 先天性畸形、变形和染色体异常 (Q00-Q99)
Q77.501,骨发育畸形,158,GFYJX,第17章 先天性畸形、变形和染色体异常 (Q00-Q99)
Q78.001,成骨不全(骨脆症),158,CGBQGCZ,第17章 先天性畸形、变形和染色体异常 (Q00-Q99)
Q78.101,弥漫性纤维性骨炎,158,MMXXWXGY,第17章 先天性畸形、变形和染色体异常 (Q00-Q99)
Q78.102,"骨纤维异样增殖症,多骨性",158,GXWYYZZZDGX,第17章 先天性畸形、变形和染色体异常 (Q00-Q99)
Q78.201,骨硬化病(大理石骨),158,GYHBDLSG,第17章 先天性畸形、变形和染色体异常 (Q00-Q99)
Q78.401,奥利埃氏病(软骨发育不良),158,ALASBRGFYBL,第17章 先天性畸形、变形和染色体异常 (Q00-Q99)
Q78.402,先天性多发性骨软骨瘤,158,XTXDFXGRGL,第17章 先天性畸形、变形和染色体异常 (Q00-Q99)
Q78.403,马富西氏综合征(软骨发育不全并发血管瘤),158,MFXSZHZRGFYBQBFXGL,第17章 先天性畸形、变形和染色体异常 (Q00-Q99)
Q78.404,膝滑膜骨软骨瘤病,158,XHMGRGLB,第17章 先天性畸形、变形和染色体异常 (Q00-Q99)
Q78.405,肩滑膜软骨瘤病,158,JHMRGLB,第17章 先天性畸形、变形和染色体异常 (Q00-Q99)
Q78.406,踝关节滑膜软骨瘤病,158,HGJHMRGLB,第17章 先天性畸形、变形和染色体异常 (Q00-Q99)
Q78.407,髋关节滑膜软骨瘤病,158,KGJHMRGLB,第17章 先天性畸形、变形和染色体异常 (Q00-Q99)
Q78.601,先天性外生骨疣,158,XTXWSGY,第17章 先天性畸形、变形和染色体异常 (Q00-Q99)
Q78.901,软骨营养障碍,158,RGYYZA,第17章 先天性畸形、变形和染色体异常 (Q00-Q99)
Q78.902,先天性软骨增生,158,XTXRGZS,第17章 先天性畸形、变形和染色体异常 (Q00-Q99)
Q79.001,先天性膈疝,158,XTXGS,第17章 先天性畸形、变形和染色体异常 (Q00-Q99)
Q79.101,膈缺失,152,GQS,第17章 先天性畸形、变形和染色体异常 (Q00-Q99)
Q79.201,先天性脐疝,158,XTXQS,第17章 先天性畸形、变形和染色体异常 (Q00-Q99)
Q79.202,先天性脐膨出,158,XTXQPC,第17章 先天性畸形、变形和染色体异常 (Q00-Q99)
Q79.301,腹裂,158,FL,第17章 先天性畸形、变形和染色体异常 (Q00-Q99)
Q79.601,埃勒斯-当洛斯二氏综合征,158,ALSDLSESZHZ,第17章 先天性畸形、变形和染色体异常 (Q00-Q99)
Q79.801,先天性胸大肌缺失,158,XTXXDJQS,第17章 先天性畸形、变形和染色体异常 (Q00-Q99)
Q79.802,膈肌发育不良,158,GJFYBL,第17章 先天性畸形、变形和染色体异常 (Q00-Q99)
Q79.803,束带综合征,158,SDZHZ,第17章 先天性畸形、变形和染色体异常 (Q00-Q99)
Q80.001,寻常性鳞癣,152,XCXLX,第17章 先天性畸形、变形和染色体异常 (Q00-Q99)
Q80.901,先天性鳞癣,152,XTXLX,第17章 先天性畸形、变形和染色体异常 (Q00-Q99)
Q80.902,鱼鳞病(鱼鳞癣),152,YLBYLX,第17章 先天性畸形、变形和染色体异常 (Q00-Q99)
Q81.001,先天性表皮松症,152,XTXBPSZ,第17章 先天性畸形、变形和染色体异常 (Q00-Q99)
Q81.901,大疱性表皮松解,152,DPXBPSJ,第17章 先天性畸形、变形和染色体异常 (Q00-Q99)
Q82.001,先天性淋巴水肿,152,XTXLBSZ,第17章 先天性畸形、变形和染色体异常 (Q00-Q99)
Q82.002,慢性遗传性淋巴水肿,152,MXYCXLBSZ,第17章 先天性畸形、变形和染色体异常 (Q00-Q99)
Q82.101,着色性干皮病,152,ZSXGPB,第17章 先天性畸形、变形和染色体异常 (Q00-Q99)
Q82.201,色素性荨麻疹（系统性皮肤肥大细胞增生症）,152,SSXQMZXTXPFFDXBZSZ,第17章 先天性畸形、变形和染色体异常 (Q00-Q99)
Q82.301,色素失调症,152,SSSTZ,第17章 先天性畸形、变形和染色体异常 (Q00-Q99)
Q82.401,外胚层发育不良,152,WPCFYBL,第17章 先天性畸形、变形和染色体异常 (Q00-Q99)
Q82.501,疣状痣,152,YZZ,第17章 先天性畸形、变形和染色体异常 (Q00-Q99)
Q82.502,血管痣,152,XGZ,第17章 先天性畸形、变形和染色体异常 (Q00-Q99)
Q82.801,弹性纤维假黄瘤,152,TXXWJHL,第17章 先天性畸形、变形和染色体异常 (Q00-Q99)
Q82.802,良性慢性家族性天疱疮,152,LXMXJZXTPC,第17章 先天性畸形、变形和染色体异常 (Q00-Q99)
Q82.803,掌跖角化症,152,ZZJHZ,第17章 先天性畸形、变形和染色体异常 (Q00-Q99)
Q82.804,达里埃氏病(毛囊角化症),152,DLASBMNJHZ,第17章 先天性畸形、变形和染色体异常 (Q00-Q99)
Q82.806,外阴象皮病,152,WYXPB,第17章 先天性畸形、变形和染色体异常 (Q00-Q99)
Q83.101,副乳腺囊性增生,152,FRXNXZS,第17章 先天性畸形、变形和染色体异常 (Q00-Q99)
Q83.102,副乳腺腺病,152,FRXXB,第17章 先天性畸形、变形和染色体异常 (Q00-Q99)
Q83.801,乳房发育不良,152,RFFYBL,第17章 先天性畸形、变形和染色体异常 (Q00-Q99)
Q83.802,乳房异位,152,RFYW,第17章 先天性畸形、变形和染色体异常 (Q00-Q99)
Q83.803,多乳头畸形,152,DRTJX,第17章 先天性畸形、变形和染色体异常 (Q00-Q99)
Q83.823,副乳腺,152,FRX,第17章 先天性畸形、变形和染色体异常 (Q00-Q99)
Q83.901,重复乳,152,CFR,第17章 先天性畸形、变形和染色体异常 (Q00-Q99)
Q84.201,先天性多毛,152,XTXDM,第17章 先天性畸形、变形和染色体异常 (Q00-Q99)
Q84.501,先天性皮肤缩窄症,071,XTXPFSZZ,第17章 先天性畸形、变形和染色体异常 (Q00-Q99)
Q84.601,先天性指缩窄性腱鞘炎,152,XTXZSZXJQY,第17章 先天性畸形、变形和染色体异常 (Q00-Q99)
Q85.001,神经纤维瘤病（非恶性）,152,SJXWLBFEX,第17章 先天性畸形、变形和染色体异常 (Q00-Q99)
Q85.002,多发性神经纤维瘤,152,DFXSJXWL,第17章 先天性畸形、变形和染色体异常 (Q00-Q99)
Q85.101,结节性(脑)硬化,152,JJXNYH,第17章 先天性畸形、变形和染色体异常 (Q00-Q99)
Q85.801,普-杰二氏综合征(遗传性色素沉着消化道息肉),152,PJESZHZYCXSSCZXHDXR,第17章 先天性畸形、变形和染色体异常 (Q00-Q99)
Q85.802,斯-卡-韦三氏综合征(颜面血管瘤青光眼综合征),152,SKWSSZHZYMXGLQGYZHZ,第17章 先天性畸形、变形和染色体异常 (Q00-Q99)
Q85.803,斯-韦二氏综合征(皮肤柔脑膜血管瘤病),152,SWESZHZPFRNMXGLB,第17章 先天性畸形、变形和染色体异常 (Q00-Q99)
Q85.804,冯.希培-林道二氏综合征(脑视网膜血管瘤病),152,FXPLDESZHZNSWMXGLB,第17章 先天性畸形、变形和染色体异常 (Q00-Q99)
Q85.805,希培耳氏病(视网膜血管瘤病),152,XPESBSWMXGLB,第17章 先天性畸形、变形和染色体异常 (Q00-Q99)
Q85.901,肺错构瘤,152,FCGL,第17章 先天性畸形、变形和染色体异常 (Q00-Q99)
Q85.902,腹膜后错构瘤,152,FMHCGL,第17章 先天性畸形、变形和染色体异常 (Q00-Q99)
Q85.903,肾错构瘤,152,SCGL,第17章 先天性畸形、变形和染色体异常 (Q00-Q99)
Q85.904,支气管错构瘤,152,ZQGCGL,第17章 先天性畸形、变形和染色体异常 (Q00-Q99)
Q85.905,鼻部错构瘤,152,BBCGL,第17章 先天性畸形、变形和染色体异常 (Q00-Q99)
Q85.906,纵隔错构瘤,152,ZGCGL,第17章 先天性畸形、变形和染色体异常 (Q00-Q99)
Q85.907,脑错构瘤,152,NCGL,第17章 先天性畸形、变形和染色体异常 (Q00-Q99)
Q85.908,四肢错构瘤,152,SZCGL,第17章 先天性畸形、变形和染色体异常 (Q00-Q99)
Q85.909,食管错构瘤,152,SGCGL,第17章 先天性畸形、变形和染色体异常 (Q00-Q99)
Q85.910,乳房错构瘤,152,RFCGL,第17章 先天性畸形、变形和染色体异常 (Q00-Q99)
Q85.911,空肠错构瘤,152,KCCGL,第17章 先天性畸形、变形和染色体异常 (Q00-Q99)
Q85.912,骶尾部错构瘤,152,DWBCGL,第17章 先天性畸形、变形和染色体异常 (Q00-Q99)
Q85.913,头皮错构瘤,152,TPCGL,第17章 先天性畸形、变形和染色体异常 (Q00-Q99)
Q85.914,躯干部错构瘤,152,QGBCGL,第17章 先天性畸形、变形和染色体异常 (Q00-Q99)
Q85.915,面部错构瘤,152,MBCGL,第17章 先天性畸形、变形和染色体异常 (Q00-Q99)
Q85.916,外阴错构瘤,152,WYCGL,第17章 先天性畸形、变形和染色体异常 (Q00-Q99)
Q85.917,脾错构瘤,152,PCGL,第17章 先天性畸形、变形和染色体异常 (Q00-Q99)
Q87.001,角结膜皮样瘤,152,JJMPYL,第17章 先天性畸形、变形和染色体异常 (Q00-Q99)
Q87.101,普拉德-威利综合征,152,PLDWLZHZ,第17章 先天性畸形、变形和染色体异常 (Q00-Q99)
Q87.201,指(趾)甲 - 膑骨综合征,152,ZZJBGZHZ,第17章 先天性畸形、变形和染色体异常 (Q00-Q99)
Q87.202,克利佩尔-特雷诺内氏综合征,152,KLPETLNNSZHZ,第17章 先天性畸形、变形和染色体异常 (Q00-Q99)
Q87.203,鲁宾斯坦-泰必氏综合征,152,LBSTTBSZHZ,第17章 先天性畸形、变形和染色体异常 (Q00-Q99)
Q87.401,马凡氏综合征,152,MFSZHZ,第17章 先天性畸形、变形和染色体异常 (Q00-Q99)
Q87.801,奥尔波特氏综合征,152,AEBTSZHZ,第17章 先天性畸形、变形和染色体异常 (Q00-Q99)
Q87.802,肝肾脑综合征,152,GSNZHZ,第17章 先天性畸形、变形和染色体异常 (Q00-Q99)
Q89.001,多囊脾,152,DNP,第17章 先天性畸形、变形和染色体异常 (Q00-Q99)
Q89.002,副脾,152,FP,第17章 先天性畸形、变形和染色体异常 (Q00-Q99)
Q89.003,游走脾,152,YZP,第17章 先天性畸形、变形和染色体异常 (Q00-Q99)
Q89.101,肾上腺异位,152,SSXYW,第17章 先天性畸形、变形和染色体异常 (Q00-Q99)
Q89.201,甲状舌管瘘,152,JZSGL,第17章 先天性畸形、变形和染色体异常 (Q00-Q99)
Q89.202,甲状舌管囊肿,152,JZSGNZ,第17章 先天性畸形、变形和染色体异常 (Q00-Q99)
Q89.203,垂体异位,152,CTYW,第17章 先天性畸形、变形和染色体异常 (Q00-Q99)
Q89.204,甲状腺异位,152,JZXYW,第17章 先天性畸形、变形和染色体异常 (Q00-Q99)
Q89.301,内脏反位,152,NZFW,第17章 先天性畸形、变形和染色体异常 (Q00-Q99)
Q89.302,卡塔格内氏综合征（Kartagener）,152,KTGNSZHZ,第17章 先天性畸形、变形和染色体异常 (Q00-Q99)
Q89.401,腹部寄生胎,152,FBJST,第17章 先天性畸形、变形和染色体异常 (Q00-Q99)
Q89.402,联体双胎,152,LTST,第17章 先天性畸形、变形和染色体异常 (Q00-Q99)
Q89.403,不对称联体儿,152,BDCLTE,第17章 先天性畸形、变形和染色体异常 (Q00-Q99)
Q89.701,先天性多发畸形,152,XTXDFJX,第17章 先天性畸形、变形和染色体异常 (Q00-Q99)
Q89.801,先天性脐瘘,152,XTXQL,第17章 先天性畸形、变形和染色体异常 (Q00-Q99)
Q89.802,先天性淋巴管畸形,152,XTXLBGJX,第17章 先天性畸形、变形和染色体异常 (Q00-Q99)
Q89.901,先天性发育异常,152,XTXFYYC,第17章 先天性畸形、变形和染色体异常 (Q00-Q99)
Q90.901,21-三体综合征,152,STZHZ,第17章 先天性畸形、变形和染色体异常 (Q00-Q99)
Q90.902,唐氏综合征(蒙古种型-先天愚型综合征),152,TSZHZMGZXXTYXZHZ,第17章 先天性畸形、变形和染色体异常 (Q00-Q99)
Q91.301,18-三体综合征,152,STZHZ,第17章 先天性畸形、变形和染色体异常 (Q00-Q99)
Q93.401,猫叫综合征,152,MJZHZ,第17章 先天性畸形、变形和染色体异常 (Q00-Q99)
Q93.801,Brugada综合征,152,BRUGADAZHZ,第17章 先天性畸形、变形和染色体异常 (Q00-Q99)
Q96.901,特纳氏综合征(性机能延迟发育综合征),152,TNSZHZXJNYCFYZHZ,第17章 先天性畸形、变形和染色体异常 (Q00-Q99)
Q96.902,混合性性腺发育不全,152,HHXXXFYBQ,第17章 先天性畸形、变形和染色体异常 (Q00-Q99)
Q98.401,克莱恩费尔氏综合征(细精管发育不全),152,KLEFESZHZXJGFYBQ,第17章 先天性畸形、变形和染色体异常 (Q00-Q99)
Q99.001,46XX男性综合征(性逆转综合征),152,NXZHZXNZZHZ,第17章 先天性畸形、变形和染色体异常 (Q00-Q99)
Q99.101,纯性腺发育不良,152,CXXFYBL,第17章 先天性畸形、变形和染色体异常 (Q00-Q99)
Q99.201,脆X综合征,152,CZHZ,第17章 先天性畸形、变形和染色体异常 (Q00-Q99)
Q99.901,染色体异常,152,RSTYC,第17章 先天性畸形、变形和染色体异常 (Q00-Q99)
R00.001,心动过速,159,XDGS,第18章 症状、体征和临床与实验室异常所见 (R00-R99)
R00.101,窦性心动过缓,159,DXXDGH,第18章 症状、体征和临床与实验室异常所见 (R00-R99)
R00.201,心悸,159,XJ,第18章 症状、体征和临床与实验室异常所见 (R00-R99)
R00.801,三联律,159,SLL,第18章 症状、体征和临床与实验室异常所见 (R00-R99)
R01.101,心脏杂音,159,XZZY,第18章 症状、体征和临床与实验室异常所见 (R00-R99)
R02  01,上肢坏疽,159,SZHJ,第18章 症状、体征和临床与实验室异常所见 (R00-R99)
R02  02,新生儿皮下坏疽,159,XSEPXHJ,第18章 症状、体征和临床与实验室异常所见 (R00-R99)
R02  03,下肢坏疽,159,XZHJ,第18章 症状、体征和临床与实验室异常所见 (R00-R99)
R02  04,腹壁坏疽,159,FBHJ,第18章 症状、体征和临床与实验室异常所见 (R00-R99)
R04.001,鼻出血(鼻衄),159,BCXBN,第18章 症状、体征和临床与实验室异常所见 (R00-R99)
R04.101,咽出血,159,YCX,第18章 症状、体征和临床与实验室异常所见 (R00-R99)
R04.201,咯血,159,KX,第18章 症状、体征和临床与实验室异常所见 (R00-R99)
R04.801,肺出血,159,FCX,第18章 症状、体征和临床与实验室异常所见 (R00-R99)
R04.901,呼吸道出血,159,HXDCX,第18章 症状、体征和临床与实验室异常所见 (R00-R99)
R05  01,咳嗽,159,KS,第18章 症状、体征和临床与实验室异常所见 (R00-R99)
R05  02,咳嗽晕厥综合症,159,KSYJZHZ,第18章 症状、体征和临床与实验室异常所见 (R00-R99)
R06.001,呼吸困难,159,HXKN,第18章 症状、体征和临床与实验室异常所见 (R00-R99)
R06.002,气短,159,QD,第18章 症状、体征和临床与实验室异常所见 (R00-R99)
R06.003,胸闷,159,XM,第18章 症状、体征和临床与实验室异常所见 (R00-R99)
R06.004,婴儿屏气发作,159,YEPQFZ,第18章 症状、体征和临床与实验室异常所见 (R00-R99)
R06.501,鼾症,159,HZ,第18章 症状、体征和临床与实验室异常所见 (R00-R99)
R06.502,打鼾,159,DH,第18章 症状、体征和临床与实验室异常所见 (R00-R99)
R06.601,呃逆,159,EN,第18章 症状、体征和临床与实验室异常所见 (R00-R99)
R06.602,隔肌上提,159,GJST,第18章 症状、体征和临床与实验室异常所见 (R00-R99)
R06.801,呼吸肌麻痹,159,HXJMB,第18章 症状、体征和临床与实验室异常所见 (R00-R99)
R07.001,咽痛,159,YT,第18章 症状、体征和临床与实验室异常所见 (R00-R99)
R07.002,咽异感症,159,YYGZ,第18章 症状、体征和临床与实验室异常所见 (R00-R99)
R07.301,心前区疼痛,159,XQQTT,第18章 症状、体征和临床与实验室异常所见 (R00-R99)
R07.401,胸痛,159,XT,第18章 症状、体征和临床与实验室异常所见 (R00-R99)
R09.001,窒息,159,ZX,第18章 症状、体征和临床与实验室异常所见 (R00-R99)
R09.101,胆汁性胸膜炎,159,DZXXMY,第18章 症状、体征和临床与实验室异常所见 (R00-R99)
R09.102,慢性胸膜炎,159,MXXMY,第18章 症状、体征和临床与实验室异常所见 (R00-R99)
R09.103,胸膜炎,159,XMY,第18章 症状、体征和临床与实验室异常所见 (R00-R99)
R09.201,呼吸骤停,159,HXZT,第18章 症状、体征和临床与实验室异常所见 (R00-R99)
R10.001,急腹症,159,JFZ,第18章 症状、体征和临床与实验室异常所见 (R00-R99)
R10.201,会阴部疼痛,159,HYBTT,第18章 症状、体征和临床与实验室异常所见 (R00-R99)
R10.401,腹痛,159,FT,第18章 症状、体征和临床与实验室异常所见 (R00-R99)
R10.402,功能性腹痛,159,GNXFT,第18章 症状、体征和临床与实验室异常所见 (R00-R99)
R11  01,呕吐,159,OT,第18章 症状、体征和临床与实验室异常所见 (R00-R99)
R11  02,周期性呕吐,159,ZQXOT,第18章 症状、体征和临床与实验室异常所见 (R00-R99)
R13  01,咽下困难,159,YXKN,第18章 症状、体征和临床与实验室异常所见 (R00-R99)
R15  01,大便失禁,159,DBSJ,第18章 症状、体征和临床与实验室异常所见 (R00-R99)
R16.001,肝大,159,GD,第18章 症状、体征和临床与实验室异常所见 (R00-R99)
R16.101,脾大,159,PD,第18章 症状、体征和临床与实验室异常所见 (R00-R99)
R16.201,肝脾大,159,GPD,第18章 症状、体征和临床与实验室异常所见 (R00-R99)
R17  01,黄疸,159,HD,第18章 症状、体征和临床与实验室异常所见 (R00-R99)
R17  02,感染性黄疸,159,GRXHD,第18章 症状、体征和临床与实验室异常所见 (R00-R99)
R18  01,腹腔包裹积液,159,FQBGJY,第18章 症状、体征和临床与实验室异常所见 (R00-R99)
R18  02,腹水,159,FS,第18章 症状、体征和临床与实验室异常所见 (R00-R99)
R18  03,血性腹水,159,XXFS,第18章 症状、体征和临床与实验室异常所见 (R00-R99)
R18  04,恶性腹水,159,EXFS,第18章 症状、体征和临床与实验室异常所见 (R00-R99)
R18  05,膈下积液,159,GXJY,第18章 症状、体征和临床与实验室异常所见 (R00-R99)
R19.001,腹部肿物,159,FBZW,第18章 症状、体征和临床与实验室异常所见 (R00-R99)
R19.002,腹部肿胀,159,FBZZ,第18章 症状、体征和临床与实验室异常所见 (R00-R99)
R19.003,腹腔假囊肿,159,FQJNZ,第18章 症状、体征和临床与实验室异常所见 (R00-R99)
R19.004,盆腔肿物,159,PQZW,第18章 症状、体征和临床与实验室异常所见 (R00-R99)
R19.005,腹股沟肿物,159,FGGZW,第18章 症状、体征和临床与实验室异常所见 (R00-R99)
R19.006,功能性腹胀,159,GNXFZ,第18章 症状、体征和临床与实验室异常所见 (R00-R99)
R19.501,大便潜血,159,DBQX,第18章 症状、体征和临床与实验室异常所见 (R00-R99)
R19.601,口臭,159,KC,第18章 症状、体征和临床与实验室异常所见 (R00-R99)
R20.201,偏身感觉异常,159,PSGJYC,第18章 症状、体征和临床与实验室异常所见 (R00-R99)
R20.801,肢体麻木,159,ZTMM,第18章 症状、体征和临床与实验室异常所见 (R00-R99)
R20.802,口周麻木,159,KZMM,第18章 症状、体征和临床与实验室异常所见 (R00-R99)
R21  01,过敏性皮疹,159,GMXPZ,第18章 症状、体征和临床与实验室异常所见 (R00-R99)
R21  02,皮疹,159,PZ,第18章 症状、体征和临床与实验室异常所见 (R00-R99)
R22.001,耳部皮下肿物,159,EBPXZW,第18章 症状、体征和临床与实验室异常所见 (R00-R99)
R22.002,颊部肿物,159,JBZW,第18章 症状、体征和临床与实验室异常所见 (R00-R99)
R22.003,面部肿胀,159,MBZZ,第18章 症状、体征和临床与实验室异常所见 (R00-R99)
R22.004,头皮肿块,159,TPZK,第18章 症状、体征和临床与实验室异常所见 (R00-R99)
R22.005,面部肿物,159,MBZW,第18章 症状、体征和临床与实验室异常所见 (R00-R99)
R22.101,颈部肿物,159,JBZW,第18章 症状、体征和临床与实验室异常所见 (R00-R99)
R22.201,腋下肿物,159,YXZW,第18章 症状、体征和临床与实验室异常所见 (R00-R99)
R22.901,皮下结节,159,PXJJ,第18章 症状、体征和临床与实验室异常所见 (R00-R99)
R23.001,紫绀,159,ZG,第18章 症状、体征和临床与实验室异常所见 (R00-R99)
R23.101,网状青斑,159,WZQB,第18章 症状、体征和临床与实验室异常所见 (R00-R99)
R23.201,皮肤潮红,159,PFCH,第18章 症状、体征和临床与实验室异常所见 (R00-R99)
R23.301,皮肤出血,159,PFCX,第18章 症状、体征和临床与实验室异常所见 (R00-R99)
R23.302,瘀斑(自发性),159,YBZFX,第18章 症状、体征和临床与实验室异常所见 (R00-R99)
R23.401,皮肤硬结,159,PFYJ,第18章 症状、体征和临床与实验室异常所见 (R00-R99)
R23.801,痘疮样水泡病,159,DCYSPB,第18章 症状、体征和临床与实验室异常所见 (R00-R99)
R25.101,下肢震颤,159,XZZC,第18章 症状、体征和临床与实验室异常所见 (R00-R99)
R25.102,动作性震颤,159,DZXZC,第18章 症状、体征和临床与实验室异常所见 (R00-R99)
R25.103,头部震颤,159,TBZC,第18章 症状、体征和临床与实验室异常所见 (R00-R99)
R25.104,震颤,159,ZC,第18章 症状、体征和临床与实验室异常所见 (R00-R99)
R25.801,异常不随意运动,159,YCBSYYD,第18章 症状、体征和临床与实验室异常所见 (R00-R99)
R26.001,步态异常,159,BTYC,第18章 症状、体征和临床与实验室异常所见 (R00-R99)
R27.001,共济失调,159,GJST,第18章 症状、体征和临床与实验室异常所见 (R00-R99)
R29.001,手足搐搦,159,SZCN,第18章 症状、体征和临床与实验室异常所见 (R00-R99)
R29.101,假性脑膜炎,159,JXNMY,第18章 症状、体征和临床与实验室异常所见 (R00-R99)
R29.801,短暂性肢体麻痹,159,DZXZTMB,第18章 症状、体征和临床与实验室异常所见 (R00-R99)
R29.802,软瘫,159,RT,第18章 症状、体征和临床与实验室异常所见 (R00-R99)
R30.001,排尿困难,159,PNKN,第18章 症状、体征和临床与实验室异常所见 (R00-R99)
R30.901,尿痛,159,NT,第18章 症状、体征和临床与实验室异常所见 (R00-R99)
R31  01,血尿,159,XN,第18章 症状、体征和临床与实验室异常所见 (R00-R99)
R32  01,尿失禁,159,NSJ,第18章 症状、体征和临床与实验室异常所见 (R00-R99)
R32  02,遗尿,159,YN,第18章 症状、体征和临床与实验室异常所见 (R00-R99)
R33  01,尿潴留,159,NZL,第18章 症状、体征和临床与实验室异常所见 (R00-R99)
R34  01,无尿,159,WN,第18章 症状、体征和临床与实验室异常所见 (R00-R99)
R34  02,少尿,159,SN,第18章 症状、体征和临床与实验室异常所见 (R00-R99)
R35  01,多尿,159,DN,第18章 症状、体征和临床与实验室异常所见 (R00-R99)
R35  02,夜尿症,159,YNZ,第18章 症状、体征和临床与实验室异常所见 (R00-R99)
R35  03,慢性盆底痉挛综合征,159,MXPDJLZHZ,第18章 症状、体征和临床与实验室异常所见 (R00-R99)
R39.001,漏尿,159,LN,第18章 症状、体征和临床与实验室异常所见 (R00-R99)
R40.101,木僵,159,MJ,第18章 症状、体征和临床与实验室异常所见 (R00-R99)
R40.201,昏迷,159,HM,第18章 症状、体征和临床与实验室异常所见 (R00-R99)
R40.202,一过性意识丧失,159,YGXYSSS,第18章 症状、体征和临床与实验室异常所见 (R00-R99)
R40.203,意识丧失,159,YSSS,第18章 症状、体征和临床与实验室异常所见 (R00-R99)
R41.301,遗忘,159,YW,第18章 症状、体征和临床与实验室异常所见 (R00-R99)
R42  01,眩晕,159,XY,第18章 症状、体征和临床与实验室异常所见 (R00-R99)
R42  02,周期性眩晕,159,ZQXXY,第18章 症状、体征和临床与实验室异常所见 (R00-R99)
R43.001,嗅觉丧失,159,XJSS,第18章 症状、体征和临床与实验室异常所见 (R00-R99)
R43.801,嗅觉障碍,159,XJZA,第18章 症状、体征和临床与实验室异常所见 (R00-R99)
R44.001,听幻觉,159,THJ,第18章 症状、体征和临床与实验室异常所见 (R00-R99)
R44.101,幻视,159,HS,第18章 症状、体征和临床与实验室异常所见 (R00-R99)
R45.001,神经功能失调,159,SJGNST,第18章 症状、体征和临床与实验室异常所见 (R00-R99)
R47.001,命名性失语,159,MMXSY,第18章 症状、体征和临床与实验室异常所见 (R00-R99)
R47.002,失语,159,SY,第18章 症状、体征和临床与实验室异常所见 (R00-R99)
R47.003,运动性失语,159,YDXSY,第18章 症状、体征和临床与实验室异常所见 (R00-R99)
R47.004,混合性失语,159,HHXSY,第18章 症状、体征和临床与实验室异常所见 (R00-R99)
R47.101,构音障碍,159,GYZA,第18章 症状、体征和临床与实验室异常所见 (R00-R99)
R47.102,发音不清,159,FYBQ,第18章 症状、体征和临床与实验室异常所见 (R00-R99)
R49.001,声嘶,159,SS,第18章 症状、体征和临床与实验室异常所见 (R00-R99)
R49.101,失音,159,SY,第18章 症状、体征和临床与实验室异常所见 (R00-R99)
R50.901,发热,159,FR,第18章 症状、体征和临床与实验室异常所见 (R00-R99)
R50.902,感染后低热综合征,159,GRHDRZHZ,第18章 症状、体征和临床与实验室异常所见 (R00-R99)
R51  01,头痛,159,TT,第18章 症状、体征和临床与实验室异常所见 (R00-R99)
R51  02,低颅压性头痛,159,DLYXTT,第18章 症状、体征和临床与实验室异常所见 (R00-R99)
R51  03,面部疼痛,159,MBTT,第18章 症状、体征和临床与实验室异常所见 (R00-R99)
R52.201,癌痛综合征,159,ATZHZ,第18章 症状、体征和临床与实验室异常所见 (R00-R99)
R52.901,全身性疼痛,159,QSXTT,第18章 症状、体征和临床与实验室异常所见 (R00-R99)
R53  01,肢体无力,159,ZTWL,第18章 症状、体征和临床与实验室异常所见 (R00-R99)
R53  02,乏力,159,FL,第18章 症状、体征和临床与实验室异常所见 (R00-R99)
R53  03,偏侧肢体无力,159,PCZTWL,第18章 症状、体征和临床与实验室异常所见 (R00-R99)
R53  04,全身衰竭,159,QSSJ,第18章 症状、体征和临床与实验室异常所见 (R00-R99)
R53  05,多器官功能障碍综合征(MODS),159,DQGGNZAZHZ,第18章 症状、体征和临床与实验室异常所见 (R00-R99)
R53.012,肢无力,159,ZWL,第18章 症状、体征和临床与实验室异常所见 (R00-R99)
R54  01,老年性震颤,159,LNXZC,第18章 症状、体征和临床与实验室异常所见 (R00-R99)
R55  01,迷走神经性晕厥,159,MZSJXYJ,第18章 症状、体征和临床与实验室异常所见 (R00-R99)
R55  02,心源性晕厥,159,XYXYJ,第18章 症状、体征和临床与实验室异常所见 (R00-R99)
R55  03,虚脱,159,XT,第18章 症状、体征和临床与实验室异常所见 (R00-R99)
R55  04,晕厥,159,YJ,第18章 症状、体征和临床与实验室异常所见 (R00-R99)
R55  05,血管抑制性晕厥,159,XGYZXYJ,第18章 症状、体征和临床与实验室异常所见 (R00-R99)
R55  06,排尿性晕厥,153,PNXYJ,第18章 症状、体征和临床与实验室异常所见 (R00-R99)
R55.051,剧咳后晕厥,159,JKHYJ,第18章 症状、体征和临床与实验室异常所见 (R00-R99)
R56.001,高热惊厥,159,GRJJ,第18章 症状、体征和临床与实验室异常所见 (R00-R99)
R56.801,抽搐状态,159,CCZT,第18章 症状、体征和临床与实验室异常所见 (R00-R99)
R56.802,惊厥,159,JJ,第18章 症状、体征和临床与实验室异常所见 (R00-R99)
R56.803,不明原因的抽搐,159,BMYYDCC,第18章 症状、体征和临床与实验室异常所见 (R00-R99)
R56.804,婴儿惊厥,159,YEJJ,第18章 症状、体征和临床与实验室异常所见 (R00-R99)
R57.001,心源性休克,159,XYXXK,第18章 症状、体征和临床与实验室异常所见 (R00-R99)
R57.101,失血性休克,159,SXXXK,第18章 症状、体征和临床与实验室异常所见 (R00-R99)
R57.102,低血容量休克,159,DXRLXK,第18章 症状、体征和临床与实验室异常所见 (R00-R99)
R57.801,感染性休克,159,GRXXK,第18章 症状、体征和临床与实验室异常所见 (R00-R99)
R57.802,中毒性休克,159,ZDXXK,第18章 症状、体征和临床与实验室异常所见 (R00-R99)
R57.901,休克,159,XK,第18章 症状、体征和临床与实验室异常所见 (R00-R99)
R58  01,腹腔内出血,159,FQNCX,第18章 症状、体征和临床与实验室异常所见 (R00-R99)
R58  02,内脏出血,159,NZCX,第18章 症状、体征和临床与实验室异常所见 (R00-R99)
R58  03,瘀斑,159,YB,第18章 症状、体征和临床与实验室异常所见 (R00-R99)
R58  04,粘膜出血,159,NMCX,第18章 症状、体征和临床与实验室异常所见 (R00-R99)
R58  05,肿瘤破裂出血,159,ZLPLCX,第18章 症状、体征和临床与实验室异常所见 (R00-R99)
R59.001,颈淋巴结肿大,159,JLBJZD,第18章 症状、体征和临床与实验室异常所见 (R00-R99)
R59.002,纵膈淋巴结肿大,159,ZGLBJZD,第18章 症状、体征和临床与实验室异常所见 (R00-R99)
R59.003,腹腔淋巴结肿大,159,FQLBJZD,第18章 症状、体征和临床与实验室异常所见 (R00-R99)
R59.004,咽部淋巴结肿大,159,YBLBJZD,第18章 症状、体征和临床与实验室异常所见 (R00-R99)
R59.005,腹膜后淋巴结肿大,159,FMHLBJZD,第18章 症状、体征和临床与实验室异常所见 (R00-R99)
R59.006,腋下淋巴结肿大,159,YXLBJZD,第18章 症状、体征和临床与实验室异常所见 (R00-R99)
R59.007,肺门淋巴结肿大,159,FMLBJZD,第18章 症状、体征和临床与实验室异常所见 (R00-R99)
R59.101,巨大淋巴结增生,159,JDLBJZS,第18章 症状、体征和临床与实验室异常所见 (R00-R99)
R59.102,慢性淋巴系统增殖性疾病,159,MXLBXTZZXJB,第18章 症状、体征和临床与实验室异常所见 (R00-R99)
R59.103,Castleman病(巨大淋巴结增殖症),159,CASTLEMANBJDLBJZZZ,第18章 症状、体征和临床与实验室异常所见 (R00-R99)
R59.901,淋巴结肿大,159,LBJZD,第18章 症状、体征和临床与实验室异常所见 (R00-R99)
R59.902,血管免疫母细胞性淋巴结病,159,XGMYMXBXLBJB,第18章 症状、体征和临床与实验室异常所见 (R00-R99)
R59.903,淋巴结反应性增生,159,LBJFYXZS,第18章 症状、体征和临床与实验室异常所见 (R00-R99)
R59.904,假性淋巴瘤,159,JXLBL,第18章 症状、体征和临床与实验室异常所见 (R00-R99)
R60.001,半身水肿,159,BSSZ,第18章 症状、体征和临床与实验室异常所见 (R00-R99)
R60.002,下肢水肿,159,XZSZ,第18章 症状、体征和临床与实验室异常所见 (R00-R99)
R60.901,水肿,159,SZ,第18章 症状、体征和临床与实验室异常所见 (R00-R99)
R60.902,体液潴留,159,TYZL,第18章 症状、体征和临床与实验室异常所见 (R00-R99)
R61.901,多汗症,159,DHZ,第18章 症状、体征和临床与实验室异常所见 (R00-R99)
R62.801,发育迟缓,159,FYCH,第18章 症状、体征和临床与实验室异常所见 (R00-R99)
R62.802,身材矮小,159,SCAX,第18章 症状、体征和临床与实验室异常所见 (R00-R99)
R62.803,运动发育迟缓,159,YDFYCH,第18章 症状、体征和临床与实验室异常所见 (R00-R99)
R63.001,食欲不振,159,SYBZ,第18章 症状、体征和临床与实验室异常所见 (R00-R99)
R63.101,多饮,159,DY,第18章 症状、体征和临床与实验室异常所见 (R00-R99)
R63.201,贪食,159,TS,第18章 症状、体征和临床与实验室异常所见 (R00-R99)
R63.301,喂养不当,159,WYBD,第18章 症状、体征和临床与实验室异常所见 (R00-R99)
R63.401,体重减轻,159,TCJQ,第18章 症状、体征和临床与实验室异常所见 (R00-R99)
R64  01,恶病质,159,EBZ,第18章 症状、体征和临床与实验室异常所见 (R00-R99)
R65.901,全身炎症反应综合征,159,QSYZFYZHZ,第18章 症状、体征和临床与实验室异常所见 (R00-R99)
R68.301,杵状指,159,CZZ,第18章 症状、体征和临床与实验室异常所见 (R00-R99)
R68.801,毒血症,159,DXZ,第18章 症状、体征和临床与实验室异常所见 (R00-R99)
R70.001,红细胞沉降率升高,159,HXBCJSSG,第18章 症状、体征和临床与实验室异常所见 (R00-R99)
R70.101,高粘稠血症,159,GNCXZ,第18章 症状、体征和临床与实验室异常所见 (R00-R99)
R70.102,高粘血症,159,GNXZ,第18章 症状、体征和临床与实验室异常所见 (R00-R99)
R73.001,化学性糖尿病,159,HXXTNB,第18章 症状、体征和临床与实验室异常所见 (R00-R99)
R73.002,糖耐量异常,159,TNLYC,第18章 症状、体征和临床与实验室异常所见 (R00-R99)
R73.003,隐性糖尿病,159,YXTNB,第18章 症状、体征和临床与实验室异常所见 (R00-R99)
R73.901,高血糖,159,GXT,第18章 症状、体征和临床与实验室异常所见 (R00-R99)
R74.001,转氨酶升高,159,ZAMSG,第18章 症状、体征和临床与实验室异常所见 (R00-R99)
R74.801,血淀粉酶增高,159,XDFMZG,第18章 症状、体征和临床与实验室异常所见 (R00-R99)
R74.802,心肌酶谱异常,159,XJMPYC,第18章 症状、体征和临床与实验室异常所见 (R00-R99)
R76.801,高免疫球蛋白血症,159,GMYQDBXZ,第18章 症状、体征和临床与实验室异常所见 (R00-R99)
R76.802,轻链沉积病,159,QLCJB,第18章 症状、体征和临床与实验室异常所见 (R00-R99)
R77.101,高球蛋白血症,159,GQDBXZ,第18章 症状、体征和临床与实验室异常所见 (R00-R99)
R77.201,高甲胎蛋白血症,159,GJTDBXZ,第18章 症状、体征和临床与实验室异常所见 (R00-R99)
R78.801,菌血症,159,JXZ,第18章 症状、体征和临床与实验室异常所见 (R00-R99)
R79.801,抗心磷脂综合征,159,KXLZZHZ,第18章 症状、体征和临床与实验室异常所见 (R00-R99)
R79.802,氮质血症,159,DZXZ,第18章 症状、体征和临床与实验室异常所见 (R00-R99)
R79.803,低血氧症,159,DXYZ,第18章 症状、体征和临床与实验室异常所见 (R00-R99)
R80  01,蛋白尿,159,DBN,第18章 症状、体征和临床与实验室异常所见 (R00-R99)
R81  01,糖尿,159,TN,第18章 症状、体征和临床与实验室异常所见 (R00-R99)
R82.001,乳糜尿,159,RMN,第18章 症状、体征和临床与实验室异常所见 (R00-R99)
R82.301,血红旦白尿,159,XHDBN,第18章 症状、体征和临床与实验室异常所见 (R00-R99)
R82.401,丙酮尿症,159,BTNZ,第18章 症状、体征和临床与实验室异常所见 (R00-R99)
R82.901,钙尿,159,GN,第18章 症状、体征和临床与实验室异常所见 (R00-R99)
R83.901,脑脊液不正常,159,NJYBZC,第18章 症状、体征和临床与实验室异常所见 (R00-R99)
R90.001,颅内占位性病变,159,LNZWXBB,第18章 症状、体征和临床与实验室异常所见 (R00-R99)
R90.002,脑占位性病变,159,NZWXBB,第18章 症状、体征和临床与实验室异常所见 (R00-R99)
R91  01,肺部阴影,159,FBYY,第18章 症状、体征和临床与实验室异常所见 (R00-R99)
R93.001,头颅检查异常,159,TLJCYC,第18章 症状、体征和临床与实验室异常所见 (R00-R99)
R93.801,纵隔阴影,159,ZGYY,第18章 症状、体征和临床与实验室异常所见 (R00-R99)
R94.001,脑电图异常,159,NDTYC,第18章 症状、体征和临床与实验室异常所见 (R00-R99)
R94.301,心电图异常,159,XDTYC,第18章 症状、体征和临床与实验室异常所见 (R00-R99)
R94.302,复极综合征,159,FJZHZ,第18章 症状、体征和临床与实验室异常所见 (R00-R99)
R94.303,Q-T间期延长综合征,159,JQYCZHZ,第18章 症状、体征和临床与实验室异常所见 (R00-R99)
R94.304,早期复极综合症,159,ZQFJZHZ,第18章 症状、体征和临床与实验室异常所见 (R00-R99)
R94.401,肾功能异常,159,SGNYC,第18章 症状、体征和临床与实验室异常所见 (R00-R99)
R94.501,肝功能异常,159,GGNYC,第18章 症状、体征和临床与实验室异常所见 (R00-R99)
R95  01,婴儿猝死综合征,159,YECSZHZ,第18章 症状、体征和临床与实验室异常所见 (R00-R99)
R96.001,猝死,159,CS,第18章 症状、体征和临床与实验室异常所见 (R00-R99)
R99  01,脑死亡,159,NSW,第18章 症状、体征和临床与实验室异常所见 (R00-R99)
S00.001,头皮挫伤,160,TPCS,第19章 损伤、中毒和外因的某些其他后果 (S00-T98)
S00.002,头皮血肿,160,TPXZ,第19章 损伤、中毒和外因的某些其他后果 (S00-T98)
S00.101,眼睑挫伤,160,YJCS,第19章 损伤、中毒和外因的某些其他后果 (S00-T98)
S00.201,眼睑血肿,160,YJXZ,第19章 损伤、中毒和外因的某些其他后果 (S00-T98)
S00.202,眼眶挫伤,160,YKCS,第19章 损伤、中毒和外因的某些其他后果 (S00-T98)
S00.301,鼻血肿,160,BXZ,第19章 损伤、中毒和外因的某些其他后果 (S00-T98)
S00.302,鼻挫伤,160,BCS,第19章 损伤、中毒和外因的某些其他后果 (S00-T98)
S00.303,外伤性鞍鼻,160,WSXAB,第19章 损伤、中毒和外因的某些其他后果 (S00-T98)
S00.401,耳廓挫伤,160,EKCS,第19章 损伤、中毒和外因的某些其他后果 (S00-T98)
S00.402,耳廓血肿,160,EKXZ,第19章 损伤、中毒和外因的某些其他后果 (S00-T98)
S00.801,面部表浅异物,160,MBBQYW,第19章 损伤、中毒和外因的某些其他后果 (S00-T98)
S00.802,面部软组织挫伤,160,MBRZZCS,第19章 损伤、中毒和外因的某些其他后果 (S00-T98)
S00.803,面部擦伤,160,MBCS,第19章 损伤、中毒和外因的某些其他后果 (S00-T98)
S00.804,面部挫伤,160,MBCS,第19章 损伤、中毒和外因的某些其他后果 (S00-T98)
S00.805,面部血肿,160,MBXZ,第19章 损伤、中毒和外因的某些其他后果 (S00-T98)
S00.806,面部软组织血肿,160,MBRZZXZ,第19章 损伤、中毒和外因的某些其他后果 (S00-T98)
S00.807,唇外伤,160,CWS,第19章 损伤、中毒和外因的某些其他后果 (S00-T98)
S00.808,颌面部外伤,160,HMBWS,第19章 损伤、中毒和外因的某些其他后果 (S00-T98)
S01.001,头皮裂伤,160,TPLS,第19章 损伤、中毒和外因的某些其他后果 (S00-T98)
S01.101,眼睑撕裂伤累及泪道,160,YJSLSLJLD,第19章 损伤、中毒和外因的某些其他后果 (S00-T98)
S01.102,创伤性眼睑异物,160,CSXYJYW,第19章 损伤、中毒和外因的某些其他后果 (S00-T98)
S01.103,眼睑皮肤裂伤,160,YJPFLS,第19章 损伤、中毒和外因的某些其他后果 (S00-T98)
S01.104,眼睑裂伤伴泪小管断裂,160,YJLSBLXGDL,第19章 损伤、中毒和外因的某些其他后果 (S00-T98)
S01.105,眼睑裂伤,160,YJLS,第19章 损伤、中毒和外因的某些其他后果 (S00-T98)
S01.106,外伤性眼内容物脱出,160,WSXYNRWTC,第19章 损伤、中毒和外因的某些其他后果 (S00-T98)
S01.201,开放性鼻外伤,160,KFXBWS,第19章 损伤、中毒和外因的某些其他后果 (S00-T98)
S01.202,蝶窦异物伴开放性外伤,160,DDYWBKFXWS,第19章 损伤、中毒和外因的某些其他后果 (S00-T98)
S01.203,筛窦内积血,160,SDNJX,第19章 损伤、中毒和外因的某些其他后果 (S00-T98)
S01.301,耳廓开放性外伤,160,EKKFXWS,第19章 损伤、中毒和外因的某些其他后果 (S00-T98)
S01.501,舌外伤,160,SWS,第19章 损伤、中毒和外因的某些其他后果 (S00-T98)
S01.502,唇开放性外伤,160,CKFXWS,第19章 损伤、中毒和外因的某些其他后果 (S00-T98)
S01.503,牙龈裂伤,160,YYLS,第19章 损伤、中毒和外因的某些其他后果 (S00-T98)
S01.504,软腭穿通伤,160,RECTS,第19章 损伤、中毒和外因的某些其他后果 (S00-T98)
S01.505,牙龈撕裂伤,160,YYSLS,第19章 损伤、中毒和外因的某些其他后果 (S00-T98)
S01.506,口腔内开放性伤口,160,KQNKFXSK,第19章 损伤、中毒和外因的某些其他后果 (S00-T98)
S01.701,口及舌损伤,160,KJSSS,第19章 损伤、中毒和外因的某些其他后果 (S00-T98)
S01.801,面部裂伤,160,MBLS,第19章 损伤、中毒和外因的某些其他后果 (S00-T98)
S01.802,面部开放性外伤,160,MBKFXWS,第19章 损伤、中毒和外因的某些其他后果 (S00-T98)
S01.803,面部异物,160,MBYW,第19章 损伤、中毒和外因的某些其他后果 (S00-T98)
S01.901,头部开放性外伤,160,TBKFXWS,第19章 损伤、中毒和外因的某些其他后果 (S00-T98)
S02.001,顶骨骨折,162,DGGZ,第19章 损伤、中毒和外因的某些其他后果 (S00-T98)
S02.002,额骨骨折,162,EGGZ,第19章 损伤、中毒和外因的某些其他后果 (S00-T98)
S02.011,顶骨开放性骨折,162,DGKFXGZ,第19章 损伤、中毒和外因的某些其他后果 (S00-T98)
S02.012,额骨开放性骨折,162,EGKFXGZ,第19章 损伤、中毒和外因的某些其他后果 (S00-T98)
S02.101,颅底骨折,162,LDGZ,第19章 损伤、中毒和外因的某些其他后果 (S00-T98)
S02.102,枕骨骨折,162,ZGGZ,第19章 损伤、中毒和外因的某些其他后果 (S00-T98)
S02.103,颞骨骨折,162,NGGZ,第19章 损伤、中毒和外因的某些其他后果 (S00-T98)
S02.111,颅底开放性骨折,162,LDKFXGZ,第19章 损伤、中毒和外因的某些其他后果 (S00-T98)
S02.201,鼻骨骨折,162,BGGZ,第19章 损伤、中毒和外因的某些其他后果 (S00-T98)
S02.211,鼻骨开放性骨折,162,BGKFXGZ,第19章 损伤、中毒和外因的某些其他后果 (S00-T98)
S02.401,颧弓骨折,162,QGGZ,第19章 损伤、中毒和外因的某些其他后果 (S00-T98)
S02.402,颧骨骨折,162,QGGZ,第19章 损伤、中毒和外因的某些其他后果 (S00-T98)
S02.403,上颌骨骨折,162,SHGGZ,第19章 损伤、中毒和外因的某些其他后果 (S00-T98)
S02.404,颧骨及上颌骨骨折,162,QGJSHGGZ,第19章 损伤、中毒和外因的某些其他后果 (S00-T98)
S02.411,颧骨开放性骨折,162,QGKFXGZ,第19章 损伤、中毒和外因的某些其他后果 (S00-T98)
S02.412,上颌骨开放性骨折,162,SHGKFXGZ,第19章 损伤、中毒和外因的某些其他后果 (S00-T98)
S02.601,髁状突骨折,162,KZTGZ,第19章 损伤、中毒和外因的某些其他后果 (S00-T98)
S02.602,下颌骨骨折,162,XHGGZ,第19章 损伤、中毒和外因的某些其他后果 (S00-T98)
S02.611,下颌骨开放性骨折,162,XHGKFXGZ,第19章 损伤、中毒和外因的某些其他后果 (S00-T98)
S02.701,多发性颅骨骨折,162,DFXLGGZ,第19章 损伤、中毒和外因的某些其他后果 (S00-T98)
S02.711,颅底、上颌骨开放性骨折,162,LDSHGKFXGZ,第19章 损伤、中毒和外因的某些其他后果 (S00-T98)
S02.712,颅骨开放性多发骨折,162,LGKFXDFGZ,第19章 损伤、中毒和外因的某些其他后果 (S00-T98)
S02.713,颅骨多发性开放性骨折,162,LGDFXKFXGZ,第19章 损伤、中毒和外因的某些其他后果 (S00-T98)
S02.801,眶骨骨折,162,KGGZ,第19章 损伤、中毒和外因的某些其他后果 (S00-T98)
S02.802,牙槽骨骨折,162,YCGGZ,第19章 损伤、中毒和外因的某些其他后果 (S00-T98)
S02.803,齿槽骨折,162,CCGZ,第19章 损伤、中毒和外因的某些其他后果 (S00-T98)
S02.811,鼻窦开放性骨折,162,BDKFXGZ,第19章 损伤、中毒和外因的某些其他后果 (S00-T98)
S02.901,面骨骨折,162,MGGZ,第19章 损伤、中毒和外因的某些其他后果 (S00-T98)
S02.902,颅骨骨折,162,LGGZ,第19章 损伤、中毒和外因的某些其他后果 (S00-T98)
S02.911,颅骨开放性骨折,162,LGKFXGZ,第19章 损伤、中毒和外因的某些其他后果 (S00-T98)
S03.001,下颌关节脱位,160,XHGJTW,第19章 损伤、中毒和外因的某些其他后果 (S00-T98)
S03.002,下颌骨脱位,160,XHGTW,第19章 损伤、中毒和外因的某些其他后果 (S00-T98)
S03.201,创伤性牙齿脱落,160,CSXYCTL,第19章 损伤、中毒和外因的某些其他后果 (S00-T98)
S04.001,视神经损伤,160,SSJSS,第19章 损伤、中毒和外因的某些其他后果 (S00-T98)
S04.101,动眼神经损伤,160,DYSJSS,第19章 损伤、中毒和外因的某些其他后果 (S00-T98)
S04.301,眶下神经损伤,160,KXSJSS,第19章 损伤、中毒和外因的某些其他后果 (S00-T98)
S04.501,面神经损伤,160,MSJSS,第19章 损伤、中毒和外因的某些其他后果 (S00-T98)
S04.601,听神经损伤,160,TSJSS,第19章 损伤、中毒和外因的某些其他后果 (S00-T98)
S04.801,舌下神经损伤,160,SXSJSS,第19章 损伤、中毒和外因的某些其他后果 (S00-T98)
S04.802,迷走神经损伤,160,MZSJSS,第19章 损伤、中毒和外因的某些其他后果 (S00-T98)
S04.901,颅神经损害,160,LSJSH,第19章 损伤、中毒和外因的某些其他后果 (S00-T98)
S04.902,枕叶神经损伤,160,ZYSJSS,第19章 损伤、中毒和外因的某些其他后果 (S00-T98)
S04.903,嗅神经损伤,160,XSJSS,第19章 损伤、中毒和外因的某些其他后果 (S00-T98)
S04.904,交感神经损伤,160,JGSJSS,第19章 损伤、中毒和外因的某些其他后果 (S00-T98)
S04.905,骶丛神经损伤,160,DCSJSS,第19章 损伤、中毒和外因的某些其他后果 (S00-T98)
S05.001,球结膜裂伤,160,QJMLS,第19章 损伤、中毒和外因的某些其他后果 (S00-T98)
S05.101,眼球挫伤,160,YQCS,第19章 损伤、中毒和外因的某些其他后果 (S00-T98)
S05.102,创伤性眼前房出血,160,CSXYQFCX,第19章 损伤、中毒和外因的某些其他后果 (S00-T98)
S05.103,角膜挫伤,160,JMCS,第19章 损伤、中毒和外因的某些其他后果 (S00-T98)
S05.201,创伤性玻璃体疝,160,CSXBLTS,第19章 损伤、中毒和外因的某些其他后果 (S00-T98)
S05.202,创伤性虹膜嵌顿,160,CSXHMQD,第19章 损伤、中毒和外因的某些其他后果 (S00-T98)
S05.203,角膜穿通伤伴玻璃体嵌顿,160,JMCTSBBLTQD,第19章 损伤、中毒和外因的某些其他后果 (S00-T98)
S05.204,角膜穿通伤伴虹膜嵌顿,160,JMCTSBHMQD,第19章 损伤、中毒和外因的某些其他后果 (S00-T98)
S05.205,角膜穿通伤伴晶状体嵌顿,160,JMCTSBJZTQD,第19章 损伤、中毒和外因的某些其他后果 (S00-T98)
S05.206,角膜穿透伤伴玻璃体溢出,160,JMCTSBBLTYC,第19章 损伤、中毒和外因的某些其他后果 (S00-T98)
S05.207,创伤性虹膜脱垂,160,CSXHMTC,第19章 损伤、中毒和外因的某些其他后果 (S00-T98)
S05.208,创伤性睫状体脱垂,160,CSXJZTTC,第19章 损伤、中毒和外因的某些其他后果 (S00-T98)
S05.209,角膜穿通伤伴虹膜脱出,160,JMCTSBHMTC,第19章 损伤、中毒和外因的某些其他后果 (S00-T98)
S05.210,眼球裂伤伴眼内组织脱垂,160,YQLSBYNZZTC,第19章 损伤、中毒和外因的某些其他后果 (S00-T98)
S05.301,巩膜破裂,160,GMPL,第19章 损伤、中毒和外因的某些其他后果 (S00-T98)
S05.302,角膜裂伤,160,JMLS,第19章 损伤、中毒和外因的某些其他后果 (S00-T98)
S05.303,结膜裂伤,160,JMLS,第19章 损伤、中毒和外因的某些其他后果 (S00-T98)
S05.304,眼球破裂,160,YQPL,第19章 损伤、中毒和外因的某些其他后果 (S00-T98)
S05.305,创伤性前房角破裂,160,CSXQFJPL,第19章 损伤、中毒和外因的某些其他后果 (S00-T98)
S05.306,虹膜破裂,160,HMPL,第19章 损伤、中毒和外因的某些其他后果 (S00-T98)
S05.307,巩膜裂伤,160,GMLS,第19章 损伤、中毒和外因的某些其他后果 (S00-T98)
S05.308,睫状体裂伤,160,JZTLS,第19章 损伤、中毒和外因的某些其他后果 (S00-T98)
S05.309,虹膜裂伤,160,HMLS,第19章 损伤、中毒和外因的某些其他后果 (S00-T98)
S05.401,眶内异物,160,KNYW,第19章 损伤、中毒和外因的某些其他后果 (S00-T98)
S05.501,创伤性眼内异物,160,CSXYNYW,第19章 损伤、中毒和外因的某些其他后果 (S00-T98)
S05.502,眼球穿通伤伴磁性异物,160,YQCTSBCXYW,第19章 损伤、中毒和外因的某些其他后果 (S00-T98)
S05.503,眼球穿通伤伴非磁性异物,160,YQCTSBFCXYW,第19章 损伤、中毒和外因的某些其他后果 (S00-T98)
S05.504,眼爆炸伤,160,YBZS,第19章 损伤、中毒和外因的某些其他后果 (S00-T98)
S05.601,眼球穿通伤伴虹膜缺损,160,YQCTSBHMQS,第19章 损伤、中毒和外因的某些其他后果 (S00-T98)
S05.602,眼球穿通伤,160,YQCTS,第19章 损伤、中毒和外因的某些其他后果 (S00-T98)
S05.603,角膜穿通伤,160,JMCTS,第19章 损伤、中毒和外因的某些其他后果 (S00-T98)
S05.604,巩膜穿通伤,160,GMCTS,第19章 损伤、中毒和外因的某些其他后果 (S00-T98)
S05.801,创伤性虹膜脱离,160,CSXHMTL,第19章 损伤、中毒和外因的某些其他后果 (S00-T98)
S05.802,创伤性晶状体脱位,160,CSXJZTTW,第19章 损伤、中毒和外因的某些其他后果 (S00-T98)
S05.803,角膜损伤,160,JMSS,第19章 损伤、中毒和外因的某些其他后果 (S00-T98)
S05.804,视网膜震荡,160,SWMZD,第19章 损伤、中毒和外因的某些其他后果 (S00-T98)
S05.805,眼挫伤,160,YCS,第19章 损伤、中毒和外因的某些其他后果 (S00-T98)
S05.806,眼球裂伤,160,YQLS,第19章 损伤、中毒和外因的某些其他后果 (S00-T98)
S05.807,外伤性扩瞳症,160,WSXKTZ,第19章 损伤、中毒和外因的某些其他后果 (S00-T98)
S05.901,创伤性失明,160,CSXSM,第19章 损伤、中毒和外因的某些其他后果 (S00-T98)
S05.902,眼外伤,160,YWS,第19章 损伤、中毒和外因的某些其他后果 (S00-T98)
S05.903,眼开放性外伤,160,YKFXWS,第19章 损伤、中毒和外因的某些其他后果 (S00-T98)
S06.001,脑震荡,165,NZD,第19章 损伤、中毒和外因的某些其他后果 (S00-T98)
S06.201,脑挫伤,165,NCS,第19章 损伤、中毒和外因的某些其他后果 (S00-T98)
S06.202,脑干挫伤,165,NGCS,第19章 损伤、中毒和外因的某些其他后果 (S00-T98)
S06.203,脑挫伤伴硬膜下血肿,165,NCSBYMXXZ,第19章 损伤、中毒和外因的某些其他后果 (S00-T98)
S06.204,一级脑外伤,165,YJNWS,第19章 损伤、中毒和外因的某些其他后果 (S00-T98)
S06.205,二级脑外伤,165,EJNWS,第19章 损伤、中毒和外因的某些其他后果 (S00-T98)
S06.206,三级脑外伤,165,SJNWS,第19章 损伤、中毒和外因的某些其他后果 (S00-T98)
S06.211,开放性脑挫伤,165,KFXNCS,第19章 损伤、中毒和外因的某些其他后果 (S00-T98)
S06.401,创伤性硬膜外血肿,165,CSXYMWXZ,第19章 损伤、中毒和外因的某些其他后果 (S00-T98)
S06.501,创伤性硬膜下血肿,165,CSXYMXXZ,第19章 损伤、中毒和外因的某些其他后果 (S00-T98)
S06.601,创伤性蛛网膜下腔出血,165,CSXZWMXQCX,第19章 损伤、中毒和外因的某些其他后果 (S00-T98)
S06.801,创伤性脑血肿,165,CSXNXZ,第19章 损伤、中毒和外因的某些其他后果 (S00-T98)
S06.802,创伤性脑出血,165,CSXNCX,第19章 损伤、中毒和外因的某些其他后果 (S00-T98)
S06.803,创伤性脑干出血,165,CSXNGCX,第19章 损伤、中毒和外因的某些其他后果 (S00-T98)
S06.805,创伤性脑疝,165,CSXNS,第19章 损伤、中毒和外因的某些其他后果 (S00-T98)
S06.811,开放性颅内异物,165,KFXLNYW,第19章 损伤、中毒和外因的某些其他后果 (S00-T98)
S06.901,颅内损伤,165,LNSS,第19章 损伤、中毒和外因的某些其他后果 (S00-T98)
S06.902,创伤性脑损伤,165,CSXNSS,第19章 损伤、中毒和外因的某些其他后果 (S00-T98)
S06.903,脑干损伤,165,NGSS,第19章 损伤、中毒和外因的某些其他后果 (S00-T98)
S06.911,开放性颅内损伤,165,KFXLNSS,第19章 损伤、中毒和外因的某些其他后果 (S00-T98)
S06.912,颅内枪弹伤,165,LNQTS,第19章 损伤、中毒和外因的某些其他后果 (S00-T98)
S09.901,鼻损伤,160,BSS,第19章 损伤、中毒和外因的某些其他后果 (S00-T98)
S09.902,唇损伤,160,CSS,第19章 损伤、中毒和外因的某些其他后果 (S00-T98)
S09.903,耳外伤,160,EWS,第19章 损伤、中毒和外因的某些其他后果 (S00-T98)
S09.904,面部损伤,160,MBSS,第19章 损伤、中毒和外因的某些其他后果 (S00-T98)
S09.905,头部外伤,160,TBWS,第19章 损伤、中毒和外因的某些其他后果 (S00-T98)
S09.906,耳损伤,160,ESS,第19章 损伤、中毒和外因的某些其他后果 (S00-T98)
S09.907,鼻中隔血肿,160,BZGXZ,第19章 损伤、中毒和外因的某些其他后果 (S00-T98)
S10.001,咽部挫伤,160,YBCS,第19章 损伤、中毒和外因的某些其他后果 (S00-T98)
S10.002,会厌血肿,160,HYXZ,第19章 损伤、中毒和外因的某些其他后果 (S00-T98)
S10.901,颈部擦伤伴异物,160,JBCSBYW,第19章 损伤、中毒和外因的某些其他后果 (S00-T98)
S11.001,气管开放性外伤,160,QGKFXWS,第19章 损伤、中毒和外因的某些其他后果 (S00-T98)
S11.002,喉开放性外伤,160,HKFXWS,第19章 损伤、中毒和外因的某些其他后果 (S00-T98)
S11.201,颈部食管开放性外伤,160,JBSGKFXWS,第19章 损伤、中毒和外因的某些其他后果 (S00-T98)
S11.901,颈部开放性外伤,160,JBKFXWS,第19章 损伤、中毒和外因的某些其他后果 (S00-T98)
S12.001,齿状突骨折,161,CZTGZ,第19章 损伤、中毒和外因的某些其他后果 (S00-T98)
S12.201,颈椎骨折伴截瘫,161,JZGZBJT,第19章 损伤、中毒和外因的某些其他后果 (S00-T98)
S12.801,甲状软骨骨折,161,JZRGGZ,第19章 损伤、中毒和外因的某些其他后果 (S00-T98)
S12.802,舌骨大角骨折,160,SGDJGZ,第19章 损伤、中毒和外因的某些其他后果 (S00-T98)
S12.901,颈椎骨折,161,JZGZ,第19章 损伤、中毒和外因的某些其他后果 (S00-T98)
S12.902,颈部踝状突骨折,161,JBHZTGZ,第19章 损伤、中毒和外因的某些其他后果 (S00-T98)
S13.101,颈椎脱位,160,JZTW,第19章 损伤、中毒和外因的某些其他后果 (S00-T98)
S13.102,环枢椎半脱位,160,HSZBTW,第19章 损伤、中毒和外因的某些其他后果 (S00-T98)
S13.103,颈椎半脱位,160,JZBTW,第19章 损伤、中毒和外因的某些其他后果 (S00-T98)
S13.201,环杓关节脱位,160,HBGJTW,第19章 损伤、中毒和外因的某些其他后果 (S00-T98)
S13.601,颈部肌肉扭伤,160,JBJRNS,第19章 损伤、中毒和外因的某些其他后果 (S00-T98)
S14.101,颈部脊髓损伤,160,JBJSSS,第19章 损伤、中毒和外因的某些其他后果 (S00-T98)
S14.201,颈部脊柱神经根损伤,160,JBJZSJGSS,第19章 损伤、中毒和外因的某些其他后果 (S00-T98)
S14.301,臂丛神经损伤,160,BCSJSS,第19章 损伤、中毒和外因的某些其他后果 (S00-T98)
S15.001,创伤性颈动脉海绵窦瘘,160,CSXJDMHMDL,第19章 损伤、中毒和外因的某些其他后果 (S00-T98)
S15.002,创伤性颈动脉瘘,160,CSXJDML,第19章 损伤、中毒和外因的某些其他后果 (S00-T98)
S15.101,椎动脉破裂,160,ZDMPL,第19章 损伤、中毒和外因的某些其他后果 (S00-T98)
S15.801,创伤性颈动静脉瘘,160,CSXJDJML,第19章 损伤、中毒和外因的某些其他后果 (S00-T98)
S16  01,颈部肌肉扭伤,160,JBJRNS,第19章 损伤、中毒和外因的某些其他后果 (S00-T98)
S17.001,喉气管挤压伤,160,HQGJYS,第19章 损伤、中毒和外因的某些其他后果 (S00-T98)
S17.002,喉气管贯通伤,160,HQGGTS,第19章 损伤、中毒和外因的某些其他后果 (S00-T98)
S19.801,喉部损伤,160,HBSS,第19章 损伤、中毒和外因的某些其他后果 (S00-T98)
S19.802,喉部血肿,160,HBXZ,第19章 损伤、中毒和外因的某些其他后果 (S00-T98)
S19.901,颈部损伤,160,JBSS,第19章 损伤、中毒和外因的某些其他后果 (S00-T98)
S20.201,胸壁挫伤,160,XBCS,第19章 损伤、中毒和外因的某些其他后果 (S00-T98)
S20.801,胸壁损伤,160,XBSS,第19章 损伤、中毒和外因的某些其他后果 (S00-T98)
S20.802,胸壁擦伤,160,XBCS,第19章 损伤、中毒和外因的某些其他后果 (S00-T98)
S20.803,表浅的胸壁异物,160,BQDXBYW,第19章 损伤、中毒和外因的某些其他后果 (S00-T98)
S21.201,背部开放性外伤,160,BBKFXWS,第19章 损伤、中毒和外因的某些其他后果 (S00-T98)
S21.901,胸壁裂伤,160,XBLS,第19章 损伤、中毒和外因的某些其他后果 (S00-T98)
S21.902,胸部开放性外伤,160,XBKFXWS,第19章 损伤、中毒和外因的某些其他后果 (S00-T98)
S21.904,腋窝开放性外伤,160,YWKFXWS,第19章 损伤、中毒和外因的某些其他后果 (S00-T98)
S22.001,胸椎骨折,161,XZGZ,第19章 损伤、中毒和外因的某些其他后果 (S00-T98)
S22.002,胸椎骨折伴脊髓损害,161,XZGZBJSSH,第19章 损伤、中毒和外因的某些其他后果 (S00-T98)
S22.011,胸椎开放性骨折,161,XZKFXGZ,第19章 损伤、中毒和外因的某些其他后果 (S00-T98)
S22.201,胸骨骨折,161,XGGZ,第19章 损伤、中毒和外因的某些其他后果 (S00-T98)
S22.301,肋骨骨折,161,LGGZ,第19章 损伤、中毒和外因的某些其他后果 (S00-T98)
S22.311,肋骨开放性骨折,161,LGKFXGZ,第19章 损伤、中毒和外因的某些其他后果 (S00-T98)
S23.101,胸椎脱位,160,XZTW,第19章 损伤、中毒和外因的某些其他后果 (S00-T98)
S23.201,肋骨关节脱位,160,LGGJTW,第19章 损伤、中毒和外因的某些其他后果 (S00-T98)
S24.101,胸部脊髓损伤,160,XBJSSS,第19章 损伤、中毒和外因的某些其他后果 (S00-T98)
S24.301,肋间神经损伤,160,LJSJSS,第19章 损伤、中毒和外因的某些其他后果 (S00-T98)
S25.001,胸主动脉损伤,160,XZDMSS,第19章 损伤、中毒和外因的某些其他后果 (S00-T98)
S25.101,锁骨下动脉损伤,160,SGXDMSS,第19章 损伤、中毒和外因的某些其他后果 (S00-T98)
S25.501,创伤性肋间动脉破裂,160,CSXLJDMPL,第19章 损伤、中毒和外因的某些其他后果 (S00-T98)
S25.801,创伤性乳房动脉损伤,160,CSXRFDMSS,第19章 损伤、中毒和外因的某些其他后果 (S00-T98)
S25.802,创伤性胸动静脉损伤,160,CSXXDJMSS,第19章 损伤、中毒和外因的某些其他后果 (S00-T98)
S26.001,创伤性心包积血,160,CSXXBJX,第19章 损伤、中毒和外因的某些其他后果 (S00-T98)
S26.811,心脏异物,160,XZYW,第19章 损伤、中毒和外因的某些其他后果 (S00-T98)
S26.901,心脏损伤,160,XZSS,第19章 损伤、中毒和外因的某些其他后果 (S00-T98)
S27.001,创伤性气胸,160,CSXQX,第19章 损伤、中毒和外因的某些其他后果 (S00-T98)
S27.002,损伤性胸水,160,SSXXS,第19章 损伤、中毒和外因的某些其他后果 (S00-T98)
S27.011,开放性气胸,160,KFXQX,第19章 损伤、中毒和外因的某些其他后果 (S00-T98)
S27.101,创伤性血胸,160,CSXXX,第19章 损伤、中毒和外因的某些其他后果 (S00-T98)
S27.102,胸刀刺伤,160,XDCS,第19章 损伤、中毒和外因的某些其他后果 (S00-T98)
S27.201,创伤性血气胸,160,CSXXQX,第19章 损伤、中毒和外因的某些其他后果 (S00-T98)
S27.202,创伤性胸腔积液,160,CSXXQJY,第19章 损伤、中毒和外因的某些其他后果 (S00-T98)
S27.203,胸壁血肿,160,XBXZ,第19章 损伤、中毒和外因的某些其他后果 (S00-T98)
S27.211,血气胸伴开放性伤口,160,XQXBKFXSK,第19章 损伤、中毒和外因的某些其他后果 (S00-T98)
S27.301,肺挫伤,160,FCS,第19章 损伤、中毒和外因的某些其他后果 (S00-T98)
S27.302,开放性肺破裂,160,KFXFPL,第19章 损伤、中毒和外因的某些其他后果 (S00-T98)
S27.303,创伤性肺血肿,160,CSXFXZ,第19章 损伤、中毒和外因的某些其他后果 (S00-T98)
S27.304,急性肺损伤,160,JXFSS,第19章 损伤、中毒和外因的某些其他后果 (S00-T98)
S27.311,开放性肺内异物,160,KFXFNYW,第19章 损伤、中毒和外因的某些其他后果 (S00-T98)
S27.401,主支气管断裂,160,ZZQGDL,第19章 损伤、中毒和外因的某些其他后果 (S00-T98)
S27.801,创伤性膈疝,160,CSXGS,第19章 损伤、中毒和外因的某些其他后果 (S00-T98)
S27.802,贲门损伤,160,BMSS,第19章 损伤、中毒和外因的某些其他后果 (S00-T98)
S27.803,创伤性膈破裂,160,CSXGPL,第19章 损伤、中毒和外因的某些其他后果 (S00-T98)
S27.804,创伤性胸导管破裂,160,CSXXDGPL,第19章 损伤、中毒和外因的某些其他后果 (S00-T98)
S27.811,开放性膈破裂,160,KFXGPL,第19章 损伤、中毒和外因的某些其他后果 (S00-T98)
S27.900,胸腔内器官损伤伴异物,160,XQNQGSSBYW,第19章 损伤、中毒和外因的某些其他后果 (S00-T98)
S29.901,"胸部损伤,闭合性",160,XBSSBHX,第19章 损伤、中毒和外因的某些其他后果 (S00-T98)
S29.911,"胸部损伤,开放性伤",160,XBSSKFXS,第19章 损伤、中毒和外因的某些其他后果 (S00-T98)
S30.001,背部挫伤,160,BBCS,第19章 损伤、中毒和外因的某些其他后果 (S00-T98)
S30.002,臀部挫伤,160,TBCS,第19章 损伤、中毒和外因的某些其他后果 (S00-T98)
S30.003,肩部外伤,160,JBWS,第19章 损伤、中毒和外因的某些其他后果 (S00-T98)
S30.101,腹部挫伤,160,FBCS,第19章 损伤、中毒和外因的某些其他后果 (S00-T98)
S30.102,腹壁挫伤,160,FBCS,第19章 损伤、中毒和外因的某些其他后果 (S00-T98)
S30.201,阴囊挫伤,160,YNCS,第19章 损伤、中毒和外因的某些其他后果 (S00-T98)
S30.202,阴囊血肿,160,YNXZ,第19章 损伤、中毒和外因的某些其他后果 (S00-T98)
S30.203,外阴挫伤,160,WYCS,第19章 损伤、中毒和外因的某些其他后果 (S00-T98)
S30.801,髂窝血肿,160,QWXZ,第19章 损伤、中毒和外因的某些其他后果 (S00-T98)
S30.803,表浅性肛门损伤,160,BQXGMSS,第19章 损伤、中毒和外因的某些其他后果 (S00-T98)
S31.001,会阴部开放性外伤,160,HYBKFXWS,第19章 损伤、中毒和外因的某些其他后果 (S00-T98)
S31.002,臀部开放性外伤,160,TBKFXWS,第19章 损伤、中毒和外因的某些其他后果 (S00-T98)
S31.003,外阴骑车伤并血肿,160,WYQCSBXZ,第19章 损伤、中毒和外因的某些其他后果 (S00-T98)
S31.004,会阴骑跨伤并血肿,160,HYQKSBXZ,第19章 损伤、中毒和外因的某些其他后果 (S00-T98)
S31.101,腹股沟开放性外伤,160,FGGKFXWS,第19章 损伤、中毒和外因的某些其他后果 (S00-T98)
S31.301,阴囊开放性外伤,160,YNKFXWS,第19章 损伤、中毒和外因的某些其他后果 (S00-T98)
S31.401,创伤性阴道裂伤,160,CSXYDLS,第19章 损伤、中毒和外因的某些其他后果 (S00-T98)
S31.402,处女膜陈旧性裂伤,160,CNMCJXLS,第19章 损伤、中毒和外因的某些其他后果 (S00-T98)
S31.801,腹部开放性外伤,160,FBKFXWS,第19章 损伤、中毒和外因的某些其他后果 (S00-T98)
S31.802,肛括约肌裂伤,160,GKYJLS,第19章 损伤、中毒和外因的某些其他后果 (S00-T98)
S31.803,腹部开放性损伤,160,FBKFXSS,第19章 损伤、中毒和外因的某些其他后果 (S00-T98)
S31.804,肛门贯通伤,160,GMGTS,第19章 损伤、中毒和外因的某些其他后果 (S00-T98)
S31.901,会阴部裂伤,160,HYBLS,第19章 损伤、中毒和外因的某些其他后果 (S00-T98)
S32.001,腰椎骨折,161,YZGZ,第19章 损伤、中毒和外因的某些其他后果 (S00-T98)
S32.002,腰椎骨折伴脊髓损害,161,YZGZBJSSH,第19章 损伤、中毒和外因的某些其他后果 (S00-T98)
S32.003,椎管异物,161,ZGYW,第19章 损伤、中毒和外因的某些其他后果 (S00-T98)
S32.101,骶骨骨折,161,DGGZ,第19章 损伤、中毒和外因的某些其他后果 (S00-T98)
S32.201,尾骨骨折,161,WGGZ,第19章 损伤、中毒和外因的某些其他后果 (S00-T98)
S32.301,髂骨骨折,161,QGGZ,第19章 损伤、中毒和外因的某些其他后果 (S00-T98)
S32.311,开放性髂骨骨折,161,KFXQGGZ,第19章 损伤、中毒和外因的某些其他后果 (S00-T98)
S32.401,髋臼骨折,161,KJGZ,第19章 损伤、中毒和外因的某些其他后果 (S00-T98)
S32.501,耻骨骨折,161,CGGZ,第19章 损伤、中毒和外因的某些其他后果 (S00-T98)
S32.801,骨盆骨折,161,GPGZ,第19章 损伤、中毒和外因的某些其他后果 (S00-T98)
S32.802,坐骨骨折,161,ZGGZ,第19章 损伤、中毒和外因的某些其他后果 (S00-T98)
S33.101,腰椎脱位,160,YZTW,第19章 损伤、中毒和外因的某些其他后果 (S00-T98)
S33.102,腰椎峡部断裂并滑脱,160,YZXBDLBHT,第19章 损伤、中毒和外因的某些其他后果 (S00-T98)
S33.201,尾骨脱位,160,WGTW,第19章 损伤、中毒和外因的某些其他后果 (S00-T98)
S33.401,创伤性耻骨联合分离,160,CSXCGLHFL,第19章 损伤、中毒和外因的某些其他后果 (S00-T98)
S33.501,腰部扭伤,160,YBNS,第19章 损伤、中毒和外因的某些其他后果 (S00-T98)
S34.101,腰部脊髓损伤,160,YBJSSS,第19章 损伤、中毒和外因的某些其他后果 (S00-T98)
S34.401,骶部脊髓损伤,160,DBJSSS,第19章 损伤、中毒和外因的某些其他后果 (S00-T98)
S35.001,创伤性腹主动脉瘤,160,CSXFZDML,第19章 损伤、中毒和外因的某些其他后果 (S00-T98)
S35.101,创伤性下腔静脉破裂,160,CSXXQJMPL,第19章 损伤、中毒和外因的某些其他后果 (S00-T98)
S35.201,腹腔动脉损伤,160,FQDMSS,第19章 损伤、中毒和外因的某些其他后果 (S00-T98)
S35.501,创伤性髂动脉损伤,160,CSXQDMSS,第19章 损伤、中毒和外因的某些其他后果 (S00-T98)
S35.502,创伤性髂静脉破裂,160,CSXQJMPL,第19章 损伤、中毒和外因的某些其他后果 (S00-T98)
S35.801,创伤性肠系膜血管损伤,160,CSXCXMXGSS,第19章 损伤、中毒和外因的某些其他后果 (S00-T98)
S35.803,腹壁动静脉损伤,160,FBDJMSS,第19章 损伤、中毒和外因的某些其他后果 (S00-T98)
S35.901,腹部血管损伤,160,FBXGSS,第19章 损伤、中毒和外因的某些其他后果 (S00-T98)
S36.001,创伤性脾破裂,160,CSXPPL,第19章 损伤、中毒和外因的某些其他后果 (S00-T98)
S36.002,脾损伤,160,PSS,第19章 损伤、中毒和外因的某些其他后果 (S00-T98)
S36.003,脾包膜下血肿,160,PBMXXZ,第19章 损伤、中毒和外因的某些其他后果 (S00-T98)
S36.011,开放性脾破裂,160,KFXPPL,第19章 损伤、中毒和外因的某些其他后果 (S00-T98)
S36.101,创伤性肝破裂,160,CSXGPL,第19章 损伤、中毒和外因的某些其他后果 (S00-T98)
S36.102,肝挫伤,160,GCS,第19章 损伤、中毒和外因的某些其他后果 (S00-T98)
S36.103,外伤性肝,160,WSXG,第19章 损伤、中毒和外因的某些其他后果 (S00-T98)
S36.104,肝包膜下血肿,160,GBMXXZ,第19章 损伤、中毒和外因的某些其他后果 (S00-T98)
S36.105,创伤性胆囊破裂,160,CSXDNPL,第19章 损伤、中毒和外因的某些其他后果 (S00-T98)
S36.111,开放性肝破裂,160,KFXGPL,第19章 损伤、中毒和外因的某些其他后果 (S00-T98)
S36.201,胰腺破裂,160,YXPL,第19章 损伤、中毒和外因的某些其他后果 (S00-T98)
S36.202,外伤后胰腺炎,160,WSHYXY,第19章 损伤、中毒和外因的某些其他后果 (S00-T98)
S36.301,胃损伤,160,WSS,第19章 损伤、中毒和外因的某些其他后果 (S00-T98)
S36.311,开放性胃破裂,160,KFXWPL,第19章 损伤、中毒和外因的某些其他后果 (S00-T98)
S36.401,小肠损伤,160,XCSS,第19章 损伤、中毒和外因的某些其他后果 (S00-T98)
S36.402,十二指肠破裂,160,SEZCPL,第19章 损伤、中毒和外因的某些其他后果 (S00-T98)
S36.403,小肠破裂,160,XCPL,第19章 损伤、中毒和外因的某些其他后果 (S00-T98)
S36.404,空肠破裂,160,KCPL,第19章 损伤、中毒和外因的某些其他后果 (S00-T98)
S36.405,创伤性回肠穿孔,160,CSXHCCK,第19章 损伤、中毒和外因的某些其他后果 (S00-T98)
S36.411,开放性空肠破裂,160,KFXKCPL,第19章 损伤、中毒和外因的某些其他后果 (S00-T98)
S36.412,开放性十二指肠破裂,160,KFXSEZCPL,第19章 损伤、中毒和外因的某些其他后果 (S00-T98)
S36.501,结肠破裂,160,JCPL,第19章 损伤、中毒和外因的某些其他后果 (S00-T98)
S36.511,开放性结肠破裂,160,KFXJCPL,第19章 损伤、中毒和外因的某些其他后果 (S00-T98)
S36.601,直肠破裂,160,ZCPL,第19章 损伤、中毒和外因的某些其他后果 (S00-T98)
S36.602,直肠损伤,160,ZCSS,第19章 损伤、中毒和外因的某些其他后果 (S00-T98)
S36.801,肠系膜撕裂,160,CXMSL,第19章 损伤、中毒和外因的某些其他后果 (S00-T98)
S36.802,腹膜损伤,160,FMSS,第19章 损伤、中毒和外因的某些其他后果 (S00-T98)
S36.803,创伤性腹膜后血肿,160,CSXFMHXZ,第19章 损伤、中毒和外因的某些其他后果 (S00-T98)
S36.811,开放性腹膜后血肿,160,KFXFMHXZ,第19章 损伤、中毒和外因的某些其他后果 (S00-T98)
S37.001,肾挫伤,160,SCS,第19章 损伤、中毒和外因的某些其他后果 (S00-T98)
S37.002,肾血肿,160,SXZ,第19章 损伤、中毒和外因的某些其他后果 (S00-T98)
S37.003,肾周血肿,160,SZXZ,第19章 损伤、中毒和外因的某些其他后果 (S00-T98)
S37.004,肾开放性损伤,160,SKFXSS,第19章 损伤、中毒和外因的某些其他后果 (S00-T98)
S37.011,开放性肾破裂,160,KFXSPL,第19章 损伤、中毒和外因的某些其他后果 (S00-T98)
S37.101,创伤性输尿管断裂,160,CSXSNGDL,第19章 损伤、中毒和外因的某些其他后果 (S00-T98)
S37.111,开放性输尿管断裂,160,KFXSNGDL,第19章 损伤、中毒和外因的某些其他后果 (S00-T98)
S37.201,开放性膀胱破裂,160,KFXPGPL,第19章 损伤、中毒和外因的某些其他后果 (S00-T98)
S37.202,膀胱损伤,160,PGSS,第19章 损伤、中毒和外因的某些其他后果 (S00-T98)
S37.301,创伤性尿道断裂,160,CSXNDDL,第19章 损伤、中毒和外因的某些其他后果 (S00-T98)
S37.302,尿道挫伤,160,NDCS,第19章 损伤、中毒和外因的某些其他后果 (S00-T98)
S37.303,尿道损伤,160,NDSS,第19章 损伤、中毒和外因的某些其他后果 (S00-T98)
S37.601,创伤性子宫穿孔,160,CSXZGCK,第19章 损伤、中毒和外因的某些其他后果 (S00-T98)
S37.602,创伤性子宫破裂,160,CSXZGPL,第19章 损伤、中毒和外因的某些其他后果 (S00-T98)
S38.001,阴茎海绵体损伤,160,YJHMTSS,第19章 损伤、中毒和外因的某些其他后果 (S00-T98)
S38.201,创伤性阴茎截断(裂伤),160,CSXYJJDLS,第19章 损伤、中毒和外因的某些其他后果 (S00-T98)
S38.202,阴囊睾丸断离,160,YNGWDL,第19章 损伤、中毒和外因的某些其他后果 (S00-T98)
S39.001,背部软组织损伤,160,BBRZZSS,第19章 损伤、中毒和外因的某些其他后果 (S00-T98)
S39.002,颈部软组织损伤,160,JBRZZSS,第19章 损伤、中毒和外因的某些其他后果 (S00-T98)
S39.801,腹腔脏器穿孔,160,FQZQCK,第19章 损伤、中毒和外因的某些其他后果 (S00-T98)
S39.901,骨盆损伤,160,GPSS,第19章 损伤、中毒和外因的某些其他后果 (S00-T98)
S39.902,会阴损伤,160,HYSS,第19章 损伤、中毒和外因的某些其他后果 (S00-T98)
S39.903,腰部损伤,160,YBSS,第19章 损伤、中毒和外因的某些其他后果 (S00-T98)
S39.904,阴茎损伤,160,YJSS,第19章 损伤、中毒和外因的某些其他后果 (S00-T98)
S39.905,腹部损伤,160,FBSS,第19章 损伤、中毒和外因的某些其他后果 (S00-T98)
S39.906,髋周软组织损伤,160,KZRZZSS,第19章 损伤、中毒和外因的某些其他后果 (S00-T98)
S39.907,腰部软组织损伤,160,YBRZZSS,第19章 损伤、中毒和外因的某些其他后果 (S00-T98)
S39.908,腹部金属异物,160,FBJSYW,第19章 损伤、中毒和外因的某些其他后果 (S00-T98)
S39.909,腹壁软组织损伤,160,FBRZZSS,第19章 损伤、中毒和外因的某些其他后果 (S00-T98)
S39.910,臀部软组织损伤,160,TBRZZSS,第19章 损伤、中毒和外因的某些其他后果 (S00-T98)
S39.911,睾丸挫伤,160,GWCS,第19章 损伤、中毒和外因的某些其他后果 (S00-T98)
S39.912,会阴撕裂伤,160,HYSLS,第19章 损伤、中毒和外因的某些其他后果 (S00-T98)
S39.913,外阴血肿,160,WYXZ,第19章 损伤、中毒和外因的某些其他后果 (S00-T98)
S39.914,处女膜损伤,160,CNMSS,第19章 损伤、中毒和外因的某些其他后果 (S00-T98)
S39.915,肛周裂伤,160,GZLS,第19章 损伤、中毒和外因的某些其他后果 (S00-T98)
S40.001,肩部挫伤,160,JBCS,第19章 损伤、中毒和外因的某些其他后果 (S00-T98)
S41.001,肩部开放性外伤,160,JBKFXWS,第19章 损伤、中毒和外因的某些其他后果 (S00-T98)
S41.101,上臂开放性外伤,160,SBKFXWS,第19章 损伤、中毒和外因的某些其他后果 (S00-T98)
S42.001,锁骨骨折,161,SGGZ,第19章 损伤、中毒和外因的某些其他后果 (S00-T98)
S42.011,锁骨开放性骨折,161,SGKFXGZ,第19章 损伤、中毒和外因的某些其他后果 (S00-T98)
S42.101,肩胛骨骨折,161,JJGGZ,第19章 损伤、中毒和外因的某些其他后果 (S00-T98)
S42.201,肱骨外科颈骨折,161,GGWKJGZ,第19章 损伤、中毒和外因的某些其他后果 (S00-T98)
S42.202,肱骨上端骨骺骨折,161,GGSDGHGZ,第19章 损伤、中毒和外因的某些其他后果 (S00-T98)
S42.203,肱骨头骨折,161,GGTGZ,第19章 损伤、中毒和外因的某些其他后果 (S00-T98)
S42.204,肱骨颈骨折,161,GGJGZ,第19章 损伤、中毒和外因的某些其他后果 (S00-T98)
S42.211,肱骨上端开放性骨折,161,GGSDKFXGZ,第19章 损伤、中毒和外因的某些其他后果 (S00-T98)
S42.301,肱骨干骨折,161,GGGGZ,第19章 损伤、中毒和外因的某些其他后果 (S00-T98)
S42.302,肱骨骨折,161,GGGZ,第19章 损伤、中毒和外因的某些其他后果 (S00-T98)
S42.311,肱骨开放性骨折,161,GGKFXGZ,第19章 损伤、中毒和外因的某些其他后果 (S00-T98)
S42.401,肱骨外髁骨折,161,GGWKGZ,第19章 损伤、中毒和外因的某些其他后果 (S00-T98)
S42.402,肱骨下端骨折,161,GGXDGZ,第19章 损伤、中毒和外因的某些其他后果 (S00-T98)
S42.403,肱骨髁上骨折,161,GGKSGZ,第19章 损伤、中毒和外因的某些其他后果 (S00-T98)
S42.411,肱骨下端开放性骨折,161,GGXDKFXGZ,第19章 损伤、中毒和外因的某些其他后果 (S00-T98)
S43.001,肩关节脱位,160,JGJTW,第19章 损伤、中毒和外因的某些其他后果 (S00-T98)
S43.101,肩锁关节脱位,160,JSGJTW,第19章 损伤、中毒和外因的某些其他后果 (S00-T98)
S43.201,胸锁关节脱位,160,XSGJTW,第19章 损伤、中毒和外因的某些其他后果 (S00-T98)
S43.401,肩关节扭伤,160,JGJNS,第19章 损伤、中毒和外因的某些其他后果 (S00-T98)
S44.301,腋神经损伤,160,YSJSS,第19章 损伤、中毒和外因的某些其他后果 (S00-T98)
S45.001,创伤性腋动脉瘤,160,CSXYDML,第19章 损伤、中毒和外因的某些其他后果 (S00-T98)
S45.101,创伤性肱动脉破裂,160,CSXGDMPL,第19章 损伤、中毒和外因的某些其他后果 (S00-T98)
S45.102,肱血管损伤,160,GXGSS,第19章 损伤、中毒和外因的某些其他后果 (S00-T98)
S45.201,创伤性肱静脉破裂,160,CSXGJMPL,第19章 损伤、中毒和外因的某些其他后果 (S00-T98)
S45.202,腋静脉损伤,160,YJMSS,第19章 损伤、中毒和外因的某些其他后果 (S00-T98)
S45.701,多发性上肢血管损伤,160,DFXSZXGSS,第19章 损伤、中毒和外因的某些其他后果 (S00-T98)
S46.201,肱二头肌腱断裂(创伤性),160,GETJJDLCSX,第19章 损伤、中毒和外因的某些其他后果 (S00-T98)
S46.301,肱三头肌断裂(创伤性),160,GSTJDLCSX,第19章 损伤、中毒和外因的某些其他后果 (S00-T98)
S46.302,肱三头肌腱断裂(创伤性),160,GSTJJDLCSX,第19章 损伤、中毒和外因的某些其他后果 (S00-T98)
S46.303,肱三头肌损伤,160,GSTJSS,第19章 损伤、中毒和外因的某些其他后果 (S00-T98)
S46.901,上臂开放性外伤累及肌腱,160,SBKFXWSLJJJ,第19章 损伤、中毒和外因的某些其他后果 (S00-T98)
S47  01,上臂挤压伤,160,SBJYS,第19章 损伤、中毒和外因的某些其他后果 (S00-T98)
S50.901,前臂血肿,160,QBXZ,第19章 损伤、中毒和外因的某些其他后果 (S00-T98)
S51.901,前臂开放性外伤,160,QBKFXWS,第19章 损伤、中毒和外因的某些其他后果 (S00-T98)
S51.902,前臂裂伤,160,QBLS,第19章 损伤、中毒和外因的某些其他后果 (S00-T98)
S51.903,前臂裂伤伴感染,160,QBLSBGR,第19章 损伤、中毒和外因的某些其他后果 (S00-T98)
S51.904,臀部切割伤,160,TBQGS,第19章 损伤、中毒和外因的某些其他后果 (S00-T98)
S52.001,肘关节骨折,161,ZGJGZ,第19章 损伤、中毒和外因的某些其他后果 (S00-T98)
S52.002,尺骨上端骨折,161,CGSDGZ,第19章 损伤、中毒和外因的某些其他后果 (S00-T98)
S52.003,鹰嘴骨折,161,YZGZ,第19章 损伤、中毒和外因的某些其他后果 (S00-T98)
S52.011,鹰嘴开放性骨折,161,YZKFXGZ,第19章 损伤、中毒和外因的某些其他后果 (S00-T98)
S52.201,尺骨骨干骨折,161,CGGGGZ,第19章 损伤、中毒和外因的某些其他后果 (S00-T98)
S52.202,尺骨骨折,161,CGGZ,第19章 损伤、中毒和外因的某些其他后果 (S00-T98)
S52.211,尺骨开放性骨折,161,CGKFXGZ,第19章 损伤、中毒和外因的某些其他后果 (S00-T98)
S52.501,桡骨下端骨折,161,RGXDGZ,第19章 损伤、中毒和外因的某些其他后果 (S00-T98)
S52.502,桡骨下端骨折(科雷氏骨折),161,RGXDGZKLSGZ,第19章 损伤、中毒和外因的某些其他后果 (S00-T98)
S52.503,桡骨远端骨折,161,RGYDGZ,第19章 损伤、中毒和外因的某些其他后果 (S00-T98)
S52.511,开放性科雷氏骨折,161,KFXKLSGZ,第19章 损伤、中毒和外因的某些其他后果 (S00-T98)
S52.701,桡尺骨骨折,161,RCGGZ,第19章 损伤、中毒和外因的某些其他后果 (S00-T98)
S52.711,尺桡骨开放性骨折,161,CRGKFXGZ,第19章 损伤、中毒和外因的某些其他后果 (S00-T98)
S52.801,桡骨骨折,161,RGGZ,第19章 损伤、中毒和外因的某些其他后果 (S00-T98)
S53.001,桡骨头脱位,160,RGTTW,第19章 损伤、中毒和外因的某些其他后果 (S00-T98)
S53.101,肘关节脱位,160,ZGJTW,第19章 损伤、中毒和外因的某些其他后果 (S00-T98)
S53.301,尺侧副韧带断裂,160,CCFRDDL,第19章 损伤、中毒和外因的某些其他后果 (S00-T98)
S53.401,桡骨环状韧带扭伤,160,RGHZRDNS,第19章 损伤、中毒和外因的某些其他后果 (S00-T98)
S54.001,尺神经损伤,160,CSJSS,第19章 损伤、中毒和外因的某些其他后果 (S00-T98)
S54.002,尺神经断裂,160,CSJDL,第19章 损伤、中毒和外因的某些其他后果 (S00-T98)
S54.101,正中神经损伤,160,ZZSJSS,第19章 损伤、中毒和外因的某些其他后果 (S00-T98)
S54.102,正中神经断裂,160,ZZSJDL,第19章 损伤、中毒和外因的某些其他后果 (S00-T98)
S54.201,桡神经损伤,160,RSJSS,第19章 损伤、中毒和外因的某些其他后果 (S00-T98)
S54.202,肘部神经损伤,160,ZBSJSS,第19章 损伤、中毒和外因的某些其他后果 (S00-T98)
S54.301,前臂皮神经损伤,160,QBPSJSS,第19章 损伤、中毒和外因的某些其他后果 (S00-T98)
S55.001,创伤性尺血管损伤,160,CSXCXGSS,第19章 损伤、中毒和外因的某些其他后果 (S00-T98)
S55.101,桡血管损伤,160,RXGSS,第19章 损伤、中毒和外因的某些其他后果 (S00-T98)
S55.102,创伤性桡动脉损伤,160,CSXRDMSS,第19章 损伤、中毒和外因的某些其他后果 (S00-T98)
S55.901,尺血管损伤,160,CXGSS,第19章 损伤、中毒和外因的某些其他后果 (S00-T98)
S56.801,前臂肌腱损伤,160,QBJJSS,第19章 损伤、中毒和外因的某些其他后果 (S00-T98)
S60.001,手指挫伤,160,SZCS,第19章 损伤、中毒和外因的某些其他后果 (S00-T98)
S60.002,手压榨伤,160,SYZS,第19章 损伤、中毒和外因的某些其他后果 (S00-T98)
S60.003,手砍伤,160,SKS,第19章 损伤、中毒和外因的某些其他后果 (S00-T98)
S60.004,上肢挫伤,160,SZCS,第19章 损伤、中毒和外因的某些其他后果 (S00-T98)
S60.201,手挫伤,160,SCS,第19章 损伤、中毒和外因的某些其他后果 (S00-T98)
S60.202,腕部挫伤,160,WBCS,第19章 损伤、中毒和外因的某些其他后果 (S00-T98)
S60.901,手擦伤,160,SCS,第19章 损伤、中毒和外因的某些其他后果 (S00-T98)
S61.001,指开放性外伤,160,ZKFXWS,第19章 损伤、中毒和外因的某些其他后果 (S00-T98)
S61.002,腕开放性外伤,160,WKFXWS,第19章 损伤、中毒和外因的某些其他后果 (S00-T98)
S61.901,手挫裂伤,160,SCLS,第19章 损伤、中毒和外因的某些其他后果 (S00-T98)
S61.902,手套脱伤,160,STTS,第19章 损伤、中毒和外因的某些其他后果 (S00-T98)
S61.903,手裂伤伴感染,160,SLSBGR,第19章 损伤、中毒和外因的某些其他后果 (S00-T98)
S61.904,创伤性手(指)皮肤缺损,160,CSXSZPFQS,第19章 损伤、中毒和外因的某些其他后果 (S00-T98)
S62.001,腕舟状骨骨折,161,WZZGGZ,第19章 损伤、中毒和外因的某些其他后果 (S00-T98)
S62.101,腕骨骨折,161,WGGZ,第19章 损伤、中毒和外因的某些其他后果 (S00-T98)
S62.111,腕骨开放性骨折,161,WGKFXGZ,第19章 损伤、中毒和外因的某些其他后果 (S00-T98)
S62.201,贝内特骨折,161,BNTGZ,第19章 损伤、中毒和外因的某些其他后果 (S00-T98)
S62.301,掌骨骨折,161,ZGGZ,第19章 损伤、中毒和外因的某些其他后果 (S00-T98)
S62.311,掌骨开放性骨折,161,ZGKFXGZ,第19章 损伤、中毒和外因的某些其他后果 (S00-T98)
S62.601,掌骨指骨骨折,161,ZGZGGZ,第19章 损伤、中毒和外因的某些其他后果 (S00-T98)
S62.602,指骨骨折,161,ZGGZ,第19章 损伤、中毒和外因的某些其他后果 (S00-T98)
S62.611,指骨开放性骨折,161,ZGKFXGZ,第19章 损伤、中毒和外因的某些其他后果 (S00-T98)
S63.001,腕关节脱位,160,WGJTW,第19章 损伤、中毒和外因的某些其他后果 (S00-T98)
S63.002,腕部离断伤,160,WBLDS,第19章 损伤、中毒和外因的某些其他后果 (S00-T98)
S63.003,尺桡关节脱位,160,CRGJTW,第19章 损伤、中毒和外因的某些其他后果 (S00-T98)
S63.105,拇指间关节脱位,160,MZJGJTW,第19章 损伤、中毒和外因的某些其他后果 (S00-T98)
S63.106,指关节脱位,160,ZGJTW,第19章 损伤、中毒和外因的某些其他后果 (S00-T98)
S63.401,手指副韧带损伤,160,SZFRDSS,第19章 损伤、中毒和外因的某些其他后果 (S00-T98)
S63.601,掌指关节扭伤,160,ZZGJNS,第19章 损伤、中毒和外因的某些其他后果 (S00-T98)
S63.602,指关节扭伤,160,ZGJNS,第19章 损伤、中毒和外因的某些其他后果 (S00-T98)
S64.401,指神经损伤,160,ZSJSS,第19章 损伤、中毒和外因的某些其他后果 (S00-T98)
S65.501,创伤性指动脉破裂,160,CSXZDMPL,第19章 损伤、中毒和外因的某些其他后果 (S00-T98)
S65.502,手指动静脉断裂,160,SZDJMDL,第19章 损伤、中毒和外因的某些其他后果 (S00-T98)
S66.901,手肌断裂,160,SJDL,第19章 损伤、中毒和外因的某些其他后果 (S00-T98)
S66.902,手指肌断裂,160,SZJDL,第19章 损伤、中毒和外因的某些其他后果 (S00-T98)
S66.903,腕肌断裂,160,WJDL,第19章 损伤、中毒和外因的某些其他后果 (S00-T98)
S66.904,手开放性外伤累及肌腱,160,SKFXWSLJJJ,第19章 损伤、中毒和外因的某些其他后果 (S00-T98)
S66.905,指开放性外伤累及肌腱,160,ZKFXWSLJJJ,第19章 损伤、中毒和外因的某些其他后果 (S00-T98)
S66.906,手肌腱断裂,160,SJJDL,第19章 损伤、中毒和外因的某些其他后果 (S00-T98)
S66.908,手爆炸伤,160,SBZS,第19章 损伤、中毒和外因的某些其他后果 (S00-T98)
S67.001,手指挤压伤,160,SZJYS,第19章 损伤、中毒和外因的某些其他后果 (S00-T98)
S67.801,手挤压伤,160,SJYS,第19章 损伤、中毒和外因的某些其他后果 (S00-T98)
S67.802,手背软组织缺损,160,SBRZZQS,第19章 损伤、中毒和外因的某些其他后果 (S00-T98)
S68.001,拇指创伤性截断,160,MZCSXJD,第19章 损伤、中毒和外因的某些其他后果 (S00-T98)
S68.002,创伤性拇指截断,160,CSXMZJD,第19章 损伤、中毒和外因的某些其他后果 (S00-T98)
S68.101,创伤性指截断,160,CSXZJD,第19章 损伤、中毒和外因的某些其他后果 (S00-T98)
S68.201,拇指伴其他手指截断,160,MZBQTSZJD,第19章 损伤、中毒和外因的某些其他后果 (S00-T98)
S68.801,掌离断伤,160,ZLDS,第19章 损伤、中毒和外因的某些其他后果 (S00-T98)
S68.901,"手创伤性截断,单侧",160,SCSXJDDC,第19章 损伤、中毒和外因的某些其他后果 (S00-T98)
S68.902,腕关节离断伤,160,WGJLDS,第19章 损伤、中毒和外因的某些其他后果 (S00-T98)
S68.903,外伤性臂离断,160,WSXBLD,第19章 损伤、中毒和外因的某些其他后果 (S00-T98)
S68.904,上肢离断伤,160,SZLDS,第19章 损伤、中毒和外因的某些其他后果 (S00-T98)
S69.801,外伤性肌腱粘连,160,WSXJJNL,第19章 损伤、中毒和外因的某些其他后果 (S00-T98)
S69.802,手掌异物,160,SZYW,第19章 损伤、中毒和外因的某些其他后果 (S00-T98)
S69.901,拇指损伤,160,MZSS,第19章 损伤、中毒和外因的某些其他后果 (S00-T98)
S69.902,手损伤,160,SSS,第19章 损伤、中毒和外因的某些其他后果 (S00-T98)
S69.903,手指损伤,160,SZSS,第19章 损伤、中毒和外因的某些其他后果 (S00-T98)
S69.904,手指外伤,160,SZWS,第19章 损伤、中毒和外因的某些其他后果 (S00-T98)
S69.905,外伤性手指坏死,160,WSXSZHS,第19章 损伤、中毒和外因的某些其他后果 (S00-T98)
S69.906,手指金属异物,160,SZJSYW,第19章 损伤、中毒和外因的某些其他后果 (S00-T98)
S69.907,手外伤,160,SWS,第19章 损伤、中毒和外因的某些其他后果 (S00-T98)
S69.908,外伤性手指皮肤缺损,160,WSXSZPFQS,第19章 损伤、中毒和外因的某些其他后果 (S00-T98)
S69.909,下肢皮肤缺损,160,XZPFQS,第19章 损伤、中毒和外因的某些其他后果 (S00-T98)
S69.910,上肢皮肤缺损,160,SZPFQS,第19章 损伤、中毒和外因的某些其他后果 (S00-T98)
S70.001,髋部挫伤(大腿),,KBCSDT,第19章 损伤、中毒和外因的某些其他后果 (S00-T98)
S70.901,大腿血肿,160,DTXZ,第19章 损伤、中毒和外因的某些其他后果 (S00-T98)
S71.101,大腿撕脱伤,160,DTSTS,第19章 损伤、中毒和外因的某些其他后果 (S00-T98)
S71.102,大腿开放性外伤,160,DTKFXWS,第19章 损伤、中毒和外因的某些其他后果 (S00-T98)
S71.103,大腿贯通伤,160,DTGTS,第19章 损伤、中毒和外因的某些其他后果 (S00-T98)
S71.104,大腿外伤,160,DTWS,第19章 损伤、中毒和外因的某些其他后果 (S00-T98)
S71.701,髂部贯通伤,160,QBGTS,第19章 损伤、中毒和外因的某些其他后果 (S00-T98)
S72.001,股骨头骨折,163,GGTGZ,第19章 损伤、中毒和外因的某些其他后果 (S00-T98)
S72.002,股骨颈骨折,163,GGJGZ,第19章 损伤、中毒和外因的某些其他后果 (S00-T98)
S72.101,股骨粗隆间骨折,163,GGCLJGZ,第19章 损伤、中毒和外因的某些其他后果 (S00-T98)
S72.301,股骨干骨折,163,GGGGZ,第19章 损伤、中毒和外因的某些其他后果 (S00-T98)
S72.401,股骨髁骨折,163,GGKGZ,第19章 损伤、中毒和外因的某些其他后果 (S00-T98)
S72.402,股骨髁间骨折,163,GGKJGZ,第19章 损伤、中毒和外因的某些其他后果 (S00-T98)
S72.403,股骨髁上骨折,163,GGKSGZ,第19章 损伤、中毒和外因的某些其他后果 (S00-T98)
S72.404,股骨下端骨折,163,GGXDGZ,第19章 损伤、中毒和外因的某些其他后果 (S00-T98)
S72.411,股骨下端开放性骨折,163,GGXDKFXGZ,第19章 损伤、中毒和外因的某些其他后果 (S00-T98)
S72.901,股骨骨折,163,GGGZ,第19章 损伤、中毒和外因的某些其他后果 (S00-T98)
S72.911,股骨开放性骨折,163,GGKFXGZ,第19章 损伤、中毒和外因的某些其他后果 (S00-T98)
S73.001,髋关节半脱位,160,KGJBTW,第19章 损伤、中毒和外因的某些其他后果 (S00-T98)
S73.002,髋关节脱位,160,KGJTW,第19章 损伤、中毒和外因的某些其他后果 (S00-T98)
S74.001,坐骨神经损伤,160,ZGSJSS,第19章 损伤、中毒和外因的某些其他后果 (S00-T98)
S74.101,股神经损伤,160,GSJSS,第19章 损伤、中毒和外因的某些其他后果 (S00-T98)
S74.801,闭孔神经损伤,160,BKSJSS,第19章 损伤、中毒和外因的某些其他后果 (S00-T98)
S74.802,马尾神经损伤,160,MWSJSS,第19章 损伤、中毒和外因的某些其他后果 (S00-T98)
S75.001,股动脉损伤,160,GDMSS,第19章 损伤、中毒和外因的某些其他后果 (S00-T98)
S75.002,浅股动脉损伤,160,QGDMSS,第19章 损伤、中毒和外因的某些其他后果 (S00-T98)
S75.003,创伤性股深动脉破裂,160,CSXGSDMPL,第19章 损伤、中毒和外因的某些其他后果 (S00-T98)
S75.004,创伤性股动脉损伤,160,CSXGDMSS,第19章 损伤、中毒和外因的某些其他后果 (S00-T98)
S75.101,股静脉损伤,160,GJMSS,第19章 损伤、中毒和外因的某些其他后果 (S00-T98)
S75.102,创伤性股静脉破裂,160,CSXGJMPL,第19章 损伤、中毒和外因的某些其他后果 (S00-T98)
S75.801,创伤性股动静脉瘘,160,CSXGDJML,第19章 损伤、中毒和外因的某些其他后果 (S00-T98)
S76.101,股四头肌断裂,160,GSTJDL,第19章 损伤、中毒和外因的某些其他后果 (S00-T98)
S76.401,大腿开放性外伤累及肌腱,160,DTKFXWSLJJJ,第19章 损伤、中毒和外因的某些其他后果 (S00-T98)
S79.801,臀部金属异物,160,TBJSYW,第19章 损伤、中毒和外因的某些其他后果 (S00-T98)
S79.802,大腿离断伤,160,DTLDS,第19章 损伤、中毒和外因的某些其他后果 (S00-T98)
S80.101,小腿挫伤,160,XTCS,第19章 损伤、中毒和外因的某些其他后果 (S00-T98)
S80.801,膝部擦伤,160,XBCS,第19章 损伤、中毒和外因的某些其他后果 (S00-T98)
S80.802,膝部擦伤伴感染,160,XBCSBGR,第19章 损伤、中毒和外因的某些其他后果 (S00-T98)
S80.901,膝部血肿,160,XBXZ,第19章 损伤、中毒和外因的某些其他后果 (S00-T98)
S80.902,小腿血肿,160,XTXZ,第19章 损伤、中毒和外因的某些其他后果 (S00-T98)
S81.902,小腿开放性外伤,160,XTKFXWS,第19章 损伤、中毒和外因的某些其他后果 (S00-T98)
S81.903,小腿撕脱伤,160,XTSTS,第19章 损伤、中毒和外因的某些其他后果 (S00-T98)
S81.904,小腿皮肤软组织缺损,160,XTPFRZZQS,第19章 损伤、中毒和外因的某些其他后果 (S00-T98)
S81.905,小腿皮肤损伤,160,XTPFSS,第19章 损伤、中毒和外因的某些其他后果 (S00-T98)
S81.906,小腿切割伤,160,XTQGS,第19章 损伤、中毒和外因的某些其他后果 (S00-T98)
S82.001,髌骨骨折,161,BGGZ,第19章 损伤、中毒和外因的某些其他后果 (S00-T98)
S82.011,开放性髌骨骨折,161,KFXBGGZ,第19章 损伤、中毒和外因的某些其他后果 (S00-T98)
S82.201,胫腓骨骨折,161,JFGGZ,第19章 损伤、中毒和外因的某些其他后果 (S00-T98)
S82.202,胫骨干骨折,161,JGGGZ,第19章 损伤、中毒和外因的某些其他后果 (S00-T98)
S82.203,胫骨骨折,161,JGGZ,第19章 损伤、中毒和外因的某些其他后果 (S00-T98)
S82.211,胫腓骨开放性骨折,161,JFGKFXGZ,第19章 损伤、中毒和外因的某些其他后果 (S00-T98)
S82.212,胫骨开放性骨折,161,JGKFXGZ,第19章 损伤、中毒和外因的某些其他后果 (S00-T98)
S82.401,腓骨干骨折,161,FGGGZ,第19章 损伤、中毒和外因的某些其他后果 (S00-T98)
S82.402,腓骨骨折,161,FGGZ,第19章 损伤、中毒和外因的某些其他后果 (S00-T98)
S82.411,腓骨开放性骨折,161,FGKFXGZ,第19章 损伤、中毒和外因的某些其他后果 (S00-T98)
S82.501,胫骨骨折累及踝关节,161,JGGZLJHGJ,第19章 损伤、中毒和外因的某些其他后果 (S00-T98)
S82.502,内踝骨折,161,NHGZ,第19章 损伤、中毒和外因的某些其他后果 (S00-T98)
S82.511,内踝开放性骨折,161,NHKFXGZ,第19章 损伤、中毒和外因的某些其他后果 (S00-T98)
S82.601,腓骨骨折累及踝关节,161,FGGZLJHGJ,第19章 损伤、中毒和外因的某些其他后果 (S00-T98)
S82.602,外踝骨折,161,WHGZ,第19章 损伤、中毒和外因的某些其他后果 (S00-T98)
S82.611,外踝开放性骨折,161,WHKFXGZ,第19章 损伤、中毒和外因的某些其他后果 (S00-T98)
S82.801,踝骨骨折,161,HGGZ,第19章 损伤、中毒和外因的某些其他后果 (S00-T98)
S82.802,踝关节骨折,161,HGJGZ,第19章 损伤、中毒和外因的某些其他后果 (S00-T98)
S82.803,三踝骨折,161,SHGZ,第19章 损伤、中毒和外因的某些其他后果 (S00-T98)
S82.804,双踝骨折,161,SHGZ,第19章 损伤、中毒和外因的某些其他后果 (S00-T98)
S82.811,踝关节开放性骨折,161,HGJKFXGZ,第19章 损伤、中毒和外因的某些其他后果 (S00-T98)
S82.812,双踝开放性骨折,161,SHKFXGZ,第19章 损伤、中毒和外因的某些其他后果 (S00-T98)
S83.001,髌骨脱位,160,BGTW,第19章 损伤、中毒和外因的某些其他后果 (S00-T98)
S83.002,髌骨半脱位,160,BGBTW,第19章 损伤、中毒和外因的某些其他后果 (S00-T98)
S83.101,膝关节脱位,160,XGJTW,第19章 损伤、中毒和外因的某些其他后果 (S00-T98)
S83.102,胫腓关节脱位,160,JFGJTW,第19章 损伤、中毒和外因的某些其他后果 (S00-T98)
S83.201,膝关节内侧半月板近期损伤,160,XGJNCBYBJQSS,第19章 损伤、中毒和外因的某些其他后果 (S00-T98)
S83.202,膝外侧半月板近期损伤,160,XWCBYBJQSS,第19章 损伤、中毒和外因的某些其他后果 (S00-T98)
S83.203,膝关节半月板撕裂,160,XGJBYBSL,第19章 损伤、中毒和外因的某些其他后果 (S00-T98)
S83.301,膝关节软骨撕裂,160,XGJRGSL,第19章 损伤、中毒和外因的某些其他后果 (S00-T98)
S83.401,膝关节内侧副韧带扭伤,160,XGJNCFRDNS,第19章 损伤、中毒和外因的某些其他后果 (S00-T98)
S83.402,膝外侧副韧带损伤,160,XWCFRDSS,第19章 损伤、中毒和外因的某些其他后果 (S00-T98)
S83.501,膝十字韧带断裂,160,XSZRDDL,第19章 损伤、中毒和外因的某些其他后果 (S00-T98)
S83.502,膝外侧韧带断裂,160,XWCRDDL,第19章 损伤、中毒和外因的某些其他后果 (S00-T98)
S83.503,内侧副韧带断裂,160,NCFRDDL,第19章 损伤、中毒和外因的某些其他后果 (S00-T98)
S83.601,膝关节扭伤,160,XGJNS,第19章 损伤、中毒和外因的某些其他后果 (S00-T98)
S83.602,膝关节损伤,160,XGJSS,第19章 损伤、中毒和外因的某些其他后果 (S00-T98)
S83.603,髌韧带断裂,160,BRDDL,第19章 损伤、中毒和外因的某些其他后果 (S00-T98)
S83.604,膝关节前后交叉止点撕脱性骨折,160,XGJQHJCZDSTXGZ,第19章 损伤、中毒和外因的某些其他后果 (S00-T98)
S84.001,胫后神经损伤,160,JHSJSS,第19章 损伤、中毒和外因的某些其他后果 (S00-T98)
S84.002,胫神经损伤,160,JSJSS,第19章 损伤、中毒和外因的某些其他后果 (S00-T98)
S84.101,腓神经损伤,160,FSJSS,第19章 损伤、中毒和外因的某些其他后果 (S00-T98)
S85.001,创伤性腘动脉损伤,160,CSXGDMSS,第19章 损伤、中毒和外因的某些其他后果 (S00-T98)
S85.101,胫后动脉损伤,160,JHDMSS,第19章 损伤、中毒和外因的某些其他后果 (S00-T98)
S85.102,创伤性胫前动脉损伤,160,CSXJQDMSS,第19章 损伤、中毒和外因的某些其他后果 (S00-T98)
S85.501,创伤性腘静脉损伤,160,CSXGJMSS,第19章 损伤、中毒和外因的某些其他后果 (S00-T98)
S85.801,创伤性胫后动静脉损伤,160,CSXJHDJMSS,第19章 损伤、中毒和外因的某些其他后果 (S00-T98)
S86.001,跟腱断裂,160,GJDL,第19章 损伤、中毒和外因的某些其他后果 (S00-T98)
S86.301,腓肠肌损伤,160,FCJSS,第19章 损伤、中毒和外因的某些其他后果 (S00-T98)
S86.901,小腿肌断裂,160,XTJDL,第19章 损伤、中毒和外因的某些其他后果 (S00-T98)
S86.902,小腿开放性外伤累及肌腱,160,XTKFXWSLJJJ,第19章 损伤、中毒和外因的某些其他后果 (S00-T98)
S87.801,小腿挤压伤,160,XTJYS,第19章 损伤、中毒和外因的某些其他后果 (S00-T98)
S88.001,"膝以下创伤性截断,单侧",160,XYXCSXJDDC,第19章 损伤、中毒和外因的某些其他后果 (S00-T98)
S88.002,"膝以上创伤性截断,单侧",160,XYSCSXJDDC,第19章 损伤、中毒和外因的某些其他后果 (S00-T98)
S89.901,小腿损伤,160,XTSS,第19章 损伤、中毒和外因的某些其他后果 (S00-T98)
S90.301,足挫伤,160,ZCS,第19章 损伤、中毒和外因的某些其他后果 (S00-T98)
S90.302,足外伤,160,ZWS,第19章 损伤、中毒和外因的某些其他后果 (S00-T98)
S91.101,趾开放性外伤,160,ZKFXWS,第19章 损伤、中毒和外因的某些其他后果 (S00-T98)
S91.301,足部裂伤,160,ZBLS,第19章 损伤、中毒和外因的某些其他后果 (S00-T98)
S91.302,足开放性外伤,160,ZKFXWS,第19章 损伤、中毒和外因的某些其他后果 (S00-T98)
S91.303,足跟贯通伤,160,ZGGTS,第19章 损伤、中毒和外因的某些其他后果 (S00-T98)
S91.304,足撕裂伤,160,ZSLS,第19章 损伤、中毒和外因的某些其他后果 (S00-T98)
S92.001,跟骨骨折,161,GGGZ,第19章 损伤、中毒和外因的某些其他后果 (S00-T98)
S92.011,跟骨开放性骨折,161,GGKFXGZ,第19章 损伤、中毒和外因的某些其他后果 (S00-T98)
S92.101,距骨骨折,161,JGGZ,第19章 损伤、中毒和外因的某些其他后果 (S00-T98)
S92.102,距骨颈骨折,161,JGJGZ,第19章 损伤、中毒和外因的某些其他后果 (S00-T98)
S92.103,距骨体骨折,161,JGTGZ,第19章 损伤、中毒和外因的某些其他后果 (S00-T98)
S92.201,骰骨骨折,161,TGGZ,第19章 损伤、中毒和外因的某些其他后果 (S00-T98)
S92.202,楔状骨骨折(足),161,XZGGZZ,第19章 损伤、中毒和外因的某些其他后果 (S00-T98)
S92.203,足舟状骨骨折,161,ZZZGGZ,第19章 损伤、中毒和外因的某些其他后果 (S00-T98)
S92.301,跖骨骨折,161,ZGGZ,第19章 损伤、中毒和外因的某些其他后果 (S00-T98)
S92.311,跖骨开放性骨折,161,ZGKFXGZ,第19章 损伤、中毒和外因的某些其他后果 (S00-T98)
S92.501,趾骨骨折,161,ZGGZ,第19章 损伤、中毒和外因的某些其他后果 (S00-T98)
S92.511,趾骨开放性骨折,161,ZGKFXGZ,第19章 损伤、中毒和外因的某些其他后果 (S00-T98)
S93.001,踝关节半脱位,160,HGJBTW,第19章 损伤、中毒和外因的某些其他后果 (S00-T98)
S93.002,踝关节脱位,160,HGJTW,第19章 损伤、中毒和外因的某些其他后果 (S00-T98)
S93.003,胫距关节脱位,160,JJGJTW,第19章 损伤、中毒和外因的某些其他后果 (S00-T98)
S93.004,踝关节开放性脱位,160,HGJKFXTW,第19章 损伤、中毒和外因的某些其他后果 (S00-T98)
S93.101,趾关节脱位,160,ZGJTW,第19章 损伤、中毒和外因的某些其他后果 (S00-T98)
S93.301,舟骨周脱位(足),160,ZGZTWZ,第19章 损伤、中毒和外因的某些其他后果 (S00-T98)
S93.302,跖骨脱位,160,ZGTW,第19章 损伤、中毒和外因的某些其他后果 (S00-T98)
S93.401,踝关节扭伤,160,HGJNS,第19章 损伤、中毒和外因的某些其他后果 (S00-T98)
S93.402,胫腓韧带撕裂(远端),160,JFRDSLYD,第19章 损伤、中毒和外因的某些其他后果 (S00-T98)
S95.001,足背A断裂,161,ZBDL,第19章 损伤、中毒和外因的某些其他后果 (S00-T98)
S96.901,足开放性外伤累及肌腱,160,ZKFXWSLJJJ,第19章 损伤、中毒和外因的某些其他后果 (S00-T98)
S96.902,趾肌腱断裂,160,ZJJDL,第19章 损伤、中毒和外因的某些其他后果 (S00-T98)
S96.903,趾开放性外伤累及肌腱,160,ZKFXWSLJJJ,第19章 损伤、中毒和外因的某些其他后果 (S00-T98)
S97.801,足挤压伤,160,ZJYS,第19章 损伤、中毒和外因的某些其他后果 (S00-T98)
S98.101,足趾创伤性截断,160,ZZCSXJD,第19章 损伤、中毒和外因的某些其他后果 (S00-T98)
S98.401,创伤性足离断,160,CSXZLD,第19章 损伤、中毒和外因的某些其他后果 (S00-T98)
S99.901,足损伤,160,ZSS,第19章 损伤、中毒和外因的某些其他后果 (S00-T98)
T00.901,多处挫伤,160,DCCS,第19章 损伤、中毒和外因的某些其他后果 (S00-T98)
T00.902,多出子弹击伤,160,DCZTJS,第19章 损伤、中毒和外因的某些其他后果 (S00-T98)
T01.301,下肢多处裂伤,160,XZDCLS,第19章 损伤、中毒和外因的某些其他后果 (S00-T98)
T01.901,多处开放性外伤,160,DCKFXWS,第19章 损伤、中毒和外因的某些其他后果 (S00-T98)
T01.902,全身多发性爆炸伤,160,QSDFXBZS,第19章 损伤、中毒和外因的某些其他后果 (S00-T98)
T01.903,复合性外伤,160,FHXWS,第19章 损伤、中毒和外因的某些其他后果 (S00-T98)
T02.101,躯干多发性骨折,164,QGDFXGZ,第19章 损伤、中毒和外因的某些其他后果 (S00-T98)
T02.201,单侧上肢多发性骨折,164,DCSZDFXGZ,第19章 损伤、中毒和外因的某些其他后果 (S00-T98)
T02.311,单侧下肢多发性开放性骨折,164,DCXZDFXKFXGZ,第19章 损伤、中毒和外因的某些其他后果 (S00-T98)
T02.601,上肢伴下肢骨骨折,164,SZBXZGGZ,第19章 损伤、中毒和外因的某些其他后果 (S00-T98)
T02.701,骨盆伴下肢骨骨折,164,GPBXZGGZ,第19章 损伤、中毒和外因的某些其他后果 (S00-T98)
T02.702,上肢、下肢伴肋骨骨折,164,SZXZBLGGZ,第19章 损伤、中毒和外因的某些其他后果 (S00-T98)
T02.801,面骨伴下肢骨骨折,164,MGBXZGGZ,第19章 损伤、中毒和外因的某些其他后果 (S00-T98)
T02.802,面骨伴上下肢骨骨折,164,MGBSXZGGZ,第19章 损伤、中毒和外因的某些其他后果 (S00-T98)
T02.901,多发性骨折,164,DFXGZ,第19章 损伤、中毒和外因的某些其他后果 (S00-T98)
T04.201,上肢挤压伤,160,SZJYS,第19章 损伤、中毒和外因的某些其他后果 (S00-T98)
T04.301,下肢挤压伤,160,XZJYS,第19章 损伤、中毒和外因的某些其他后果 (S00-T98)
T04.302,下肢碾压伤,160,XZNYS,第19章 损伤、中毒和外因的某些其他后果 (S00-T98)
T04.801,全身性挤压伤,160,QSXJYS,第19章 损伤、中毒和外因的某些其他后果 (S00-T98)
T04.901,多处挤压伤,160,DCJYS,第19章 损伤、中毒和外因的某些其他后果 (S00-T98)
T04.902,多处软组织损伤,160,DCRZZSS,第19章 损伤、中毒和外因的某些其他后果 (S00-T98)
T05.201,双臂创伤性截断,160,SBCSXJD,第19章 损伤、中毒和外因的某些其他后果 (S00-T98)
T06.501,开放性胸腹损伤,160,KFXXFSS,第19章 损伤、中毒和外因的某些其他后果 (S00-T98)
T07  01,多部位损伤,160,DBWSS,第19章 损伤、中毒和外因的某些其他后果 (S00-T98)
T08  01,脊柱骨折伴截瘫,161,JZGZBJT,第19章 损伤、中毒和外因的某些其他后果 (S00-T98)
T09.301,创伤性截瘫,160,CSXJT,第19章 损伤、中毒和外因的某些其他后果 (S00-T98)
T09.302,脊髓损伤,160,JSSS,第19章 损伤、中毒和外因的某些其他后果 (S00-T98)
T09.303,创伤性脊髓休克,160,CSXJSXK,第19章 损伤、中毒和外因的某些其他后果 (S00-T98)
T09.501,躯干部软组织损伤,160,QGBRZZSS,第19章 损伤、中毒和外因的某些其他后果 (S00-T98)
T11.001,上肢表浅损伤,160,SZBQSS,第19章 损伤、中毒和外因的某些其他后果 (S00-T98)
T11.101,上肢开放性外伤,160,SZKFXWS,第19章 损伤、中毒和外因的某些其他后果 (S00-T98)
T11.102,上肢撕脱伤,160,SZSTS,第19章 损伤、中毒和外因的某些其他后果 (S00-T98)
T11.103,上肢开放性外伤并异物存留,160,SZKFXWSBYWCL,第19章 损伤、中毒和外因的某些其他后果 (S00-T98)
T11.401,上肢血管损伤,160,SZXGSS,第19章 损伤、中毒和外因的某些其他后果 (S00-T98)
T11.501,上肢开放性外伤累及肌腱,160,SZKFXWSLJJJ,第19章 损伤、中毒和外因的某些其他后果 (S00-T98)
T11.601,创伤性一侧臂截断,160,CSXYCBJD,第19章 损伤、中毒和外因的某些其他后果 (S00-T98)
T13.001,腿挫伤,160,TCS,第19章 损伤、中毒和外因的某些其他后果 (S00-T98)
T13.002,大腿软组织损伤,160,DTRZZSS,第19章 损伤、中毒和外因的某些其他后果 (S00-T98)
T13.003,足软组织损伤,160,ZRZZSS,第19章 损伤、中毒和外因的某些其他后果 (S00-T98)
T13.004,小腿软组织损伤,160,XTRZZSS,第19章 损伤、中毒和外因的某些其他后果 (S00-T98)
T13.005,股四头肌挫伤,160,GSTJCS,第19章 损伤、中毒和外因的某些其他后果 (S00-T98)
T13.007,下肢软组织挫伤,160,XZRZZCS,第19章 损伤、中毒和外因的某些其他后果 (S00-T98)
T13.301,下肢神经损伤,160,XZSJSS,第19章 损伤、中毒和外因的某些其他后果 (S00-T98)
T14.001,皮下血肿,160,PXXZ,第19章 损伤、中毒和外因的某些其他后果 (S00-T98)
T14.002,肢体擦伤伴异物,160,ZTCSBYW,第19章 损伤、中毒和外因的某些其他后果 (S00-T98)
T14.003,皮肤挫伤,160,PFCS,第19章 损伤、中毒和外因的某些其他后果 (S00-T98)
T14.004,小腿金属异物,160,XTJSYW,第19章 损伤、中毒和外因的某些其他后果 (S00-T98)
T14.006,头皮砍伤,160,TPKS,第19章 损伤、中毒和外因的某些其他后果 (S00-T98)
T14.007,睑皮肤撕裂伤,160,JPFSLS,第19章 损伤、中毒和外因的某些其他后果 (S00-T98)
T14.101,膝关节异物,160,XGJYW,第19章 损伤、中毒和外因的某些其他后果 (S00-T98)
T14.102,前臂异物,160,QBYW,第19章 损伤、中毒和外因的某些其他后果 (S00-T98)
T14.103,下肢异物,160,XZYW,第19章 损伤、中毒和外因的某些其他后果 (S00-T98)
T14.301,创伤性内眦韧带断裂,160,CSXNZRDDL,第19章 损伤、中毒和外因的某些其他后果 (S00-T98)
T14.501,血管损伤,160,XGSS,第19章 损伤、中毒和外因的某些其他后果 (S00-T98)
T14.502,大血管损伤,160,DXGSS,第19章 损伤、中毒和外因的某些其他后果 (S00-T98)
T14.901,创伤性皮肤损伤,160,CSXPFSS,第19章 损伤、中毒和外因的某些其他后果 (S00-T98)
T14.902,骨骺损伤,160,GHSS,第19章 损伤、中毒和外因的某些其他后果 (S00-T98)
T14.903,创伤性皮肤坏死,160,CSXPFHS,第19章 损伤、中毒和外因的某些其他后果 (S00-T98)
T15.001,"角膜异物,经腔口进入",160,JMYWJQKJR,第19章 损伤、中毒和外因的某些其他后果 (S00-T98)
T15.002,创伤性黄斑出血,160,CSXHBCX,第19章 损伤、中毒和外因的某些其他后果 (S00-T98)
T15.101,"结膜异物,经腔口进入",160,JMYWJQKJR,第19章 损伤、中毒和外因的某些其他后果 (S00-T98)
T15.102,眼睑异物,160,YJYW,第19章 损伤、中毒和外因的某些其他后果 (S00-T98)
T15.103,巩膜异物,160,GMYW,第19章 损伤、中毒和外因的某些其他后果 (S00-T98)
T16  01,耳道异物,160,EDYW,第19章 损伤、中毒和外因的某些其他后果 (S00-T98)
T16  02,中耳异物,160,ZEYW,第19章 损伤、中毒和外因的某些其他后果 (S00-T98)
T17.001,"上颌窦异物,经腔口进入",160,SHDYWJQKJR,第19章 损伤、中毒和外因的某些其他后果 (S00-T98)
T17.002,筛窦异物,160,SDYW,第19章 损伤、中毒和外因的某些其他后果 (S00-T98)
T17.003,"鼻窦异物,经腔口进入",160,BDYWJQKJR,第19章 损伤、中毒和外因的某些其他后果 (S00-T98)
T17.101,鼻内异物,160,BNYW,第19章 损伤、中毒和外因的某些其他后果 (S00-T98)
T17.102,鼻腔异物,160,BQYW,第19章 损伤、中毒和外因的某些其他后果 (S00-T98)
T17.201,鼻咽异物,160,BYYW,第19章 损伤、中毒和外因的某些其他后果 (S00-T98)
T17.202,"咽部异物,经腔口进入",160,YBYWJQKJR,第19章 损伤、中毒和外因的某些其他后果 (S00-T98)
T17.301,喉异物,160,HYW,第19章 损伤、中毒和外因的某些其他后果 (S00-T98)
T17.401,"气管异物,经腔口进入",160,QGYWJQKJR,第19章 损伤、中毒和外因的某些其他后果 (S00-T98)
T17.501,"支气管异物,经腔口进入",160,ZQGYWJQKJR,第19章 损伤、中毒和外因的某些其他后果 (S00-T98)
T17.801,"肺内异物,经腔口进入",160,FNYWJQKJR,第19章 损伤、中毒和外因的某些其他后果 (S00-T98)
T17.901,异物吸入性窒息,160,YWXRXZX,第19章 损伤、中毒和外因的某些其他后果 (S00-T98)
T17.902,呼吸道异物,160,HXDYW,第19章 损伤、中毒和外因的某些其他后果 (S00-T98)
T18.001,舌异物,160,SYW,第19章 损伤、中毒和外因的某些其他后果 (S00-T98)
T18.101,"食管异物,经腔口进入",160,SGYWJQKJR,第19章 损伤、中毒和外因的某些其他后果 (S00-T98)
T18.102,食管损伤,160,SGSS,第19章 损伤、中毒和外因的某些其他后果 (S00-T98)
T18.201,"胃内异物,经腔口进入",160,WNYWJQKJR,第19章 损伤、中毒和外因的某些其他后果 (S00-T98)
T18.301,十二指肠异物,160,SEZCYW,第19章 损伤、中毒和外因的某些其他后果 (S00-T98)
T18.501,肛门直肠异物,160,GMZCYW,第19章 损伤、中毒和外因的某些其他后果 (S00-T98)
T18.901,"消化道异物,经腔口进入",160,XHDYWJQKJR,第19章 损伤、中毒和外因的某些其他后果 (S00-T98)
T18.902,肠异物,160,CYW,第19章 损伤、中毒和外因的某些其他后果 (S00-T98)
T18.903,消化道异物,160,XHDYW,第19章 损伤、中毒和外因的某些其他后果 (S00-T98)
T18.904,纵隔异物,160,ZGYW,第19章 损伤、中毒和外因的某些其他后果 (S00-T98)
T19.001,"尿道异物,经腔口进入",160,NDYWJQKJR,第19章 损伤、中毒和外因的某些其他后果 (S00-T98)
T19.101,"膀胱异物,经腔口进入",160,PGYWJQKJR,第19章 损伤、中毒和外因的某些其他后果 (S00-T98)
T19.201,"阴道异物,经腔口进入",160,YDYWJQKJR,第19章 损伤、中毒和外因的某些其他后果 (S00-T98)
T19.301,宫腔内异物,160,GQNYW,第19章 损伤、中毒和外因的某些其他后果 (S00-T98)
T19.801,阴茎异物,160,YJYW,第19章 损伤、中毒和外因的某些其他后果 (S00-T98)
T20.001,耳烧伤,166,ESS,第19章 损伤、中毒和外因的某些其他后果 (S00-T98)
T20.002,面部烧伤,166,MBSS,第19章 损伤、中毒和外因的某些其他后果 (S00-T98)
T20.003,面部烫伤,166,MBTS,第19章 损伤、中毒和外因的某些其他后果 (S00-T98)
T20.004,头颈部烧伤,166,TJBSS,第19章 损伤、中毒和外因的某些其他后果 (S00-T98)
T20.101,面部一度烧伤,166,MBYDSS,第19章 损伤、中毒和外因的某些其他后果 (S00-T98)
T20.201,面部二度烧伤,166,MBEDSS,第19章 损伤、中毒和外因的某些其他后果 (S00-T98)
T20.301,头面颈部三度烧伤,166,TMJBSDSS,第19章 损伤、中毒和外因的某些其他后果 (S00-T98)
T20.401,耳化学性烧伤,166,EHXXSS,第19章 损伤、中毒和外因的某些其他后果 (S00-T98)
T21.001,躯干烧伤,166,QGSS,第19章 损伤、中毒和外因的某些其他后果 (S00-T98)
T21.002,胸壁烫伤,166,XBTS,第19章 损伤、中毒和外因的某些其他后果 (S00-T98)
T21.003,腹壁烫伤,166,FBTS,第19章 损伤、中毒和外因的某些其他后果 (S00-T98)
T21.004,背部烫伤,166,BBTS,第19章 损伤、中毒和外因的某些其他后果 (S00-T98)
T21.005,肛门烫伤,166,GMTS,第19章 损伤、中毒和外因的某些其他后果 (S00-T98)
T21.101,躯干一度烧伤,166,QGYDSS,第19章 损伤、中毒和外因的某些其他后果 (S00-T98)
T21.201,躯干二度烧伤,166,QGEDSS,第19章 损伤、中毒和外因的某些其他后果 (S00-T98)
T21.301,躯干三度烧伤,166,QGSDSS,第19章 损伤、中毒和外因的某些其他后果 (S00-T98)
T22.001,上肢烧伤,166,SZSS,第19章 损伤、中毒和外因的某些其他后果 (S00-T98)
T22.003,上肢烫伤,166,SZTS,第19章 损伤、中毒和外因的某些其他后果 (S00-T98)
T22.101,上肢一度烧伤,166,SZYDSS,第19章 损伤、中毒和外因的某些其他后果 (S00-T98)
T22.201,上肢二度烧伤,166,SZEDSS,第19章 损伤、中毒和外因的某些其他后果 (S00-T98)
T22.301,上肢三度烧伤,166,SZSDSS,第19章 损伤、中毒和外因的某些其他后果 (S00-T98)
T23.001,手烧伤,166,SSS,第19章 损伤、中毒和外因的某些其他后果 (S00-T98)
T23.004,手烫伤,166,STS,第19章 损伤、中毒和外因的某些其他后果 (S00-T98)
T23.101,腕一度烧伤(双),166,WYDSSS,第19章 损伤、中毒和外因的某些其他后果 (S00-T98)
T23.201,手二度烧伤(双),166,SEDSSS,第19章 损伤、中毒和外因的某些其他后果 (S00-T98)
T23.301,手指三度烧伤,166,SZSDSS,第19章 损伤、中毒和外因的某些其他后果 (S00-T98)
T24.001,下肢烧伤,166,XZSS,第19章 损伤、中毒和外因的某些其他后果 (S00-T98)
T24.003,大腿烫伤,166,DTTS,第19章 损伤、中毒和外因的某些其他后果 (S00-T98)
T24.004,下肢烫伤,166,XZTS,第19章 损伤、中毒和外因的某些其他后果 (S00-T98)
T24.101,下肢一度烧伤,166,XZYDSS,第19章 损伤、中毒和外因的某些其他后果 (S00-T98)
T24.201,下肢二度烧伤,166,XZEDSS,第19章 损伤、中毒和外因的某些其他后果 (S00-T98)
T24.301,下肢三度烧伤,166,XZSDSS,第19章 损伤、中毒和外因的某些其他后果 (S00-T98)
T25.002,踝烫伤,166,HTS,第19章 损伤、中毒和外因的某些其他后果 (S00-T98)
T26.001,眼睑烧伤,166,YJSS,第19章 损伤、中毒和外因的某些其他后果 (S00-T98)
T26.101,角膜烧伤,166,JMSS,第19章 损伤、中毒和外因的某些其他后果 (S00-T98)
T26.301,巩膜烧伤,166,GMSS,第19章 损伤、中毒和外因的某些其他后果 (S00-T98)
T26.401,眼球烧伤,166,YQSS,第19章 损伤、中毒和外因的某些其他后果 (S00-T98)
T26.601,角膜和结膜碱性烧伤,166,JMHJMJXSS,第19章 损伤、中毒和外因的某些其他后果 (S00-T98)
T26.602,角膜碱性烧伤,166,JMJXSS,第19章 损伤、中毒和外因的某些其他后果 (S00-T98)
T26.603,角膜酸性烧伤,166,JMSXSS,第19章 损伤、中毒和外因的某些其他后果 (S00-T98)
T26.604,结膜酸性烧伤,166,JMSXSS,第19章 损伤、中毒和外因的某些其他后果 (S00-T98)
T26.605,角膜化学性烧伤,166,JMHXXSS,第19章 损伤、中毒和外因的某些其他后果 (S00-T98)
T26.901,眼球碱性烧伤,166,YQJXSS,第19章 损伤、中毒和外因的某些其他后果 (S00-T98)
T26.902,眼球酸性烧伤,166,YQSXSS,第19章 损伤、中毒和外因的某些其他后果 (S00-T98)
T26.903,眼烫伤,166,YTS,第19章 损伤、中毒和外因的某些其他后果 (S00-T98)
T27.301,呼吸道烧伤,166,HXDSS,第19章 损伤、中毒和外因的某些其他后果 (S00-T98)
T27.601,鼻孔化学性烧伤,166,BKHXXSS,第19章 损伤、中毒和外因的某些其他后果 (S00-T98)
T27.701,呼吸道化学性烧伤,166,HXDHXXSS,第19章 损伤、中毒和外因的某些其他后果 (S00-T98)
T28.001,咽喉部烫伤,166,YHBTS,第19章 损伤、中毒和外因的某些其他后果 (S00-T98)
T28.201,直肠烫伤,166,ZCTS,第19章 损伤、中毒和外因的某些其他后果 (S00-T98)
T28.501,喉化学性烧伤,166,HHXXSS,第19章 损伤、中毒和外因的某些其他后果 (S00-T98)
T28.502,咽化学性烧伤,166,YHXXSS,第19章 损伤、中毒和外因的某些其他后果 (S00-T98)
T28.601,食管化学性烧伤,166,SGHXXSS,第19章 损伤、中毒和外因的某些其他后果 (S00-T98)
T28.701,消化道化学性烧伤,166,XHDHXXSS,第19章 损伤、中毒和外因的某些其他后果 (S00-T98)
T28.801,泌尿道生殖器官烧伤,---,MNDSZQGSS,第19章 损伤、中毒和外因的某些其他后果 (S00-T98)
T29.001,多处烧伤,166,DCSS,第19章 损伤、中毒和外因的某些其他后果 (S00-T98)
T29.002,多处烫伤,166,DCTS,第19章 损伤、中毒和外因的某些其他后果 (S00-T98)
T29.101,多处一度烧伤,166,DCYDSS,第19章 损伤、中毒和外因的某些其他后果 (S00-T98)
T29.201,多处二度烧伤,166,DCEDSS,第19章 损伤、中毒和外因的某些其他后果 (S00-T98)
T29.301,"头部,躯干,肢体三度烧伤",166,TBQGZTSDSS,第19章 损伤、中毒和外因的某些其他后果 (S00-T98)
T29.302,多处三度烧伤,166,DCSDSS,第19章 损伤、中毒和外因的某些其他后果 (S00-T98)
T31.001,烧伤<10%,166,SS,第19章 损伤、中毒和外因的某些其他后果 (S00-T98)
T31.101,腐蚀10%-19%,166,FS,第19章 损伤、中毒和外因的某些其他后果 (S00-T98)
T31.102,烧伤10-19%,166,SS,第19章 损伤、中毒和外因的某些其他后果 (S00-T98)
T31.201,腐蚀20%-29%,166,FS,第19章 损伤、中毒和外因的某些其他后果 (S00-T98)
T31.202,烧伤20-29%,166,SS,第19章 损伤、中毒和外因的某些其他后果 (S00-T98)
T31.301,腐蚀30%-39%,166,FS,第19章 损伤、中毒和外因的某些其他后果 (S00-T98)
T31.302,烧伤30-39%,166,SS,第19章 损伤、中毒和外因的某些其他后果 (S00-T98)
T31.401,烧伤 40-49%,166,SS,第19章 损伤、中毒和外因的某些其他后果 (S00-T98)
T31.402,腐蚀40-49%,166,FS,第19章 损伤、中毒和外因的某些其他后果 (S00-T98)
T31.501,腐蚀50%-59%,166,FS,第19章 损伤、中毒和外因的某些其他后果 (S00-T98)
T31.502,烧伤50-59%,166,SS,第19章 损伤、中毒和外因的某些其他后果 (S00-T98)
T31.601,腐蚀60%-69%,166,FS,第19章 损伤、中毒和外因的某些其他后果 (S00-T98)
T31.602,烧伤60-69%,166,SS,第19章 损伤、中毒和外因的某些其他后果 (S00-T98)
T31.701,腐蚀70%-79%,166,FS,第19章 损伤、中毒和外因的某些其他后果 (S00-T98)
T31.702,烧伤70-79%,166,SS,第19章 损伤、中毒和外因的某些其他后果 (S00-T98)
T31.801,腐蚀80%-89%,166,FS,第19章 损伤、中毒和外因的某些其他后果 (S00-T98)
T31.802,烧伤80-89%,166,SS,第19章 损伤、中毒和外因的某些其他后果 (S00-T98)
T31.901,腐蚀90%以上,166,FSYS,第19章 损伤、中毒和外因的某些其他后果 (S00-T98)
T31.902,烧伤90%或超过,166,SSHCG,第19章 损伤、中毒和外因的某些其他后果 (S00-T98)
T33.001,面部冻伤,166,MBDS,第19章 损伤、中毒和外因的某些其他后果 (S00-T98)
T33.003,鼻冻伤,166,BDS,第19章 损伤、中毒和外因的某些其他后果 (S00-T98)
T35.701,冻伤,160,DS,第19章 损伤、中毒和外因的某些其他后果 (S00-T98)
T36.101,先锋霉素中毒,167,XFMSZD,第19章 损伤、中毒和外因的某些其他后果 (S00-T98)
T36.201,氯霉素中毒,167,LMSZD,第19章 损伤、中毒和外因的某些其他后果 (S00-T98)
T36.301,红霉素中毒,167,HMSZD,第19章 损伤、中毒和外因的某些其他后果 (S00-T98)
T36.501,庆大霉素中毒,167,QDMSZD,第19章 损伤、中毒和外因的某些其他后果 (S00-T98)
T36.502,链霉素中毒,167,LMSZD,第19章 损伤、中毒和外因的某些其他后果 (S00-T98)
T37.101,雷米封自杀,167,LMFZS,第19章 损伤、中毒和外因的某些其他后果 (S00-T98)
T37.401,驱蠕虫药中毒,167,QRCYZD,第19章 损伤、中毒和外因的某些其他后果 (S00-T98)
T38.001,医源性类固醇性糖尿病,167,YYXLGCXTNB,第19章 损伤、中毒和外因的某些其他后果 (S00-T98)
T38.301,医原性高胰岛素血症,167,YYXGYDSXZ,第19章 损伤、中毒和外因的某些其他后果 (S00-T98)
T38.401,避孕药中毒,167,BYYZD,第19章 损伤、中毒和外因的某些其他后果 (S00-T98)
T39.801,痛可灵中毒,167,TKLZD,第19章 损伤、中毒和外因的某些其他后果 (S00-T98)
T39.802,痛可宁意外中毒,167,TKNYWZD,第19章 损伤、中毒和外因的某些其他后果 (S00-T98)
T40.101,海洛因中毒,167,HLYZD,第19章 损伤、中毒和外因的某些其他后果 (S00-T98)
T40.401,杜冷丁中毒,167,DLDZD,第19章 损伤、中毒和外因的某些其他后果 (S00-T98)
T40.402,杜冷丁自杀,167,DLDZS,第19章 损伤、中毒和外因的某些其他后果 (S00-T98)
T40.403,毒品戒断综合征,167,DPJDZHZ,第19章 损伤、中毒和外因的某些其他后果 (S00-T98)
T40.404,冰毒中毒（甲基苯丙胺中毒）,167,BDZDJJBBAZD,第19章 损伤、中毒和外因的某些其他后果 (S00-T98)
T40.901,摇头丸中毒,167,YTWZD,第19章 损伤、中毒和外因的某些其他后果 (S00-T98)
T41.501,氧气意外中毒,167,YQYWZD,第19章 损伤、中毒和外因的某些其他后果 (S00-T98)
T42.001,苯妥英纳意外中毒,167,BTYNYWZD,第19章 损伤、中毒和外因的某些其他后果 (S00-T98)
T42.101,卡马西平中毒,167,KMXPZD,第19章 损伤、中毒和外因的某些其他后果 (S00-T98)
T42.102,卡马西平自杀,167,KMXPZS,第19章 损伤、中毒和外因的某些其他后果 (S00-T98)
T42.301,速可眠中毒,167,SKMZD,第19章 损伤、中毒和外因的某些其他后果 (S00-T98)
T42.302,巴比妥盐类意外中毒,167,BBTYLYWZD,第19章 损伤、中毒和外因的某些其他后果 (S00-T98)
T42.303,苯巴比妥意外中毒,167,BBBTYWZD,第19章 损伤、中毒和外因的某些其他后果 (S00-T98)
T42.304,苯巴比妥自杀,167,BBBTZS,第19章 损伤、中毒和外因的某些其他后果 (S00-T98)
T42.305,苯巴比妥中毒,167,BBBTZD,第19章 损伤、中毒和外因的某些其他后果 (S00-T98)
T42.306,氯氮平中毒,167,LDPZD,第19章 损伤、中毒和外因的某些其他后果 (S00-T98)
T42.402,硝基安定中毒,167,XJADZD,第19章 损伤、中毒和外因的某些其他后果 (S00-T98)
T42.403,利眠宁中毒,167,LMNZD,第19章 损伤、中毒和外因的某些其他后果 (S00-T98)
T42.404,舒乐安定中毒,167,SLADZD,第19章 损伤、中毒和外因的某些其他后果 (S00-T98)
T42.405,佳静安定中毒,167,JJADZD,第19章 损伤、中毒和外因的某些其他后果 (S00-T98)
T42.406,安定剂意外中毒,167,ADJYWZD,第19章 损伤、中毒和外因的某些其他后果 (S00-T98)
T42.407,安定剂自杀,167,ADJZS,第19章 损伤、中毒和外因的某些其他后果 (S00-T98)
T42.409,安定中毒，原因不明,167,ADZDYYBM,第19章 损伤、中毒和外因的某些其他后果 (S00-T98)
T42.410,硝基安定自杀,167,XJADZS,第19章 损伤、中毒和外因的某些其他后果 (S00-T98)
T42.411,舒乐安定意外中毒,167,SLADYWZD,第19章 损伤、中毒和外因的某些其他后果 (S00-T98)
T42.601,安眠酮意外中毒,167,AMTYWZD,第19章 损伤、中毒和外因的某些其他后果 (S00-T98)
T42.602,安眠酮自杀,167,AMTZS,第19章 损伤、中毒和外因的某些其他后果 (S00-T98)
T42.603,利眠宁自杀,167,LMNZS,第19章 损伤、中毒和外因的某些其他后果 (S00-T98)
T42.604,氯丙嗪自杀,167,LBQZS,第19章 损伤、中毒和外因的某些其他后果 (S00-T98)
T42.605,速可眠自杀,167,SKMZS,第19章 损伤、中毒和外因的某些其他后果 (S00-T98)
T42.701,安眠药意外中毒,167,AMYYWZD,第19章 损伤、中毒和外因的某些其他后果 (S00-T98)
T42.702,安眠药中毒，原因不明,167,AMYZDYYBM,第19章 损伤、中毒和外因的某些其他后果 (S00-T98)
T42.703,安眠药自杀,167,AMYZS,第19章 损伤、中毒和外因的某些其他后果 (S00-T98)
T42.704,催眠药自杀,167,CMYZS,第19章 损伤、中毒和外因的某些其他后果 (S00-T98)
T43.001,多虑平中毒,167,DLPZD,第19章 损伤、中毒和外因的某些其他后果 (S00-T98)
T43.002,多虑平自杀,167,DLPZS,第19章 损伤、中毒和外因的某些其他后果 (S00-T98)
T43.301,奋乃静自杀,167,FNJZS,第19章 损伤、中毒和外因的某些其他后果 (S00-T98)
T43.302,氯丙嗪中毒,167,LBQZD,第19章 损伤、中毒和外因的某些其他后果 (S00-T98)
T43.501,安宁中毒,167,ANZD,第19章 损伤、中毒和外因的某些其他后果 (S00-T98)
T43.502,安宁意外中毒,167,ANYWZD,第19章 损伤、中毒和外因的某些其他后果 (S00-T98)
T43.503,安宁自杀,167,ANZS,第19章 损伤、中毒和外因的某些其他后果 (S00-T98)
T44.001,吡啶斯的明自杀,167,BDSDMZS,第19章 损伤、中毒和外因的某些其他后果 (S00-T98)
T44.301,吡啶斯的明中毒,167,BDSDMZD,第19章 损伤、中毒和外因的某些其他后果 (S00-T98)
T44.302,阿托品中毒,167,ATPZD,第19章 损伤、中毒和外因的某些其他后果 (S00-T98)
T44.303,莨菪碱类植物中毒,167,LDJLZWZD,第19章 损伤、中毒和外因的某些其他后果 (S00-T98)
T44.304,安坦意外中毒,167,ATYWZD,第19章 损伤、中毒和外因的某些其他后果 (S00-T98)
T44.305,安坦自杀,167,ATZS,第19章 损伤、中毒和外因的某些其他后果 (S00-T98)
T44.306,阿托品自杀,167,ATPZS,第19章 损伤、中毒和外因的某些其他后果 (S00-T98)
T45.201,维生素A中毒,167,WSSZD,第19章 损伤、中毒和外因的某些其他后果 (S00-T98)
T45.501,新抗凝片中毒,167,XKNPZD,第19章 损伤、中毒和外因的某些其他后果 (S00-T98)
T45.502,抗凝血药意外中毒,167,KNXYYWZD,第19章 损伤、中毒和外因的某些其他后果 (S00-T98)
T46.001,洋地黄中毒,167,YDHZD,第19章 损伤、中毒和外因的某些其他后果 (S00-T98)
T46.002,地高辛中毒,167,DGXZD,第19章 损伤、中毒和外因的某些其他后果 (S00-T98)
T46.003,地高辛意外中毒,167,DGXYWZD,第19章 损伤、中毒和外因的某些其他后果 (S00-T98)
T46.004,洋地黄自杀,167,YDHZS,第19章 损伤、中毒和外因的某些其他后果 (S00-T98)
T46.005,洋地黄类药物中毒，原因不明,167,YDHLYWZDYYBM,第19章 损伤、中毒和外因的某些其他后果 (S00-T98)
T46.006,洋地黄类药物自杀,167,YDHLYWZS,第19章 损伤、中毒和外因的某些其他后果 (S00-T98)
T46.101,异搏定意外中毒,167,YBDYWZD,第19章 损伤、中毒和外因的某些其他后果 (S00-T98)
T46.301,硝酸甘油中毒,167,XSGYZD,第19章 损伤、中毒和外因的某些其他后果 (S00-T98)
T46.302,扩管药过量,167,KGYGL,第19章 损伤、中毒和外因的某些其他后果 (S00-T98)
T46.701,复降片中毒,167,FJPZD,第19章 损伤、中毒和外因的某些其他后果 (S00-T98)
T48.601,氨茶碱意外中毒,167,ACJYWZD,第19章 损伤、中毒和外因的某些其他后果 (S00-T98)
T49.001,甲酚中毒,167,JFZD,第19章 损伤、中毒和外因的某些其他后果 (S00-T98)
T49.002,来苏中毒,167,LSZD,第19章 损伤、中毒和外因的某些其他后果 (S00-T98)
T49.003,甲酚自杀,167,JFZS,第19章 损伤、中毒和外因的某些其他后果 (S00-T98)
T49.101,止泻药物意外中毒,167,ZXYWYWZD,第19章 损伤、中毒和外因的某些其他后果 (S00-T98)
T50.901,药物中毒,167,YWZD,第19章 损伤、中毒和外因的某些其他后果 (S00-T98)
T50.902,特指药物自杀,167,TZYWZS,第19章 损伤、中毒和外因的某些其他后果 (S00-T98)
T50.903,其他药物意外中毒,167,QTYWYWZD,第19章 损伤、中毒和外因的某些其他后果 (S00-T98)
T50.904,误用药物,167,WYYW,第19章 损伤、中毒和外因的某些其他后果 (S00-T98)
T50.905,误服药物过量,167,WFYWGL,第19章 损伤、中毒和外因的某些其他后果 (S00-T98)
T50.906,正红花油中毒,167,ZHHYZD,第19章 损伤、中毒和外因的某些其他后果 (S00-T98)
T50.907,误服高锰酸钾,167,WFGMSJ,第19章 损伤、中毒和外因的某些其他后果 (S00-T98)
T50.908,误服麦迪霉素,167,WFMDMS,第19章 损伤、中毒和外因的某些其他后果 (S00-T98)
T50.909,误服安宫黄体酮,167,WFAGHTT,第19章 损伤、中毒和外因的某些其他后果 (S00-T98)
T51.001,乙醇意外中毒,168,YCYWZD,第19章 损伤、中毒和外因的某些其他后果 (S00-T98)
T51.901,服酒精自杀,168,FJJZS,第19章 损伤、中毒和外因的某些其他后果 (S00-T98)
T51.902,酒精意外中毒,168,JJYWZD,第19章 损伤、中毒和外因的某些其他后果 (S00-T98)
T52.101,苯意外中毒,168,BYWZD,第19章 损伤、中毒和外因的某些其他后果 (S00-T98)
T52.102,服苯自杀,168,FBZS,第19章 损伤、中毒和外因的某些其他后果 (S00-T98)
T52.301,乙二醇（乙醚）意外中毒,168,YECYMYWZD,第19章 损伤、中毒和外因的某些其他后果 (S00-T98)
T54.201,硫酸自杀,168,LSZS,第19章 损伤、中毒和外因的某些其他后果 (S00-T98)
T54.202,酸性物自杀,168,SXWZS,第19章 损伤、中毒和外因的某些其他后果 (S00-T98)
T54.203,亚硝酸意外中毒,168,YXSYWZD,第19章 损伤、中毒和外因的某些其他后果 (S00-T98)
T54.204,硝酸银溶液中毒,168,XSYRYZD,第19章 损伤、中毒和外因的某些其他后果 (S00-T98)
T54.205,硫酸中毒,168,LSZD,第19章 损伤、中毒和外因的某些其他后果 (S00-T98)
T54.301,苛性碱意外中毒,168,KXJYWZD,第19章 损伤、中毒和外因的某些其他后果 (S00-T98)
T54.302,洗涤剂意外中毒,168,XDJYWZD,第19章 损伤、中毒和外因的某些其他后果 (S00-T98)
T54.901,其他和未特指的固体和液体物质中毒,168,QTHWTZDGTHYTWZZD,第19章 损伤、中毒和外因的某些其他后果 (S00-T98)
T56.001,铅中毒,168,QZD,第19章 损伤、中毒和外因的某些其他后果 (S00-T98)
T56.002,铅中毒性脑病,168,QZDXNB,第19章 损伤、中毒和外因的某些其他后果 (S00-T98)
T56.101,汞中毒,168,GZD,第19章 损伤、中毒和外因的某些其他后果 (S00-T98)
T56.102,汞自杀,168,GZS,第19章 损伤、中毒和外因的某些其他后果 (S00-T98)
T56.103,汞意外中毒,168,GYWZD,第19章 损伤、中毒和外因的某些其他后果 (S00-T98)
T56.801,铊意外中毒,168,TYWZD,第19章 损伤、中毒和外因的某些其他后果 (S00-T98)
T57.001,砷意外中毒,168,SYWZD,第19章 损伤、中毒和外因的某些其他后果 (S00-T98)
T57.002,砷药物意外中毒,168,SYWYWZD,第19章 损伤、中毒和外因的某些其他后果 (S00-T98)
T58  01,一氧化碳中毒,168,YYHTZD,第19章 损伤、中毒和外因的某些其他后果 (S00-T98)
T58  02,家庭火炉的一氧化碳意外中毒,168,JTHLDYYHTYWZD,第19章 损伤、中毒和外因的某些其他后果 (S00-T98)
T58  03,一氧化碳意外中毒,168,YYHTYWZD,第19章 损伤、中毒和外因的某些其他后果 (S00-T98)
T58  04,一氧化碳自杀,168,YYHTZS,第19章 损伤、中毒和外因的某些其他后果 (S00-T98)
T59.001,氮意外中毒,168,DYWZD,第19章 损伤、中毒和外因的某些其他后果 (S00-T98)
T59.101,二氧化硫中毒,168,EYHLZD,第19章 损伤、中毒和外因的某些其他后果 (S00-T98)
T59.201,二硫化碳中毒,168,ELHTZD,第19章 损伤、中毒和外因的某些其他后果 (S00-T98)
T59.401,氯气中毒,168,LQZD,第19章 损伤、中毒和外因的某些其他后果 (S00-T98)
T59.402,氯气意外中毒,168,LQYWZD,第19章 损伤、中毒和外因的某些其他后果 (S00-T98)
T59.601,硫化氢中毒,168,LHQZD,第19章 损伤、中毒和外因的某些其他后果 (S00-T98)
T59.602,硫化氢意外中毒,168,LHQYWZD,第19章 损伤、中毒和外因的某些其他后果 (S00-T98)
T59.701,二氧化碳中毒,168,EYHTZD,第19章 损伤、中毒和外因的某些其他后果 (S00-T98)
T59.801,氨气意外中毒,168,AQYWZD,第19章 损伤、中毒和外因的某些其他后果 (S00-T98)
T59.802,液化石油气意外中毒,168,YHSYQYWZD,第19章 损伤、中毒和外因的某些其他后果 (S00-T98)
T59.803,总烃油蒸气意外中毒,168,ZTYZQYWZD,第19章 损伤、中毒和外因的某些其他后果 (S00-T98)
T59.804,硫化物意外中毒,168,LHWYWZD,第19章 损伤、中毒和外因的某些其他后果 (S00-T98)
T59.901,经管道分发的气体意外中毒,168,JGDFFDQTYWZD,第19章 损伤、中毒和外因的某些其他后果 (S00-T98)
T60.001,敌敌畏中毒,168,DDWZD,第19章 损伤、中毒和外因的某些其他后果 (S00-T98)
T60.002,有机磷中毒,168,YJLZD,第19章 损伤、中毒和外因的某些其他后果 (S00-T98)
T60.003,敌敌畏意外中毒,168,DDWYWZD,第19章 损伤、中毒和外因的某些其他后果 (S00-T98)
T60.004,敌敌畏中毒，原因不明,168,DDWZDYYBM,第19章 损伤、中毒和外因的某些其他后果 (S00-T98)
T60.006,有机磷中毒，原因不明,168,YJLZDYYBM,第19章 损伤、中毒和外因的某些其他后果 (S00-T98)
T60.007,有机磷自杀,168,YJLZS,第19章 损伤、中毒和外因的某些其他后果 (S00-T98)
T60.008,杀虫脒中毒,168,SCMZD,第19章 损伤、中毒和外因的某些其他后果 (S00-T98)
T60.401,杀鼠剂中毒,168,SSJZD,第19章 损伤、中毒和外因的某些其他后果 (S00-T98)
T60.402,杀鼠剂意外中毒,168,SSJYWZD,第19章 损伤、中毒和外因的某些其他后果 (S00-T98)
T60.801,溴氰菊酯(除虫菊)中毒,168,XQJZCCJZD,第19章 损伤、中毒和外因的某些其他后果 (S00-T98)
T60.802,氟乙酰胺中毒,168,FYXAZD,第19章 损伤、中毒和外因的某些其他后果 (S00-T98)
T60.901,农用药自杀,168,NYYZS,第19章 损伤、中毒和外因的某些其他后果 (S00-T98)
T60.902,农药意外中毒,168,NYYWZD,第19章 损伤、中毒和外因的某些其他后果 (S00-T98)
T62.001,蘑菇类意外中毒,168,MGLYWZD,第19章 损伤、中毒和外因的某些其他后果 (S00-T98)
T62.201,龙葵果(野葡萄)中毒,168,LKGYPTZD,第19章 损伤、中毒和外因的某些其他后果 (S00-T98)
T62.801,苦杏仁意外中毒,168,KXRYWZD,第19章 损伤、中毒和外因的某些其他后果 (S00-T98)
T62.901,扁豆中毒,168,BDZD,第19章 损伤、中毒和外因的某些其他后果 (S00-T98)
T62.902,食品类意外中毒,168,SPLYWZD,第19章 损伤、中毒和外因的某些其他后果 (S00-T98)
T62.903,食物中毒,168,SWZD,第19章 损伤、中毒和外因的某些其他后果 (S00-T98)
T62.904,鱼胆中毒,168,YDZD,第19章 损伤、中毒和外因的某些其他后果 (S00-T98)
T63.001,毒蛇咬伤,168,DSYS,第19章 损伤、中毒和外因的某些其他后果 (S00-T98)
T63.002,猴咬伤,168,HYS,第19章 损伤、中毒和外因的某些其他后果 (S00-T98)
T63.003,虫咬伤，有毒,168,CYSYD,第19章 损伤、中毒和外因的某些其他后果 (S00-T98)
T63.004,狗咬伤,168,GYS,第19章 损伤、中毒和外因的某些其他后果 (S00-T98)
T63.101,蜈蚣咬伤,168,WGYS,第19章 损伤、中毒和外因的某些其他后果 (S00-T98)
T63.401,蜂螫伤,168,FZS,第19章 损伤、中毒和外因的某些其他后果 (S00-T98)
T65.301,硝基苯中毒,168,XJBZD,第19章 损伤、中毒和外因的某些其他后果 (S00-T98)
T65.601,清漆中毒,168,QQZD,第19章 损伤、中毒和外因的某些其他后果 (S00-T98)
T65.801,加湿器消毒剂中毒,168,JSQXDJZD,第19章 损伤、中毒和外因的某些其他后果 (S00-T98)
T65.802,加湿器消毒剂意外中毒,168,JSQXDJYWZD,第19章 损伤、中毒和外因的某些其他后果 (S00-T98)
T65.803,来苏意外中毒,168,LSYWZD,第19章 损伤、中毒和外因的某些其他后果 (S00-T98)
T65.804,染发液过敏,168,RFYGM,第19章 损伤、中毒和外因的某些其他后果 (S00-T98)
T66  01,放射性损伤,160,FSXSS,第19章 损伤、中毒和外因的某些其他后果 (S00-T98)
T67.002,中暑,160,ZS,第19章 损伤、中毒和外因的某些其他后果 (S00-T98)
T67.501,热衰竭,160,RSJ,第19章 损伤、中毒和外因的某些其他后果 (S00-T98)
T69.101,冻疮,160,DC,第19章 损伤、中毒和外因的某些其他后果 (S00-T98)
T69.102,耳廓冻疮,160,EKDC,第19章 损伤、中毒和外因的某些其他后果 (S00-T98)
T69.103,足冻疮,160,ZDC,第19章 损伤、中毒和外因的某些其他后果 (S00-T98)
T70.201,高山病,160,GSB,第19章 损伤、中毒和外因的某些其他后果 (S00-T98)
T70.202,高原性高血压,160,GYXGXY,第19章 损伤、中毒和外因的某些其他后果 (S00-T98)
T70.203,飞行员病(由于飞行气压改变引起的疾病),160,FXYBYYFXQYGBYQDJB,第19章 损伤、中毒和外因的某些其他后果 (S00-T98)
T70.204,航空病,160,HKB,第19章 损伤、中毒和外因的某些其他后果 (S00-T98)
T71  01,绞缢,160,JY,第19章 损伤、中毒和外因的某些其他后果 (S00-T98)
T75.001,雷击,160,LJ,第19章 损伤、中毒和外因的某些其他后果 (S00-T98)
T75.101,溺水,160,NS,第19章 损伤、中毒和外因的某些其他后果 (S00-T98)
T75.102,急性肺水肿由于溺水,160,JXFSZYYNS,第19章 损伤、中毒和外因的某些其他后果 (S00-T98)
T75.301,晕动病,160,YDB,第19章 损伤、中毒和外因的某些其他后果 (S00-T98)
T75.302,晕车船病,160,YCCB,第19章 损伤、中毒和外因的某些其他后果 (S00-T98)
T75.401,电击伤,160,DJS,第19章 损伤、中毒和外因的某些其他后果 (S00-T98)
T75.801,从高出或建筑物上跳下自杀,160,CGCHJWSTXZS,第19章 损伤、中毒和外因的某些其他后果 (S00-T98)
T78.101,食物过敏反应,160,SWGMFY,第19章 损伤、中毒和外因的某些其他后果 (S00-T98)
T78.201,过敏性休克,160,GMXXK,第19章 损伤、中毒和外因的某些其他后果 (S00-T98)
T78.202,赫克斯海默氏反应,160,HKSHMSFY,第19章 损伤、中毒和外因的某些其他后果 (S00-T98)
T78.301,血管神经性水肿,160,XGSJXSZ,第19章 损伤、中毒和外因的某些其他后果 (S00-T98)
T78.302,胃肠型荨麻疹,160,WCXXMZ,第19章 损伤、中毒和外因的某些其他后果 (S00-T98)
T78.303,耳廓血管神经性反应,160,EKXGSJXFY,第19章 损伤、中毒和外因的某些其他后果 (S00-T98)
T78.401,变态(过敏)反应,160,BTGMFY,第19章 损伤、中毒和外因的某些其他后果 (S00-T98)
T79.201,创伤后继发性出血,160,CSHJFXCX,第19章 损伤、中毒和外因的某些其他后果 (S00-T98)
T79.301,创伤后伤口感染,160,CSHSKGR,第19章 损伤、中毒和外因的某些其他后果 (S00-T98)
T79.401,创伤性休克,160,CSXXK,第19章 损伤、中毒和外因的某些其他后果 (S00-T98)
T79.501,挤压综合征,160,JYZHZ,第19章 损伤、中毒和外因的某些其他后果 (S00-T98)
T79.503,骨筋膜室综合症,160,GJMSZHZ,第19章 损伤、中毒和外因的某些其他后果 (S00-T98)
T79.601,福耳克曼氏缺血性挛缩,160,FEKMSQXXLS,第19章 损伤、中毒和外因的某些其他后果 (S00-T98)
T79.701,创伤性皮下气肿,160,CSXPXQZ,第19章 损伤、中毒和外因的某些其他后果 (S00-T98)
T79.801,创伤性脑膜炎,160,CSXNMY,第19章 损伤、中毒和外因的某些其他后果 (S00-T98)
T79.802,间区综合征,160,JQZHZ,第19章 损伤、中毒和外因的某些其他后果 (S00-T98)
T80.001,输血时空气栓塞,169,SXSKQSS,第19章 损伤、中毒和外因的某些其他后果 (S00-T98)
T80.201,腹膜透析腹膜炎,169,FMTXFMY,第19章 损伤、中毒和外因的某些其他后果 (S00-T98)
T80.202,"败血症,由于注入人奶",169,BXZYYZRRN,第19章 损伤、中毒和外因的某些其他后果 (S00-T98)
T80.203,输液后感染,169,SYHGR,第19章 损伤、中毒和外因的某些其他后果 (S00-T98)
T80.501,血清性过敏反应,169,XQXGMFY,第19章 损伤、中毒和外因的某些其他后果 (S00-T98)
T80.601,血清病,169,XQB,第19章 损伤、中毒和外因的某些其他后果 (S00-T98)
T80.602,血清性荨麻疹,169,XQXXMZ,第19章 损伤、中毒和外因的某些其他后果 (S00-T98)
T80.603,血清病样反应,169,XQBYFY,第19章 损伤、中毒和外因的某些其他后果 (S00-T98)
T80.901,输血反应,169,SXFY,第19章 损伤、中毒和外因的某些其他后果 (S00-T98)
T80.902,含铁血黄素沉着症(输血反应),169,HTXHSCZZSXFY,第19章 损伤、中毒和外因的某些其他后果 (S00-T98)
T80.903,输液反应(致热原反应),169,SYFYZRYFY,第19章 损伤、中毒和外因的某些其他后果 (S00-T98)
T80.904,双硫仑样反应,169,SLLYFY,第19章 损伤、中毒和外因的某些其他后果 (S00-T98)
T80.905,封闭后肢体循环障碍,169,FBHZTXHZA,第19章 损伤、中毒和外因的某些其他后果 (S00-T98)
T81.001,手术后出血,170,SSHCX,第19章 损伤、中毒和外因的某些其他后果 (S00-T98)
T81.002,手术后颅内血肿,170,SSHLNXZ,第19章 损伤、中毒和外因的某些其他后果 (S00-T98)
T81.003,手术后视网膜出血,170,SSHSWMCX,第19章 损伤、中毒和外因的某些其他后果 (S00-T98)
T81.004,手术后胸腔出血,170,SSHXQCX,第19章 损伤、中毒和外因的某些其他后果 (S00-T98)
T81.005,手术后扁桃体出血,170,SSHBTTCX,第19章 损伤、中毒和外因的某些其他后果 (S00-T98)
T81.006,手术后胃吻合口出血,170,SSHWWHKCX,第19章 损伤、中毒和外因的某些其他后果 (S00-T98)
T81.007,手术后肠吻合口出血,170,SSHCWHKCX,第19章 损伤、中毒和外因的某些其他后果 (S00-T98)
T81.008,手术后胆管出血,170,SSHDGCX,第19章 损伤、中毒和外因的某些其他后果 (S00-T98)
T81.009,手术后切口血肿,170,SSHQKXZ,第19章 损伤、中毒和外因的某些其他后果 (S00-T98)
T81.010,手术后阴道残端出血,170,SSHYDCDCX,第19章 损伤、中毒和外因的某些其他后果 (S00-T98)
T81.011,手术后膀胱出血,170,SSHPGCX,第19章 损伤、中毒和外因的某些其他后果 (S00-T98)
T81.012,手术后肠出血,170,SSHCCX,第19章 损伤、中毒和外因的某些其他后果 (S00-T98)
T81.013,手术后腹腔出血,170,SSHFQCX,第19章 损伤、中毒和外因的某些其他后果 (S00-T98)
T81.014,手术后前列腺出血,170,SSHQLXCX,第19章 损伤、中毒和外因的某些其他后果 (S00-T98)
T81.015,手术后眼前房出血,170,SSHYQFCX,第19章 损伤、中毒和外因的某些其他后果 (S00-T98)
T81.016,拔牙创口出血,170,BYCKCX,第19章 损伤、中毒和外因的某些其他后果 (S00-T98)
T81.018,手术后消化道出血,170,SSHXHDCX,第19章 损伤、中毒和外因的某些其他后果 (S00-T98)
T81.019,手术后吻合口溃疡,170,SSHWHKKY,第19章 损伤、中毒和外因的某些其他后果 (S00-T98)
T81.020,手术后腹壁瘘管,170,SSHFBLG,第19章 损伤、中毒和外因的某些其他后果 (S00-T98)
T81.021,手术后胰外瘘,170,SSHYWL,第19章 损伤、中毒和外因的某些其他后果 (S00-T98)
T81.022,手术后鼻出血,170,SSHBCX,第19章 损伤、中毒和外因的某些其他后果 (S00-T98)
T81.023,手术后胆总管残余结石梗阻,170,SSHDZGCYJSGZ,第19章 损伤、中毒和外因的某些其他后果 (S00-T98)
T81.024,手术后胃肠粘连,170,SSHWCNL,第19章 损伤、中毒和外因的某些其他后果 (S00-T98)
T81.025,分流管腹腔梗阻,170,FLGFQGZ,第19章 损伤、中毒和外因的某些其他后果 (S00-T98)
T81.026,手术后硬膜下积液,170,SSHYMXJY,第19章 损伤、中毒和外因的某些其他后果 (S00-T98)
T81.027,手术后吻合口水肿,170,SSHWHKSZ,第19章 损伤、中毒和外因的某些其他后果 (S00-T98)
T81.028,手术后附睾淤积症,170,SSHFGYJZ,第19章 损伤、中毒和外因的某些其他后果 (S00-T98)
T81.029,手术后胃空肠吻合口瘘,170,SSHWKCWHKL,第19章 损伤、中毒和外因的某些其他后果 (S00-T98)
T81.030,手术后吻合口漏,170,SSHWHKL,第19章 损伤、中毒和外因的某些其他后果 (S00-T98)
T81.101,手术后休克,170,SSHXK,第19章 损伤、中毒和外因的某些其他后果 (S00-T98)
T81.201,操作时的意外穿透或撕裂,170,CZSDYWCTHSL,第19章 损伤、中毒和外因的某些其他后果 (S00-T98)
T81.202,操作中膀胱损伤,170,CZZPGSS,第19章 损伤、中毒和外因的某些其他后果 (S00-T98)
T81.203,肠穿孔由于内窥镜操作,170,CCKYYNKJCZ,第19章 损伤、中毒和外因的某些其他后果 (S00-T98)
T81.204,操作中神经损伤,170,CZZSJSS,第19章 损伤、中毒和外因的某些其他后果 (S00-T98)
T81.205,操作中输尿管损伤,170,CZZSNGSS,第19章 损伤、中毒和外因的某些其他后果 (S00-T98)
T81.206,操作中肠损伤,170,CZZCSS,第19章 损伤、中毒和外因的某些其他后果 (S00-T98)
T81.207,操作中腹壁血管破裂,170,CZZFBXGPL,第19章 损伤、中毒和外因的某些其他后果 (S00-T98)
T81.208,操作中胆管损伤,170,CZZDGSS,第19章 损伤、中毒和外因的某些其他后果 (S00-T98)
T81.209,操作中膀胱撕裂,170,CZZPGSL,第19章 损伤、中毒和外因的某些其他后果 (S00-T98)
T81.210,操作中肌腱断裂,170,CZZJJDL,第19章 损伤、中毒和外因的某些其他后果 (S00-T98)
T81.301,手术后伤口裂开,170,SSHSKLK,第19章 损伤、中毒和外因的某些其他后果 (S00-T98)
T81.401,手术后腹内脓肿,170,SSHFNNZ,第19章 损伤、中毒和外因的某些其他后果 (S00-T98)
T81.402,手术后伤口感染,170,SSHSKGR,第19章 损伤、中毒和外因的某些其他后果 (S00-T98)
T81.403,膝关节术后感染,170,XGJSHGR,第19章 损伤、中毒和外因的某些其他后果 (S00-T98)
T81.404,手术后腹膜炎,170,SSHFMY,第19章 损伤、中毒和外因的某些其他后果 (S00-T98)
T81.405,手术后胸腔感染,170,SSHXQGR,第19章 损伤、中毒和外因的某些其他后果 (S00-T98)
T81.406,手术后盆腔脓肿,170,SSHPQNZ,第19章 损伤、中毒和外因的某些其他后果 (S00-T98)
T81.407,手术后发热,170,SSHFR,第19章 损伤、中毒和外因的某些其他后果 (S00-T98)
T81.501,手术后子宫内异物遗留,170,SSHZGNYWYL,第19章 损伤、中毒和外因的某些其他后果 (S00-T98)
T81.502,手术后伤口异物,170,SSHSKYW,第19章 损伤、中毒和外因的某些其他后果 (S00-T98)
T81.503,手术后腹内异物遗留,170,SSHFNYWYL,第19章 损伤、中毒和外因的某些其他后果 (S00-T98)
T81.504,操作中血管内遗留异物,170,CZZXGNYLYW,第19章 损伤、中毒和外因的某些其他后果 (S00-T98)
T81.505,手术后引流管残留,170,SSHYLGCL,第19章 损伤、中毒和外因的某些其他后果 (S00-T98)
T81.506,手术后胸腔内异物遗留,170,SSHXQNYWYL,第19章 损伤、中毒和外因的某些其他后果 (S00-T98)
T81.601,化学性腹膜炎,170,HXXFMY,第19章 损伤、中毒和外因的某些其他后果 (S00-T98)
T81.801,手术后皮下气肿,170,SSHPXQZ,第19章 损伤、中毒和外因的某些其他后果 (S00-T98)
T81.802,手术后颈部瘘,170,SSHJBL,第19章 损伤、中毒和外因的某些其他后果 (S00-T98)
T81.901,手术后并发症,170,SSHBFZ,第19章 损伤、中毒和外因的某些其他后果 (S00-T98)
T81.902,手术后子宫膀胱肠管粘连,170,SSHZGPGCGNL,第19章 损伤、中毒和外因的某些其他后果 (S00-T98)
T81.903,手术后空肠.结肠系膜裂孔疝,170,SSHKCJCXMLKS,第19章 损伤、中毒和外因的某些其他后果 (S00-T98)
T81.904,骨植术后坏死,170,GZSHHS,第19章 损伤、中毒和外因的某些其他后果 (S00-T98)
T81.905,手术后胆系感染,170,SSHDXGR,第19章 损伤、中毒和外因的某些其他后果 (S00-T98)
T81.907,手术后足瘘,170,SSHZL,第19章 损伤、中毒和外因的某些其他后果 (S00-T98)
T82.201,人工心脏瓣膜失常,171,RGXZBMSC,第19章 损伤、中毒和外因的某些其他后果 (S00-T98)
T82.601,手术后感染,170,SSHGR,第19章 损伤、中毒和外因的某些其他后果 (S00-T98)
T82.602,手术感染,170,SSGR,第19章 损伤、中毒和外因的某些其他后果 (S00-T98)
T82.701,起搏器植入感染,171,QBQZRGR,第19章 损伤、中毒和外因的某些其他后果 (S00-T98)
T82.702,血管插管术后感染,171,XGCGSHGR,第19章 损伤、中毒和外因的某些其他后果 (S00-T98)
T82.801,心脏起搏器失灵,171,XZQBQSL,第19章 损伤、中毒和外因的某些其他后果 (S00-T98)
T82.802,人工血管血栓形成,171,RGXGXSXC,第19章 损伤、中毒和外因的某些其他后果 (S00-T98)
T82.901,起博器功能障碍,171,QBQGNZA,第19章 损伤、中毒和外因的某些其他后果 (S00-T98)
T83.001,输尿管双T.J管滞留,171,SNGSGZL,第19章 损伤、中毒和外因的某些其他后果 (S00-T98)
T83.301,子宫内避孕器嵌顿,171,ZGNBYQQD,第19章 损伤、中毒和外因的某些其他后果 (S00-T98)
T83.302,避孕环残留,171,BYHCL,第19章 损伤、中毒和外因的某些其他后果 (S00-T98)
T83.303,避孕环嵌顿,171,BYHQD,第19章 损伤、中毒和外因的某些其他后果 (S00-T98)
T83.304,避孕环移位,171,BYHYW,第19章 损伤、中毒和外因的某些其他后果 (S00-T98)
T83.401,子宫托嵌顿,171,ZGTQD,第19章 损伤、中毒和外因的某些其他后果 (S00-T98)
T83.501,阴茎假体植入感染,171,YJJTZRGR,第19章 损伤、中毒和外因的某些其他后果 (S00-T98)
T84.001,人工髋关节置换术后功能障碍,171,RGKGJZHSHGNZA,第19章 损伤、中毒和外因的某些其他后果 (S00-T98)
T84.002,髋关节假体过大,171,KGJJTGD,第19章 损伤、中毒和外因的某些其他后果 (S00-T98)
T84.003,髋关节假体松动,171,KGJJTSD,第19章 损伤、中毒和外因的某些其他后果 (S00-T98)
T84.004,上肢再植术后功能障碍,171,SZZZSHGNZA,第19章 损伤、中毒和外因的某些其他后果 (S00-T98)
T84.101,骨折术后骨不连,171,GZSHGBL,第19章 损伤、中毒和外因的某些其他后果 (S00-T98)
T84.201,脊柱内固定装置障碍,171,JZNGDZZZA,第19章 损伤、中毒和外因的某些其他后果 (S00-T98)
T84.202,骨折内固定装置障碍,171,GZNGDZZZA,第19章 损伤、中毒和外因的某些其他后果 (S00-T98)
T84.501,髋关节假体植入感染,171,KGJJTZRGR,第19章 损伤、中毒和外因的某些其他后果 (S00-T98)
T84.502,膝关节置换术后感染,171,XGJZHSHGR,第19章 损伤、中毒和外因的某些其他后果 (S00-T98)
T84.601,脊柱内固定物植入感染,171,JZNGDWZRGR,第19章 损伤、中毒和外因的某些其他后果 (S00-T98)
T84.602,骨折内固定物植入感染,171,GZNGDWZRGR,第19章 损伤、中毒和外因的某些其他后果 (S00-T98)
T84.701,颅骨人工骨板植入感染,171,LGRGGBZRGR,第19章 损伤、中毒和外因的某些其他后果 (S00-T98)
T84.801,脊柱内固定术后疼痛,171,JZNGDSHTT,第19章 损伤、中毒和外因的某些其他后果 (S00-T98)
T84.802,骨折内固定术后疼痛,171,GZNGDSHTT,第19章 损伤、中毒和外因的某些其他后果 (S00-T98)
T85.001,脑室术后过度分流,171,NSSHGDFL,第19章 损伤、中毒和外因的某些其他后果 (S00-T98)
T85.201,取除人工晶体,171,QCRGJT,第19章 损伤、中毒和外因的某些其他后果 (S00-T98)
T85.202,人工晶体脱位,171,RGJTTW,第19章 损伤、中毒和外因的某些其他后果 (S00-T98)
T85.203,眼科术后取出硅油,171,YKSHQCGY,第19章 损伤、中毒和外因的某些其他后果 (S00-T98)
T85.301,眼前房导管脱落,171,YQFDGTL,第19章 损伤、中毒和外因的某些其他后果 (S00-T98)
T85.302,眼前房硅油积存,171,YQFGYJC,第19章 损伤、中毒和外因的某些其他后果 (S00-T98)
T85.303,义眼台植入术后眼座暴露,171,YYTZRSHYZBL,第19章 损伤、中毒和外因的某些其他后果 (S00-T98)
T85.701,腹腔插管感染,171,FQCGGR,第19章 损伤、中毒和外因的某些其他后果 (S00-T98)
T85.702,人工耳蜗植入感染,171,RGEWZRGR,第19章 损伤、中毒和外因的某些其他后果 (S00-T98)
T85.703,巩膜硅胶带环扎植入感染,171,GMGJDHZZRGR,第19章 损伤、中毒和外因的某些其他后果 (S00-T98)
T85.704,隆乳术后感染,171,LRSHGR,第19章 损伤、中毒和外因的某些其他后果 (S00-T98)
T85.705,隆鼻术后感染,171,LBSHGR,第19章 损伤、中毒和外因的某些其他后果 (S00-T98)
T85.801,气管套管脱出,171,QGTGTC,第19章 损伤、中毒和外因的某些其他后果 (S00-T98)
T85.802,手术后皮瓣坏死,171,SSHPBHS,第19章 损伤、中毒和外因的某些其他后果 (S00-T98)
T85.901,取除发音钮,171,QCFYN,第19章 损伤、中毒和外因的某些其他后果 (S00-T98)
T85.902,人工耳蜗电极拔除术,171,RGEWDJBCS,第19章 损伤、中毒和外因的某些其他后果 (S00-T98)
T86.101,肾移植后排异反应,169,SYZHPYFY,第19章 损伤、中毒和外因的某些其他后果 (S00-T98)
T86.102,移植肾排斥,169,YZSPC,第19章 损伤、中毒和外因的某些其他后果 (S00-T98)
T86.103,移植肾萎缩,169,YZSWS,第19章 损伤、中毒和外因的某些其他后果 (S00-T98)
T86.104,移植肾功能衰竭,169,YZSGNSJ,第19章 损伤、中毒和外因的某些其他后果 (S00-T98)
T86.105,移植肾功能不全,169,YZSGNBQ,第19章 损伤、中毒和外因的某些其他后果 (S00-T98)
T86.106,移植肾死亡,169,YZSSW,第19章 损伤、中毒和外因的某些其他后果 (S00-T98)
T86.107,慢性移植肾功能衰竭,169,MXYZSGNSJ,第19章 损伤、中毒和外因的某些其他后果 (S00-T98)
T86.108,移植肾破裂,169,YZSPL,第19章 损伤、中毒和外因的某些其他后果 (S00-T98)
T86.109,肾移植术后少尿,169,SYZSHSN,第19章 损伤、中毒和外因的某些其他后果 (S00-T98)
T86.110,移植肾动脉狭窄(吻合口),169,YZSDMXZWHK,第19章 损伤、中毒和外因的某些其他后果 (S00-T98)
T86.111,移植肾积水,169,YZSJS,第19章 损伤、中毒和外因的某些其他后果 (S00-T98)
T86.801,眼硅胶排异反应,169,YGJPYFY,第19章 损伤、中毒和外因的某些其他后果 (S00-T98)
T86.802,移植角膜排斥,169,YZJMPC,第19章 损伤、中毒和外因的某些其他后果 (S00-T98)
T87.301,创伤性神经瘤,169,CSXSJL,第19章 损伤、中毒和外因的某些其他后果 (S00-T98)
T87.302,指创伤性神经瘤,169,ZCSXSJL,第19章 损伤、中毒和外因的某些其他后果 (S00-T98)
T87.601,残端综合征,169,CDZHZ,第19章 损伤、中毒和外因的某些其他后果 (S00-T98)
T88.101,白喉疫苗接种反应,169,BHYMJZFY,第19章 损伤、中毒和外因的某些其他后果 (S00-T98)
T88.701,药物过敏反应,169,YWGMFY,第19章 损伤、中毒和外因的某些其他后果 (S00-T98)
T88.702,药物热,169,YWR,第19章 损伤、中毒和外因的某些其他后果 (S00-T98)
T88.703,避孕药药物反应,169,BYYYWFY,第19章 损伤、中毒和外因的某些其他后果 (S00-T98)
T88.704,安乃近过敏,169,ANJGM,第19章 损伤、中毒和外因的某些其他后果 (S00-T98)
T88.705,安乃近药物反应,169,ANJYWFY,第19章 损伤、中毒和外因的某些其他后果 (S00-T98)
T88.706,安痛定药物反应,169,ATDYWFY,第19章 损伤、中毒和外因的某些其他后果 (S00-T98)
T88.707,氨茶碱药物反应,169,ACJYWFY,第19章 损伤、中毒和外因的某些其他后果 (S00-T98)
T88.708,氨基吡林药物反应,169,AJBLYWFY,第19章 损伤、中毒和外因的某些其他后果 (S00-T98)
T88.709,氨基卞青霉素过敏反应,169,AJBQMSGMFY,第19章 损伤、中毒和外因的某些其他后果 (S00-T98)
T88.710,氨基甙类抗菌素药物反应,169,AJDLKJSYWFY,第19章 损伤、中毒和外因的某些其他后果 (S00-T98)
T88.711,巴比妥类药物反应,169,BBTLYWFY,第19章 损伤、中毒和外因的某些其他后果 (S00-T98)
T88.712,苯妥英纳药物反应,169,BTYNYWFY,第19章 损伤、中毒和外因的某些其他后果 (S00-T98)
T88.713,布洛芬药物反应,169,BLFYWFY,第19章 损伤、中毒和外因的某些其他后果 (S00-T98)
T90.101,陈旧性头部开放性外伤,160,CJXTBKFXWS,第19章 损伤、中毒和外因的某些其他后果 (S00-T98)
T90.201,陈旧性鼻骨骨折,160,CJXBGGZ,第19章 损伤、中毒和外因的某些其他后果 (S00-T98)
T90.202,陈旧性颅骨骨折,160,CJXLGGZ,第19章 损伤、中毒和外因的某些其他后果 (S00-T98)
T90.301,创伤性面瘫,160,CSXMT,第19章 损伤、中毒和外因的某些其他后果 (S00-T98)
T90.401,陈旧性眼开放性外伤,160,CJXYKFXWS,第19章 损伤、中毒和外因的某些其他后果 (S00-T98)
T90.501,陈旧性创伤性癫痫,160,CJXCSXDX,第19章 损伤、中毒和外因的某些其他后果 (S00-T98)
T90.502,陈旧性颅脑开放性外伤,160,CJXLNKFXWS,第19章 损伤、中毒和外因的某些其他后果 (S00-T98)
T90.503,创伤性癫痫,160,CSXDX,第19章 损伤、中毒和外因的某些其他后果 (S00-T98)
T91.101,陈旧性脊柱骨折,160,CJXJZGZ,第19章 损伤、中毒和外因的某些其他后果 (S00-T98)
T91.102,陈旧性尾骨骨折,160,CJXWGGZ,第19章 损伤、中毒和外因的某些其他后果 (S00-T98)
T91.103,陈旧性胸椎骨折,160,CJXXZGZ,第19章 损伤、中毒和外因的某些其他后果 (S00-T98)
T91.201,陈旧性肋骨骨折,160,CJXLGGZ,第19章 损伤、中毒和外因的某些其他后果 (S00-T98)
T91.202,胸外伤后遗症,160,XWSHYZ,第19章 损伤、中毒和外因的某些其他后果 (S00-T98)
T91.301,陈旧性锁骨骨折,160,CJXSGGZ,第19章 损伤、中毒和外因的某些其他后果 (S00-T98)
T92.001,上肢陈旧性软组织缺损,160,SZCJXRZZQS,第19章 损伤、中毒和外因的某些其他后果 (S00-T98)
T92.101,陈旧性肱骨骨折,160,CJXGGGZ,第19章 损伤、中毒和外因的某些其他后果 (S00-T98)
T92.102,陈旧性桡骨骨折,160,CJXRGGZ,第19章 损伤、中毒和外因的某些其他后果 (S00-T98)
T92.201,陈旧性腕骨骨折,160,CJXWGGZ,第19章 损伤、中毒和外因的某些其他后果 (S00-T98)
T92.203,外伤后手指畸形,160,WSHSZJX,第19章 损伤、中毒和外因的某些其他后果 (S00-T98)
T92.301,陈旧性肩关节脱位,160,CJXJGJTW,第19章 损伤、中毒和外因的某些其他后果 (S00-T98)
T92.302,陈旧性尺桡关节脱位,160,CJXCRGJTW,第19章 损伤、中毒和外因的某些其他后果 (S00-T98)
T92.401,陈旧性上肢神经损伤,160,CJXSZSJSS,第19章 损伤、中毒和外因的某些其他后果 (S00-T98)
T93.001,陈旧性下肢异物,160,CJXXZYW,第19章 损伤、中毒和外因的某些其他后果 (S00-T98)
T93.101,陈旧性股骨颈骨折,160,CJXGGJGZ,第19章 损伤、中毒和外因的某些其他后果 (S00-T98)
T93.102,陈旧性股骨粗隆间骨折,160,CJXGGCLJGZ,第19章 损伤、中毒和外因的某些其他后果 (S00-T98)
T93.103,陈旧性股骨干骨折,160,CJXGGGGZ,第19章 损伤、中毒和外因的某些其他后果 (S00-T98)
T93.105,陈旧性上肢骨折,160,CJXSZGZ,第19章 损伤、中毒和外因的某些其他后果 (S00-T98)
T93.201,陈旧性下肢骨折,160,CJXXZGZ,第19章 损伤、中毒和外因的某些其他后果 (S00-T98)
T93.202,陈旧性胫骨骨折,160,CJXJGGZ,第19章 损伤、中毒和外因的某些其他后果 (S00-T98)
T93.203,陈旧性距跟关节骨折脱位,160,CJXJGGJGZTW,第19章 损伤、中毒和外因的某些其他后果 (S00-T98)
T93.204,陈旧性距骨脱位,160,CJXJGTW,第19章 损伤、中毒和外因的某些其他后果 (S00-T98)
T93.301,陈旧性髋关节脱位,160,CJXKGJTW,第19章 损伤、中毒和外因的某些其他后果 (S00-T98)
T93.302,陈旧性骶髂关节脱位,160,CJXDQGJTW,第19章 损伤、中毒和外因的某些其他后果 (S00-T98)
T93.501,陈旧性下肢肌腱损伤,160,CJXXZJJSS,第19章 损伤、中毒和外因的某些其他后果 (S00-T98)
T93.801,陈旧性趾挫伤,160,CJXZCS,第19章 损伤、中毒和外因的某些其他后果 (S00-T98)
T93.802,陈旧性庶骨骨折,160,CJXSGGZ,第19章 损伤、中毒和外因的某些其他后果 (S00-T98)
T93.803,外伤后趾坏死,160,WSHZHS,第19章 损伤、中毒和外因的某些其他后果 (S00-T98)
T94.101,陈旧性躯干骨折,160,CJXQGGZ,第19章 损伤、中毒和外因的某些其他后果 (S00-T98)
T94.102,陈旧性腰椎压缩性骨折,160,CJXYZYSXGZ,第19章 损伤、中毒和外因的某些其他后果 (S00-T98)
T94.103,陈旧性腰椎骨折伴截瘫,160,CJXYZGZBJT,第19章 损伤、中毒和外因的某些其他后果 (S00-T98)
T94.104,陈旧性骨盆骨折,160,CJXGPGZ,第19章 损伤、中毒和外因的某些其他后果 (S00-T98)
T95.001,陈旧性外耳道烧伤,160,CJXWEDSS,第19章 损伤、中毒和外因的某些其他后果 (S00-T98)
T95.002,头面颈烧伤疤痕,160,TMJSSBH,第19章 损伤、中毒和外因的某些其他后果 (S00-T98)
T95.003,四肢烧伤后疤痕,,SZSSHBH,第19章 损伤、中毒和外因的某些其他后果 (S00-T98)
T95.004,躯干烧伤后疤痕,160,QGSSHBH,第19章 损伤、中毒和外因的某些其他后果 (S00-T98)
T95.201,陈旧性手烧伤,160,CJXSSS,第19章 损伤、中毒和外因的某些其他后果 (S00-T98)
T95.801,陈旧性眼烧伤,160,CJXYSS,第19章 损伤、中毒和外因的某些其他后果 (S00-T98)
T95.802,陈旧性四肢烧伤,160,CJXSZSS,第19章 损伤、中毒和外因的某些其他后果 (S00-T98)
T97  01,一氧化碳中毒后遗症,160,YYHTZDHYZ,第19章 损伤、中毒和外因的某些其他后果 (S00-T98)
T97  02,中毒性脑病后遗症,160,ZDXNBHYZ,第19章 损伤、中毒和外因的某些其他后果 (S00-T98)
V05.902,行人被火车碰伤,3,XRBHCPS,第20章 疾病和死亡的外因 (V01-Y98)
V09.201,机动车辆与行人碰撞的交通事故,2,JDCLYXRPZDJTSG,第20章 疾病和死亡的外因 (V01-Y98)
V09.202,行人被机动车辆碰撞的交通事故,003,XRBJDCLPZDJTSG,第20章 疾病和死亡的外因 (V01-Y98)
V12.901,机动车与自行车碰撞的交通事故,4,JDCYZXCPZDJTSG,第20章 疾病和死亡的外因 (V01-Y98)
V19.901,自行车事故,2,ZXCSG,第20章 疾病和死亡的外因 (V01-Y98)
V29.901,摩托车驾驶者,2,MTCJSZ,第20章 疾病和死亡的外因 (V01-Y98)
V80.901,畜挽车辆事故,2,QWCLSG,第20章 疾病和死亡的外因 (V01-Y98)
V81.101,火车与机动车辆碰撞的交通事故,2,HCYJDCLPZDJTSG,第20章 疾病和死亡的外因 (V01-Y98)
V89.201,机动车交通事故,2,JDCJTSG,第20章 疾病和死亡的外因 (V01-Y98)
V89.202,机动车辆失控引起的交通事故,2,JDCLSKYQDJTSG,第20章 疾病和死亡的外因 (V01-Y98)
V89.203,机动车相撞,2,JDCXZ,第20章 疾病和死亡的外因 (V01-Y98)
V89.901,铁路上列车碰撞事故,2,TLSLCPZSG,第20章 疾病和死亡的外因 (V01-Y98)
V90.901,翻船,7,FC,第20章 疾病和死亡的外因 (V01-Y98)
W03.901,被别人推倒或撞倒,8,BBRTDHZD,第20章 疾病和死亡的外因 (V01-Y98)
W07.901,从椅子或床上跌落,8,CYZHCSDL,第20章 疾病和死亡的外因 (V01-Y98)
W11.901,从楼梯或台阶上跌落,8,CLTHTJSDL,第20章 疾病和死亡的外因 (V01-Y98)
W12.901,从脚手架上跌落,8,CJSJSDL,第20章 疾病和死亡的外因 (V01-Y98)
W13.901,从建筑物上跌落,8,CJZWSDL,第20章 疾病和死亡的外因 (V01-Y98)
W17.901,不同平面坠落,8,BTPMZL,第20章 疾病和死亡的外因 (V01-Y98)
W17.902,自高处坠落,8,ZGCZL,第20章 疾病和死亡的外因 (V01-Y98)
W18.901,滑倒或摔倒,8,HDHSD,第20章 疾病和死亡的外因 (V01-Y98)
W18.902,在同一平面上滑倒或摔倒,8,ZTYPMSHDHSD,第20章 疾病和死亡的外因 (V01-Y98)
W19.901,自行摔伤,1,ZXSS,第20章 疾病和死亡的外因 (V01-Y98)
W20.901,砸伤(撞伤),1,ZSZS,第20章 疾病和死亡的外因 (V01-Y98)
W23.901,意外物体压伤,1,YWWTYS,第20章 疾病和死亡的外因 (V01-Y98)
W25.901,玻璃割伤,1,BLGS,第20章 疾病和死亡的外因 (V01-Y98)
W26.801,军训中意外刀刺伤,1,JXZYWDCS,第20章 疾病和死亡的外因 (V01-Y98)
W26.901,刀刺伤,1,DCS,第20章 疾病和死亡的外因 (V01-Y98)
W27.901,非动力手工工具和器具伤(斧、叉子、手锯等),1,FDLSGGJHQJSFCZSJD,第20章 疾病和死亡的外因 (V01-Y98)
W31.901,机器造成的事故,1,JQZCDSG,第20章 疾病和死亡的外因 (V01-Y98)
W32.901,手枪意外射击伤,1,SQYWSJS,第20章 疾病和死亡的外因 (V01-Y98)
W33.901,非战争中军用火器伤,1,FZZZJYHQS,第20章 疾病和死亡的外因 (V01-Y98)
W33.902,猎枪意外射击伤,1,LQYWSJS,第20章 疾病和死亡的外因 (V01-Y98)
W33.903,猎枪伤,1,LQS,第20章 疾病和死亡的外因 (V01-Y98)
W34.901,火器射击引起的事故,1,HQSJYQDSG,第20章 疾病和死亡的外因 (V01-Y98)
W34.902,枪击伤,1,QJS,第20章 疾病和死亡的外因 (V01-Y98)
W34.903,意外枪伤,1,YWQS,第20章 疾病和死亡的外因 (V01-Y98)
W34.904,意外射击伤,1,YWSJS,第20章 疾病和死亡的外因 (V01-Y98)
W34.905,枪伤,1,QS,第20章 疾病和死亡的外因 (V01-Y98)
W35.901,"锅炉爆炸,非船上",1,GLBZFCS,第20章 疾病和死亡的外因 (V01-Y98)
W37.001,轮胎爆裂,1,LTBL,第20章 疾病和死亡的外因 (V01-Y98)
W38.901,压力容器爆炸,1,YLRQBZ,第20章 疾病和死亡的外因 (V01-Y98)
W39.901,爆竹炸伤,1,BZZS,第20章 疾病和死亡的外因 (V01-Y98)
W39.902,烟花爆炸伤,1,YHBZS,第20章 疾病和死亡的外因 (V01-Y98)
W40.001,电池爆炸,1,DCBZ,第20章 疾病和死亡的外因 (V01-Y98)
W40.901,雷管炸伤,1,LGZS,第20章 疾病和死亡的外因 (V01-Y98)
W40.902,手榴弹意外爆炸伤,1,SLDYWBZS,第20章 疾病和死亡的外因 (V01-Y98)
W40.903,炸伤,1,ZS,第20章 疾病和死亡的外因 (V01-Y98)
W44.901,异物进入其他腔口,1,YWJRQTQK,第20章 疾病和死亡的外因 (V01-Y98)
W44.902,异物进入眼,1,YWJRY,第20章 疾病和死亡的外因 (V01-Y98)
W49.901,切割和穿刺器械引起的事故,1,QGHCCQXYQDSG,第20章 疾病和死亡的外因 (V01-Y98)
W49.902,切割伤,1,QGS,第20章 疾病和死亡的外因 (V01-Y98)
W50.301,在体育运动中拳击伤,1,ZTYYDZQJS,第20章 疾病和死亡的外因 (V01-Y98)
W54.901,狗咬伤,1,GYS,第20章 疾病和死亡的外因 (V01-Y98)
W55.901,其他哺乳动物咬伤,1,QTBRDWYS,第20章 疾病和死亡的外因 (V01-Y98)
W56.801,鲨鱼咬伤,1,SYYS,第20章 疾病和死亡的外因 (V01-Y98)
W59.901,无毒动物咬伤,1,WDDWYS,第20章 疾病和死亡的外因 (V01-Y98)
W74.901,潜水或跳水事故,1,QSHTSSG,第20章 疾病和死亡的外因 (V01-Y98)
W74.902,意外淹没和沉没,1,YWYMHCM,第20章 疾病和死亡的外因 (V01-Y98)
W74.903,游泳时溺水,1,YYSNS,第20章 疾病和死亡的外因 (V01-Y98)
W77.601,塌方,1,TF,第20章 疾病和死亡的外因 (V01-Y98)
W77.901,墙壁倒塌伤,1,QBDTS,第20章 疾病和死亡的外因 (V01-Y98)
W77.902,石块砸伤,1,SKZS,第20章 疾病和死亡的外因 (V01-Y98)
W77.903,树木砸伤,1,SMZS,第20章 疾病和死亡的外因 (V01-Y98)
W79.901,吸入或咽下非食物引起的呼吸道梗阻,1,XRHYXFSWYQDHXDGZ,第20章 疾病和死亡的外因 (V01-Y98)
W79.902,吸入或咽下食物引起呼吸道梗阻,1,XRHYXSWYQHXDGZ,第20章 疾病和死亡的外因 (V01-Y98)
W80.901,吸入或咽下痰或异物引起的呼吸道梗阻,1,XRHYXTHYWYQDHXDGZ,第20章 疾病和死亡的外因 (V01-Y98)
W87.901,电流引起烧伤,1,DLYQSS,第20章 疾病和死亡的外因 (V01-Y98)
W87.902,电流引起的事故,1,DLYQDSG,第20章 疾病和死亡的外因 (V01-Y98)
W88.901,"X线,电磁引起电离辐射烧伤",1,XDCYQDLFSSS,第20章 疾病和死亡的外因 (V01-Y98)
W88.902,放射性损害,1,FSXSH,第20章 疾病和死亡的外因 (V01-Y98)
W88.903,加速器引起烧伤,1,JSQYQSS,第20章 疾病和死亡的外因 (V01-Y98)
W89.901,紫外线辐射引起烧伤,1,ZWXFSYQSS,第20章 疾病和死亡的外因 (V01-Y98)
W90.901,红外线辐射引起烧伤,1,HWXFSYQSS,第20章 疾病和死亡的外因 (V01-Y98)
W91.901,辐射性烧伤,1,FSXSS,第20章 疾病和死亡的外因 (V01-Y98)
W92.901,人为热源效应,1,RWRYXY,第20章 疾病和死亡的外因 (V01-Y98)
W93.901,人为冷源效应,1,RWLYXY,第20章 疾病和死亡的外因 (V01-Y98)
W94.901,飞行员病(由于飞行气压改变引起的疾病),160,FXYBYYFXQYGBYQDJB,第20章 疾病和死亡的外因 (V01-Y98)
W94.902,航空病,160,HKB,第20章 疾病和死亡的外因 (V01-Y98)
W94.903,高海拔环境,160,GHBHJ,第20章 疾病和死亡的外因 (V01-Y98)
X00.001,住宅失火,10,ZZSH,第20章 疾病和死亡的外因 (V01-Y98)
X00.601,非住宅建筑物失火,10,FZZJZWSH,第20章 疾病和死亡的外因 (V01-Y98)
X01.801,森林失火,10,SLSH,第20章 疾病和死亡的外因 (V01-Y98)
X04.901,易燃材料着火,10,YRCLZH,第20章 疾病和死亡的外因 (V01-Y98)
X09.901,火焰烧伤,1,HYSS,第20章 疾病和死亡的外因 (V01-Y98)
X12.901,沸水烫伤,1,FSTS,第20章 疾病和死亡的外因 (V01-Y98)
X12.902,热液气引起烧伤,1,RYQYQSS,第20章 疾病和死亡的外因 (V01-Y98)
X19.901,其它烫伤,1,QTTS,第20章 疾病和死亡的外因 (V01-Y98)
X19.902,热体性烧伤,1,RTXSS,第20章 疾病和死亡的外因 (V01-Y98)
X19.903,意外烫伤,1,YWTS,第20章 疾病和死亡的外因 (V01-Y98)
X20.901,海蛇咬伤,1,HSYS,第20章 疾病和死亡的外因 (V01-Y98)
X26.901,毒鱼咬伤,1,DYYS,第20章 疾病和死亡的外因 (V01-Y98)
X26.902,水母蜇伤,1,SMZS,第20章 疾病和死亡的外因 (V01-Y98)
X26.903,有毒海生动物或植物的中毒,1,YDHSDWHZWDZD,第20章 疾病和死亡的外因 (V01-Y98)
X29.904,有毒动物或植物的中毒,1,YDDWHZWDZD,第20章 疾病和死亡的外因 (V01-Y98)
X29.905,有毒动物咬伤,1,YDDWYS,第20章 疾病和死亡的外因 (V01-Y98)
X30.901,自然热源效应,11,ZRRYXY,第20章 疾病和死亡的外因 (V01-Y98)
X31.901,自然冷源效应,11,ZRLYXY,第20章 疾病和死亡的外因 (V01-Y98)
X33.901,雷电损伤,11,LDSS,第20章 疾病和死亡的外因 (V01-Y98)
X34.001,地震中损伤,160,DZZSS,第20章 疾病和死亡的外因 (V01-Y98)
X40.901,痛可宁意外中毒,167,TKNYWZD,第20章 疾病和死亡的外因 (V01-Y98)
X41.905,安定剂意外中毒,167,ADJYWZD,第20章 疾病和死亡的外因 (V01-Y98)
X41.907,舒乐安定意外中毒,167,SLADYWZD,第20章 疾病和死亡的外因 (V01-Y98)
X42.001,海洛因中毒,167,HLYZD,第20章 疾病和死亡的外因 (V01-Y98)
X42.002,摇头丸中毒,167,YTWZD,第20章 疾病和死亡的外因 (V01-Y98)
X42.003,冰毒中毒,167,BDZD,第20章 疾病和死亡的外因 (V01-Y98)
X44.902,氧气意外中毒,167,YQYWZD,第20章 疾病和死亡的外因 (V01-Y98)
X44.903,抗凝血药意外中毒,167,KNXYYWZD,第20章 疾病和死亡的外因 (V01-Y98)
X44.904,地高辛意外中毒,167,DGXYWZD,第20章 疾病和死亡的外因 (V01-Y98)
X44.905,异搏定意外中毒,167,YBDYWZD,第20章 疾病和死亡的外因 (V01-Y98)
X44.907,止泻药物意外中毒,167,ZXYWYWZD,第20章 疾病和死亡的外因 (V01-Y98)
X44.908,其他药物意外中毒,167,QTYWYWZD,第20章 疾病和死亡的外因 (V01-Y98)
X45.902,酒精意外中毒,168,JJYWZD,第20章 疾病和死亡的外因 (V01-Y98)
X46.001,乙二醇（乙醚）意外中毒,168,YECYMYWZD,第20章 疾病和死亡的外因 (V01-Y98)
X47.001,家庭火炉的一氧化碳意外中毒,168,JTHLDYYHTYWZD,第20章 疾病和死亡的外因 (V01-Y98)
X47.901,一氧化碳意外中毒,168,YYHTYWZD,第20章 疾病和死亡的外因 (V01-Y98)
X47.902,氮意外中毒,168,DYWZD,第20章 疾病和死亡的外因 (V01-Y98)
X47.903,氯气意外中毒,168,LQYWZD,第20章 疾病和死亡的外因 (V01-Y98)
X47.904,硫化氢意外中毒,168,LHQYWZD,第20章 疾病和死亡的外因 (V01-Y98)
X47.905,二氧化碳中毒,168,EYHTZD,第20章 疾病和死亡的外因 (V01-Y98)
X47.906,硫化物意外中毒,168,LHWYWZD,第20章 疾病和死亡的外因 (V01-Y98)
X47.907,液化石油气意外中毒,168,YHSYQYWZD,第20章 疾病和死亡的外因 (V01-Y98)
X47.908,总烃油蒸气意外中毒,168,ZTYZQYWZD,第20章 疾病和死亡的外因 (V01-Y98)
X47.909,经管道分发的气体意外中毒,168,JGDFFDQTYWZD,第20章 疾病和死亡的外因 (V01-Y98)
X47.910,二氧化硫意外中毒,1,EYHLYWZD,第20章 疾病和死亡的外因 (V01-Y98)
X47.911,二硫化碳意外中毒,1,ELHTYWZD,第20章 疾病和死亡的外因 (V01-Y98)
X48.902,砷药物意外中毒,168,SYWYWZD,第20章 疾病和死亡的外因 (V01-Y98)
X48.903,敌敌畏意外中毒,168,DDWYWZD,第20章 疾病和死亡的外因 (V01-Y98)
X48.904,杀鼠剂意外中毒,168,SSJYWZD,第20章 疾病和死亡的外因 (V01-Y98)
X48.905,农药意外中毒,168,NYYWZD,第20章 疾病和死亡的外因 (V01-Y98)
X49.901,亚硝酸意外中毒,168,YXSYWZD,第20章 疾病和死亡的外因 (V01-Y98)
X49.902,苛性碱意外中毒,168,KXJYWZD,第20章 疾病和死亡的外因 (V01-Y98)
X49.903,汞意外中毒,168,GYWZD,第20章 疾病和死亡的外因 (V01-Y98)
X49.904,蘑菇类意外中毒,168,MGLYWZD,第20章 疾病和死亡的外因 (V01-Y98)
X49.905,龙葵果(野葡萄)中毒,168,LKGYPTZD,第20章 疾病和死亡的外因 (V01-Y98)
X49.906,苦杏仁意外中毒,168,KXRYWZD,第20章 疾病和死亡的外因 (V01-Y98)
X49.907,食品类意外中毒,168,SPLYWZD,第20章 疾病和死亡的外因 (V01-Y98)
X49.908,清漆中毒,168,QQZD,第20章 疾病和死亡的外因 (V01-Y98)
X49.909,加湿器消毒剂意外中毒,168,JSQXDJYWZD,第20章 疾病和死亡的外因 (V01-Y98)
X49.910,来苏意外中毒,168,LSYWZD,第20章 疾病和死亡的外因 (V01-Y98)
X49.911,染发液过敏,168,RFYGM,第20章 疾病和死亡的外因 (V01-Y98)
X49.912,有毒食物和植物,1,YDSWHZW,第20章 疾病和死亡的外因 (V01-Y98)
X49.913,铅意外中毒,168,QYWZD,第20章 疾病和死亡的外因 (V01-Y98)
X49.914,铊意外中毒,1,TYWZD,第20章 疾病和死亡的外因 (V01-Y98)
X50.001,运动后损伤,1,YDHSS,第20章 疾病和死亡的外因 (V01-Y98)
X50.901,过度用力,1,GDYL,第20章 疾病和死亡的外因 (V01-Y98)
X51.901,晕车船病,160,YCCB,第20章 疾病和死亡的外因 (V01-Y98)
X59.901,复合性外伤,1,FHXWS,第20章 疾病和死亡的外因 (V01-Y98)
X59.902,骨折,1,GZ,第20章 疾病和死亡的外因 (V01-Y98)
X59.903,军训中意外损伤,1,JXZYWSS,第20章 疾病和死亡的外因 (V01-Y98)
X59.904,其他和未特指的环境和意外原因,1,QTHWTZDHJHYWYY,第20章 疾病和死亡的外因 (V01-Y98)
X59.905,其他意外损伤,1,QTYWSS,第20章 疾病和死亡的外因 (V01-Y98)
X59.906,意外事故,1,YWSG,第20章 疾病和死亡的外因 (V01-Y98)
X61.901,卡马西平自杀,167,KMXPZS,第20章 疾病和死亡的外因 (V01-Y98)
X61.902,苯巴比妥自杀,167,BBBTZS,第20章 疾病和死亡的外因 (V01-Y98)
X61.903,安定剂自杀,167,ADJZS,第20章 疾病和死亡的外因 (V01-Y98)
X61.905,硝基安定自杀,167,XJADZS,第20章 疾病和死亡的外因 (V01-Y98)
X61.906,安眠酮自杀,167,AMTZS,第20章 疾病和死亡的外因 (V01-Y98)
X61.907,利眠宁自杀,167,LMNZS,第20章 疾病和死亡的外因 (V01-Y98)
X61.908,氯丙嗪自杀,167,LBQZS,第20章 疾病和死亡的外因 (V01-Y98)
X61.909,速可眠自杀,167,SKMZS,第20章 疾病和死亡的外因 (V01-Y98)
X61.910,安眠药自杀,167,AMYZS,第20章 疾病和死亡的外因 (V01-Y98)
X61.911,催眠药自杀,167,CMYZS,第20章 疾病和死亡的外因 (V01-Y98)
X61.912,多虑平自杀,167,DLPZS,第20章 疾病和死亡的外因 (V01-Y98)
X61.913,奋乃静自杀,167,FNJZS,第20章 疾病和死亡的外因 (V01-Y98)
X61.914,安宁自杀,167,ANZS,第20章 疾病和死亡的外因 (V01-Y98)
X62.901,杜冷丁自杀,167,DLDZS,第20章 疾病和死亡的外因 (V01-Y98)
X63.901,吡啶斯的明自杀,167,BDSDMZS,第20章 疾病和死亡的外因 (V01-Y98)
X63.902,安坦自杀,167,ATZS,第20章 疾病和死亡的外因 (V01-Y98)
X63.903,阿托品自杀,167,ATPZS,第20章 疾病和死亡的外因 (V01-Y98)
X64.901,雷米封自杀,167,LMFZS,第20章 疾病和死亡的外因 (V01-Y98)
X64.902,洋地黄类药物自杀,167,YDHLYWZS,第20章 疾病和死亡的外因 (V01-Y98)
X64.903,甲酚自杀,167,JFZS,第20章 疾病和死亡的外因 (V01-Y98)
X64.905,特指药物自杀,167,TZYWZS,第20章 疾病和死亡的外因 (V01-Y98)
X65.901,服酒精自杀,168,FJJZS,第20章 疾病和死亡的外因 (V01-Y98)
X66.901,服苯自杀,168,FBZS,第20章 疾病和死亡的外因 (V01-Y98)
X67.901,一氧化碳自杀,168,YYHTZS,第20章 疾病和死亡的外因 (V01-Y98)
X68.901,杀鼠剂自杀,168,SSJZS,第20章 疾病和死亡的外因 (V01-Y98)
X68.902,有机磷自杀,168,YJLZS,第20章 疾病和死亡的外因 (V01-Y98)
X68.903,农用药自杀,168,NYYZS,第20章 疾病和死亡的外因 (V01-Y98)
X69.901,洋地黄自杀,167,YDHZS,第20章 疾病和死亡的外因 (V01-Y98)
X69.902,硫酸自杀,168,LSZS,第20章 疾病和死亡的外因 (V01-Y98)
X69.903,酸性物自杀,168,SXWZS,第20章 疾病和死亡的外因 (V01-Y98)
X69.904,汞自杀,168,GZS,第20章 疾病和死亡的外因 (V01-Y98)
X70.901,自缢,12,ZY,第20章 疾病和死亡的外因 (V01-Y98)
X71.901,跳河自杀,12,THZS,第20章 疾病和死亡的外因 (V01-Y98)
X78.901,用刀或锐器自杀,12,YDHRQZS,第20章 疾病和死亡的外因 (V01-Y98)
X80.901,从高处跳下自杀,12,CGCTXZS,第20章 疾病和死亡的外因 (V01-Y98)
X83.901,触电自杀,12,CDZS,第20章 疾病和死亡的外因 (V01-Y98)
X85.901,其他特指的药物和药剂加害,13,QTTZDYWHYJJH,第20章 疾病和死亡的外因 (V01-Y98)
X90.901,用毒谋害,13,YDMH,第20章 疾病和死亡的外因 (V01-Y98)
X91.901,以悬吊和绞勒谋害,13,YXDHJLMH,第20章 疾病和死亡的外因 (V01-Y98)
X94.901,猎枪加害,13,LQJH,第20章 疾病和死亡的外因 (V01-Y98)
X95.901,火器和爆炸物加害,13,HQHBZWJH,第20章 疾病和死亡的外因 (V01-Y98)
X95.902,"枪击伤,加害",13,QJSJH,第20章 疾病和死亡的外因 (V01-Y98)
X97.901,纵火谋害,13,ZHMH,第20章 疾病和死亡的外因 (V01-Y98)
X99.901,刀刺伤加害,13,DCSJH,第20章 疾病和死亡的外因 (V01-Y98)
X99.902,刀砍伤加害,13,DKSJH,第20章 疾病和死亡的外因 (V01-Y98)
X99.903,切割或穿刺器加害,13,QGHCCQJH,第20章 疾病和死亡的外因 (V01-Y98)
X99.904,用刀割伤谋害,13,YDGSMH,第20章 疾病和死亡的外因 (V01-Y98)
Y00.001,锐器击伤,,RQJS,第20章 疾病和死亡的外因 (V01-Y98)
Y00.901,钝器击伤,13,DQJS,第20章 疾病和死亡的外因 (V01-Y98)
Y01.901,从高处推下的谋害,13,CGCTXDMH,第20章 疾病和死亡的外因 (V01-Y98)
Y04.901,斗殴,13,DO,第20章 疾病和死亡的外因 (V01-Y98)
Y04.902,斗殴或争吵中损伤,13,DOHZCZSS,第20章 疾病和死亡的外因 (V01-Y98)
Y04.903,斗殴中被杀,13,DOZBS,第20章 疾病和死亡的外因 (V01-Y98)
Y08.901,咬伤谋害,13,YSMH,第20章 疾病和死亡的外因 (V01-Y98)
Y08.902,人咬伤,13,RYS,第20章 疾病和死亡的外因 (V01-Y98)
Y09.901,其他或未特指手段加害,1,QTHWTZSDJH,第20章 疾病和死亡的外因 (V01-Y98)
Y11.901,安定中毒，原因不明,167,ADZDYYBM,第20章 疾病和死亡的外因 (V01-Y98)
Y11.902,安眠药中毒，原因不明,167,AMYZDYYBM,第20章 疾病和死亡的外因 (V01-Y98)
Y14.901,洋地黄类药物中毒，原因不明,167,YDHLYWZDYYBM,第20章 疾病和死亡的外因 (V01-Y98)
Y18.901,敌敌畏中毒，原因不明,168,DDWZDYYBM,第20章 疾病和死亡的外因 (V01-Y98)
Y18.903,有机磷中毒，原因不明,168,YJLZDYYBM,第20章 疾病和死亡的外因 (V01-Y98)
Y19.901,碱引起烧伤,1,JYQSS,第20章 疾病和死亡的外因 (V01-Y98)
Y19.902,苛性和腐蚀性物质引起烧伤,1,KXHFSXWZYQSS,第20章 疾病和死亡的外因 (V01-Y98)
Y19.903,石灰烧伤,1,SHSS,第20章 疾病和死亡的外因 (V01-Y98)
Y19.904,酸引起烧伤(任何种类),1,SYQSSRHZL,第20章 疾病和死亡的外因 (V01-Y98)
Y19.905,其他和未特指的固体和液体物质中毒,168,QTHWTZDGTHYTWZZD,第20章 疾病和死亡的外因 (V01-Y98)
Y28.901,砍伤,1,KS,第20章 疾病和死亡的外因 (V01-Y98)
Y36.401,作战中枪伤损伤,1,ZZZQSSS,第20章 疾病和死亡的外因 (V01-Y98)
Y40.001,青霉素类反应,15,QMSLFY,第20章 疾病和死亡的外因 (V01-Y98)
Y40.002,氨基卞青霉素过敏反应,169,AJBQMSGMFY,第20章 疾病和死亡的外因 (V01-Y98)
Y40.101,先锋霉素药物反应,15,XFMSYWFY,第20章 疾病和死亡的外因 (V01-Y98)
Y40.201,氯霉素药物反应,15,LMSYWFY,第20章 疾病和死亡的外因 (V01-Y98)
Y40.301,红霉素药物反应,15,HMSYWFY,第20章 疾病和死亡的外因 (V01-Y98)
Y40.302,螺旋霉素药物反应,15,LXMSYWFY,第20章 疾病和死亡的外因 (V01-Y98)
Y40.303,洁霉素药物反应,15,JMSYWFY,第20章 疾病和死亡的外因 (V01-Y98)
Y40.304,麦迪霉素药物反应,15,MDMSYWFY,第20章 疾病和死亡的外因 (V01-Y98)
Y40.401,四环素药物反应,15,SHSYWFY,第20章 疾病和死亡的外因 (V01-Y98)
Y40.402,土霉素药物反应,15,TMSYWFY,第20章 疾病和死亡的外因 (V01-Y98)
Y40.501,链霉素药物反应,15,LMSYWFY,第20章 疾病和死亡的外因 (V01-Y98)
Y40.502,庆大霉素药物反应,15,QDMSYWFY,第20章 疾病和死亡的外因 (V01-Y98)
Y40.503,氨基甙类抗菌素药物反应,169,AJDLKJSYWFY,第20章 疾病和死亡的外因 (V01-Y98)
Y40.504,卡那霉素药物反应,15,KNMSYWFY,第20章 疾病和死亡的外因 (V01-Y98)
Y40.601,利福平药物反应,15,LFPYWFY,第20章 疾病和死亡的外因 (V01-Y98)
Y40.701,制菌霉素药物反应,15,ZJMSYWFY,第20章 疾病和死亡的外因 (V01-Y98)
Y40.801,白霉素药物反应,15,BMSYWFY,第20章 疾病和死亡的外因 (V01-Y98)
Y40.802,合霉素药物反应,15,HMSYWFY,第20章 疾病和死亡的外因 (V01-Y98)
Y40.803,氟哌酸药物反应,15,FPSYWFY,第20章 疾病和死亡的外因 (V01-Y98)
Y41.001,黄胺药物反应,15,HAYWFY,第20章 疾病和死亡的外因 (V01-Y98)
Y41.002,氯苯砜药物反应,15,LBFYWFY,第20章 疾病和死亡的外因 (V01-Y98)
Y41.101,雷米封药物反应,15,LMFYWFY,第20章 疾病和死亡的外因 (V01-Y98)
Y41.102,吡嗪酰胺药物反应,15,BQXAYWFY,第20章 疾病和死亡的外因 (V01-Y98)
Y41.201,氯奎药物反应,15,LKYWFY,第20章 疾病和死亡的外因 (V01-Y98)
Y41.401,吡喹酮药物反应,15,BKTYWFY,第20章 疾病和死亡的外因 (V01-Y98)
Y41.801,痢特灵药物反应,15,LTLYWFY,第20章 疾病和死亡的外因 (V01-Y98)
Y41.802,呋喃坦啶药物反应,15,FNTDYWFY,第20章 疾病和死亡的外因 (V01-Y98)
Y41.803,灭滴灵药物反应,15,MDLYWFY,第20章 疾病和死亡的外因 (V01-Y98)
Y41.804,吡哌酸药物反应,15,BPSYWFY,第20章 疾病和死亡的外因 (V01-Y98)
Y41.805,痢特灵药物反应,15,LTLYWFY,第20章 疾病和死亡的外因 (V01-Y98)
Y42.001,可的松药物反应,15,KDSYWFY,第20章 疾病和死亡的外因 (V01-Y98)
Y42.002,强的松药物反应,15,QDSYWFY,第20章 疾病和死亡的外因 (V01-Y98)
Y42.101,他巴唑药物反应,15,TBZYWFY,第20章 疾病和死亡的外因 (V01-Y98)
Y42.301,胰岛素药物反应,15,YDSYWFY,第20章 疾病和死亡的外因 (V01-Y98)
Y42.302,降糖灵药物反应,15,JTLYWFY,第20章 疾病和死亡的外因 (V01-Y98)
Y42.401,避孕药药物反应,169,BYYYWFY,第20章 疾病和死亡的外因 (V01-Y98)
Y42.402,棉酚药物反应,15,MFYWFY,第20章 疾病和死亡的外因 (V01-Y98)
Y42.701,康力龙药物反应,15,KLLYWFY,第20章 疾病和死亡的外因 (V01-Y98)
Y42.901,激素药物反应,15,JSYWFY,第20章 疾病和死亡的外因 (V01-Y98)
Y43.001,灭吐灵(胃复安)药物反应,15,MTLWFAYWFY,第20章 疾病和死亡的外因 (V01-Y98)
Y43.002,扑尔敏药物反应,15,PEMYWFY,第20章 疾病和死亡的外因 (V01-Y98)
Y43.301,长春新碱中毒,15,CCXJZD,第20章 疾病和死亡的外因 (V01-Y98)
Y43.302,化疗药物反应,15,HLYWFY,第20章 疾病和死亡的外因 (V01-Y98)
Y43.303,门冬酰安药物反应,15,MDXAYWFY,第20章 疾病和死亡的外因 (V01-Y98)
Y43.304,正定霉素药物反应,15,ZDMSYWFY,第20章 疾病和死亡的外因 (V01-Y98)
Y43.401,雷公滕药物反应,15,LGTYWFY,第20章 疾病和死亡的外因 (V01-Y98)
Y43.402,依木兰药物反应,15,YMLYWFY,第20章 疾病和死亡的外因 (V01-Y98)
Y44.201,抗凝血剂反应,15,KNXJFY,第20章 疾病和死亡的外因 (V01-Y98)
Y44.701,右旋糖酐药物反应,15,YXTGYWFY,第20章 疾病和死亡的外因 (V01-Y98)
Y45.001,鸦片制剂药物反应,15,YPZJYWFY,第20章 疾病和死亡的外因 (V01-Y98)
Y45.101,阿斯匹林药物反应,15,ASPLYWFY,第20章 疾病和死亡的外因 (V01-Y98)
Y45.102,水杨酸类药物反应,15,SYSLYWFY,第20章 疾病和死亡的外因 (V01-Y98)
Y45.201,布洛芬药物反应,169,BLFYWFY,第20章 疾病和死亡的外因 (V01-Y98)
Y45.301,保泰松药物反应,15,BTSYWFY,第20章 疾病和死亡的外因 (V01-Y98)
Y45.302,消炎痛药物反应,15,XYTYWFY,第20章 疾病和死亡的外因 (V01-Y98)
Y45.401,抗风湿类药物反应,15,KFSLYWFY,第20章 疾病和死亡的外因 (V01-Y98)
Y45.501,扑热息痛药物反应,15,PRXTYWFY,第20章 疾病和死亡的外因 (V01-Y98)
Y45.801,感冒药物反应,15,GMYWFY,第20章 疾病和死亡的外因 (V01-Y98)
Y45.802,鲁米那药物反应,15,LMNYWFY,第20章 疾病和死亡的外因 (V01-Y98)
Y45.803,去痛药药物反应,15,QTYYWFY,第20章 疾病和死亡的外因 (V01-Y98)
Y45.804,痛可宁药物反应,15,TKNYWFY,第20章 疾病和死亡的外因 (V01-Y98)
Y45.805,安乃近过敏,169,ANJGM,第20章 疾病和死亡的外因 (V01-Y98)
Y45.806,安乃近药物反应,169,ANJYWFY,第20章 疾病和死亡的外因 (V01-Y98)
Y45.807,安痛定药物反应,169,ATDYWFY,第20章 疾病和死亡的外因 (V01-Y98)
Y45.808,氨基吡林药物反应,169,AJBLYWFY,第20章 疾病和死亡的外因 (V01-Y98)
Y45.901,解热镇痛剂药物反应,15,JRZTJYWFY,第20章 疾病和死亡的外因 (V01-Y98)
Y46.201,苯妥英纳药物反应,169,BTYNYWFY,第20章 疾病和死亡的外因 (V01-Y98)
Y47.001,巴比妥类药物反应,169,BBTLYWFY,第20章 疾病和死亡的外因 (V01-Y98)
Y48.101,静脉内麻醉剂类反应,15,JMNMZJLFY,第20章 疾病和死亡的外因 (V01-Y98)
Y48.301,普鲁卡因药物反应,15,PLKYYWFY,第20章 疾病和死亡的外因 (V01-Y98)
Y48.302,周围神经和神经丛阻滞麻醉类药物反应,15,ZWSJHSJCZZMZLYWFY,第20章 疾病和死亡的外因 (V01-Y98)
Y48.303,地卡因药物反应,15,DKYYWFY,第20章 疾病和死亡的外因 (V01-Y98)
Y48.401,麻醉药物反应,15,MZYWFY,第20章 疾病和死亡的外因 (V01-Y98)
Y49.301,氯丙嗪药物反应,15,LBQYWFY,第20章 疾病和死亡的外因 (V01-Y98)
Y49.302,非那根药物反应,15,FNGYWFY,第20章 疾病和死亡的外因 (V01-Y98)
Y51.301,颠茄药物反应,15,DQYWFY,第20章 疾病和死亡的外因 (V01-Y98)
Y51.302,阿托品药物反应,15,ATPYWFY,第20章 疾病和死亡的外因 (V01-Y98)
Y51.501,肾上腺素药物反应,15,SSXSYWFY,第20章 疾病和死亡的外因 (V01-Y98)
Y51.701,噻吗心安药物反应,15,SMXAYWFY,第20章 疾病和死亡的外因 (V01-Y98)
Y51.901,麻黄素药物反应,15,MHSYWFY,第20章 疾病和死亡的外因 (V01-Y98)
Y51.902,多巴胺药物反应,15,DBAYWFY,第20章 疾病和死亡的外因 (V01-Y98)
Y52.001,地高辛药物反应,15,DGXYWFY,第20章 疾病和死亡的外因 (V01-Y98)
Y52.002,洋地黄药物反应,15,YDHYWFY,第20章 疾病和死亡的外因 (V01-Y98)
Y52.101,心痛定药物反应,15,XTDYWFY,第20章 疾病和死亡的外因 (V01-Y98)
Y52.201,心律调节剂药物反应,15,XLTJJYWFY,第20章 疾病和死亡的外因 (V01-Y98)
Y52.202,奎尼丁药物反应,15,KNDYWFY,第20章 疾病和死亡的外因 (V01-Y98)
Y52.203,乙胺碘呋酮药物反应,15,YADFTYWFY,第20章 疾病和死亡的外因 (V01-Y98)
Y52.301,潘生丁[双嘧哌胺醇]药物反应,15,PSDSMPACYWFY,第20章 疾病和死亡的外因 (V01-Y98)
Y52.302,硝酸异山梨醇酯药物反应,15,XSYSLCZYWFY,第20章 疾病和死亡的外因 (V01-Y98)
Y52.303,硝酸甘油药物反应,15,XSGYYWFY,第20章 疾病和死亡的外因 (V01-Y98)
Y52.401,巯甲丙脯酸药物反应,15,QJBPSYWFY,第20章 疾病和死亡的外因 (V01-Y98)
Y52.501,利血平药物反应,15,LXPYWFY,第20章 疾病和死亡的外因 (V01-Y98)
Y52.502,复方降压药物反应,15,FFJYYWFY,第20章 疾病和死亡的外因 (V01-Y98)
Y53.001,甲腈咪胍药物反应,15,JJMGYWFY,第20章 疾病和死亡的外因 (V01-Y98)
Y53.002,雷尼替丁药物反应,15,LNTDYWFY,第20章 疾病和死亡的外因 (V01-Y98)
Y54.301,双氢克尿噻药物反应,15,SQKNSYWFY,第20章 疾病和死亡的外因 (V01-Y98)
Y54.801,别嘌呤醇药物反应,15,BPLCYWFY,第20章 疾病和死亡的外因 (V01-Y98)
Y54.901,氯化钾药物反应,15,LHJYWFY,第20章 疾病和死亡的外因 (V01-Y98)
Y55.501,复方阿斯匹林药物反应,15,FFASPLYWFY,第20章 疾病和死亡的外因 (V01-Y98)
Y55.502,抗感冒药物反应,15,KGMYWFY,第20章 疾病和死亡的外因 (V01-Y98)
Y55.503,抗感冒药药物反应,15,KGMYYWFY,第20章 疾病和死亡的外因 (V01-Y98)
Y55.601,氨茶碱药物反应,169,ACJYWFY,第20章 疾病和死亡的外因 (V01-Y98)
Y56.001,碘药物外用反应,15,DYWWYFY,第20章 疾病和死亡的外因 (V01-Y98)
Y56.002,碘药物反应,15,DYWFY,第20章 疾病和死亡的外因 (V01-Y98)
Y56.003,克霉唑药物反应,15,KMZYWFY,第20章 疾病和死亡的外因 (V01-Y98)
Y56.401,牛皮癣素软膏药物反应,15,NPXSRGYWFY,第20章 疾病和死亡的外因 (V01-Y98)
Y56.801,樟脑酊药物反应,15,ZNDYWFY,第20章 疾病和死亡的外因 (V01-Y98)
Y56.802,化妆品类过敏,15,HZPLGM,第20章 疾病和死亡的外因 (V01-Y98)
Y57.201,青霉胺药物反应,15,QMAYWFY,第20章 疾病和死亡的外因 (V01-Y98)
Y57.501,造影剂药物反应,15,ZYJYWFY,第20章 疾病和死亡的外因 (V01-Y98)
Y57.502,CT造影剂药物反应,15,ZYJYWFY,第20章 疾病和死亡的外因 (V01-Y98)
Y57.503,胆影葡安药物反应,15,DYPAYWFY,第20章 疾病和死亡的外因 (V01-Y98)
Y57.504,碘油造影剂药物反应,15,DYZYJYWFY,第20章 疾病和死亡的外因 (V01-Y98)
Y57.701,其他特指的维生素类药物反应,15,QTTZDWSSLYWFY,第20章 疾病和死亡的外因 (V01-Y98)
Y57.702,维生素类药物反应,15,WSSLYWFY,第20章 疾病和死亡的外因 (V01-Y98)
Y57.801,多种药物反应,15,DZYWFY,第20章 疾病和死亡的外因 (V01-Y98)
Y57.802,金莲花药物反应,15,JLHYWFY,第20章 疾病和死亡的外因 (V01-Y98)
Y57.803,益母草药物反应,15,YMCYWFY,第20章 疾病和死亡的外因 (V01-Y98)
Y57.804,营养药类反映,15,YYYLFY,第20章 疾病和死亡的外因 (V01-Y98)
Y57.905,药物反应,15,YWFY,第20章 疾病和死亡的外因 (V01-Y98)
Y58.001,卡介苗反应,15,KJMFY,第20章 疾病和死亡的外因 (V01-Y98)
Y58.401,破伤风类药物反应,15,PSFLYWFY,第20章 疾病和死亡的外因 (V01-Y98)
Y59.301,抗破伤风类药物反应,1,KPSFLYWFY,第20章 疾病和死亡的外因 (V01-Y98)
Y60.501,心脏插管意外损伤,16,XZCGYWSS,第20章 疾病和死亡的外因 (V01-Y98)
Y60.601,医疗插管中意外损伤,16,YLCGZYWSS,第20章 疾病和死亡的外因 (V01-Y98)
Y61.001,手术中遗留体内异物,16,SSZYLTNYW,第20章 疾病和死亡的外因 (V01-Y98)
Y63.201,放射治疗过量,16,FSZLGL,第20章 疾病和死亡的外因 (V01-Y98)
Y64.001,输液器械的污染,16,SYQXDWR,第20章 疾病和死亡的外因 (V01-Y98)
Y65.001,输血中血型配错,16,SXZXXPC,第20章 疾病和死亡的外因 (V01-Y98)
Y69  01,医疗中意外事故,16,YLZYWSG,第20章 疾病和死亡的外因 (V01-Y98)
Y69  02,医疗中意外损伤,16,YLZYWSS,第20章 疾病和死亡的外因 (V01-Y98)
Y76.201,避孕环残留,16,BYHCL,第20章 疾病和死亡的外因 (V01-Y98)
Y76.202,子宫内避孕装置,16,ZGNBYZZ,第20章 疾病和死亡的外因 (V01-Y98)
Y76.203,与有害事件有关的妇产科装置,17,YYHSJYGDFCKZZ,第20章 疾病和死亡的外因 (V01-Y98)
Y83.801,其他特指术后并发症,18,QTTZSHBFZ,第20章 疾病和死亡的外因 (V01-Y98)
Y83.901,产科病人术后并发症,18,CKBRSHBFZ,第20章 疾病和死亡的外因 (V01-Y98)
Y83.902,术后晚期并发症,18,SHWQBFZ,第20章 疾病和死亡的外因 (V01-Y98)
Y83.903,胃肠道术后并发症,18,WCDSHBFZ,第20章 疾病和死亡的外因 (V01-Y98)
Y84.901,医疗并发症,1,YLBFZ,第20章 疾病和死亡的外因 (V01-Y98)
Y86  01,意外损伤的晚期效应,1,YWSSDWQXY,第20章 疾病和死亡的外因 (V01-Y98)
Y86  02,意外损伤晚期效应,018,YWSSWQXY,第20章 疾病和死亡的外因 (V01-Y98)
Z00.001,健康查体,172,JKCT,第21章 影响健康状态的因素 (Z00-Z99)
Z00.501,对供献器官者的检查,172,DGXQGZDJC,第21章 影响健康状态的因素 (Z00-Z99)
Z00.601,临床研究中正常比较或对照的检查,172,LCYJZZCBJHDZDJC,第21章 影响健康状态的因素 (Z00-Z99)
Z01.001,眼和视觉的检查,172,YHSJDJC,第21章 影响健康状态的因素 (Z00-Z99)
Z01.401,妇科检查,172,FKJC,第21章 影响健康状态的因素 (Z00-Z99)
Z01.801,喉镜检查,172,HJJC,第21章 影响健康状态的因素 (Z00-Z99)
Z01.802,腹腔镜检查,172,FQJJC,第21章 影响健康状态的因素 (Z00-Z99)
Z01.901,未见异常,172,WJYC,第21章 影响健康状态的因素 (Z00-Z99)
Z09.001,手术后随诊检查,172,SSHSZJC,第21章 影响健康状态的因素 (Z00-Z99)
Z09.401,骨折治疗后,172,GZZLH,第21章 影响健康状态的因素 (Z00-Z99)
Z22.001,伤寒带菌者,172,SHDJZ,第21章 影响健康状态的因素 (Z00-Z99)
Z22.002,鼠伤寒带菌者,172,SSHDJZ,第21章 影响健康状态的因素 (Z00-Z99)
Z22.101,阿米巴病带菌者,172,AMBBDJZ,第21章 影响健康状态的因素 (Z00-Z99)
Z22.102,霍乱带菌者,172,HLDJZ,第21章 影响健康状态的因素 (Z00-Z99)
Z22.201,白喉带菌者,172,BHDJZ,第21章 影响健康状态的因素 (Z00-Z99)
Z22.501,病毒性肝炎带菌者,172,BDXGYDJZ,第21章 影响健康状态的因素 (Z00-Z99)
Z30.101,放置子宫内避孕器,172,FZZGNBYQ,第21章 影响健康状态的因素 (Z00-Z99)
Z30.201,绝育,172,JY,第21章 影响健康状态的因素 (Z00-Z99)
Z30.202,腹腔镜绝育,172,FQJJY,第21章 影响健康状态的因素 (Z00-Z99)
Z30.501,取除子宫内避孕器,172,QCZGNBYQ,第21章 影响健康状态的因素 (Z00-Z99)
Z30.801,放置输卵管内避孕器,172,FZSLGNBYQ,第21章 影响健康状态的因素 (Z00-Z99)
Z30.802,放置输卵管内避孕器失败,172,FZSLGNBYQSB,第21章 影响健康状态的因素 (Z00-Z99)
Z31.001,输卵管绝育术后成形术,172,SLGJYSHCXS,第21章 影响健康状态的因素 (Z00-Z99)
Z31.002,输精管绝育术后成形术,172,SJGJYSHCXS,第21章 影响健康状态的因素 (Z00-Z99)
Z31.101,人工授精,172,RGSJ,第21章 影响健康状态的因素 (Z00-Z99)
Z31.201,试管婴儿移植术后（IVF-ET）,172,SGYEYZSH,第21章 影响健康状态的因素 (Z00-Z99)
Z31.202,取卵术后,172,QLSH,第21章 影响健康状态的因素 (Z00-Z99)
Z34.001,正常首次妊娠监督,172,ZCSCRSJD,第21章 影响健康状态的因素 (Z00-Z99)
Z34.901,妊娠状态,172,RSZT,第21章 影响健康状态的因素 (Z00-Z99)
Z35.001,具有不育史的妊娠,172,JYBYSDRS,第21章 影响健康状态的因素 (Z00-Z99)
Z35.101,具有流产史的妊娠,172,JYLCSDRS,第21章 影响健康状态的因素 (Z00-Z99)
Z35.102,具有葡萄胎史的妊娠,172,JYPTTSDRS,第21章 影响健康状态的因素 (Z00-Z99)
Z35.103,具有绒毛膜上皮性疾病史的妊娠,172,JYRMMSPXJBSDRS,第21章 影响健康状态的因素 (Z00-Z99)
Z35.201,具有胎儿畸形史的妊娠,172,JYTEJXSDRS,第21章 影响健康状态的因素 (Z00-Z99)
Z35.202,具有其它不良产科史的妊娠,172,JYQTBLCKSDRS,第21章 影响健康状态的因素 (Z00-Z99)
Z35.203,具有先天愚型儿史的妊娠监督,172,JYXTYXESDRSJD,第21章 影响健康状态的因素 (Z00-Z99)
Z35.204,具有胎儿其他疾病史的妊娠,172,JYTEQTJBSDRS,第21章 影响健康状态的因素 (Z00-Z99)
Z35.205,具有新生儿溶血史的妊娠,172,JYXSERXSDRS,第21章 影响健康状态的因素 (Z00-Z99)
Z35.206,具有胎死宫内史的妊娠,172,JYTSGNSDRS,第21章 影响健康状态的因素 (Z00-Z99)
Z35.207,具有异位妊娠史的妊娠,172,JYYWRSSDRS,第21章 影响健康状态的因素 (Z00-Z99)
Z35.208,具有死产史或新生儿死亡史的妊娠,172,JYSCSHXSESWSDRS,第21章 影响健康状态的因素 (Z00-Z99)
Z35.501,高龄初产妇,172,GLCCF,第21章 影响健康状态的因素 (Z00-Z99)
Z35.901,高危妊娠,172,GWRS,第21章 影响健康状态的因素 (Z00-Z99)
Z36.001,抽取绒毛查胎儿畸形,172,CQRMCTEJX,第21章 影响健康状态的因素 (Z00-Z99)
Z36.002,抽取羊水查染色体,172,CQYSCRST,第21章 影响健康状态的因素 (Z00-Z99)
Z36.301,胎儿镜检查,172,TEJJC,第21章 影响健康状态的因素 (Z00-Z99)
Z37.001,单胎活产,172,DTHC,第21章 影响健康状态的因素 (Z00-Z99)
Z37.002,"人工受精,单胎活产",172,RGSJDTHC,第21章 影响健康状态的因素 (Z00-Z99)
Z37.101,单胎死产,172,DTSC,第21章 影响健康状态的因素 (Z00-Z99)
Z37.201,单卵双胎活婴,172,DLSTHY,第21章 影响健康状态的因素 (Z00-Z99)
Z37.202,双卵双胎活婴,172,SLSTHY,第21章 影响健康状态的因素 (Z00-Z99)
Z37.203,双胎活产,172,STHC,第21章 影响健康状态的因素 (Z00-Z99)
Z37.204,双胎活婴,172,STHY,第21章 影响健康状态的因素 (Z00-Z99)
Z37.301,双胎.一胎活产.一胎死产,172,STYTHCYTSC,第21章 影响健康状态的因素 (Z00-Z99)
Z37.401,双胎死产,172,STSC,第21章 影响健康状态的因素 (Z00-Z99)
Z37.601,多胎活产,172,DTHC,第21章 影响健康状态的因素 (Z00-Z99)
Z37.602,三胎活婴,172,STHY,第21章 影响健康状态的因素 (Z00-Z99)
Z37.603,"三胎妊娠,二胎死产",172,STRSETSC,第21章 影响健康状态的因素 (Z00-Z99)
Z38.001,单胎活婴,172,DTHY,第21章 影响健康状态的因素 (Z00-Z99)
Z38.601,多胎活婴,172,DTHY,第21章 影响健康状态的因素 (Z00-Z99)
Z41.101,面部皱纹整容,172,MBZWZR,第21章 影响健康状态的因素 (Z00-Z99)
Z41.102,乳房成形术,172,RFCXS,第21章 影响健康状态的因素 (Z00-Z99)
Z41.103,重睑形成术,172,CJXCS,第21章 影响健康状态的因素 (Z00-Z99)
Z41.104,涉及面部的整形外科手术,172,SJMBDZXWKSS,第21章 影响健康状态的因素 (Z00-Z99)
Z42.001,唇裂术后整形,172,CLSHZX,第21章 影响健康状态的因素 (Z00-Z99)
Z42.002,颌面术后整形,172,HMSHZX,第21章 影响健康状态的因素 (Z00-Z99)
Z42.003,美容术后整形,172,MRSHZX,第21章 影响健康状态的因素 (Z00-Z99)
Z42.101,乳房整形术后,172,RFZXSH,第21章 影响健康状态的因素 (Z00-Z99)
Z42.801,截肢残端修整,172,JZCDXZ,第21章 影响健康状态的因素 (Z00-Z99)
Z43.001,对气管造口的维护,172,DQGZKDWH,第21章 影响健康状态的因素 (Z00-Z99)
Z43.201,关闭回肠造口,172,GBHCZK,第21章 影响健康状态的因素 (Z00-Z99)
Z43.301,关闭结肠造口,172,GBJCZK,第21章 影响健康状态的因素 (Z00-Z99)
Z43.401,关闭消化道人工造口,172,GBXHDRGZK,第21章 影响健康状态的因素 (Z00-Z99)
Z45.001,安装心脏起搏器,172,AZXZQBQ,第21章 影响健康状态的因素 (Z00-Z99)
Z45.002,更换心脏起搏器,172,GHXZQBQ,第21章 影响健康状态的因素 (Z00-Z99)
Z45.301,安装人工耳蜗,172,AZRGEW,第21章 影响健康状态的因素 (Z00-Z99)
Z45.801,安装发音钮,172,AZFYN,第21章 影响健康状态的因素 (Z00-Z99)
Z46.601,取除输尿管支架管,172,QCSNGZJG,第21章 影响健康状态的因素 (Z00-Z99)
Z47.001,取除骨折内固定装置,172,QCGZNGDZZ,第21章 影响健康状态的因素 (Z00-Z99)
Z47.002,取除内固定装置,172,QCNGDZZ,第21章 影响健康状态的因素 (Z00-Z99)
Z48.001,手术后拆除缝线,172,SSHCCFX,第21章 影响健康状态的因素 (Z00-Z99)
Z48.901,手术后对症治疗,172,SSHDZZL,第21章 影响健康状态的因素 (Z00-Z99)
Z49.101,肾透析,172,STX,第21章 影响健康状态的因素 (Z00-Z99)
Z49.201,腹膜透析,172,FMTX,第21章 影响健康状态的因素 (Z00-Z99)
Z51.001,恶性肿瘤术后放疗,172,EXZLSHFL,第21章 影响健康状态的因素 (Z00-Z99)
Z51.002,乳癌术后放化疗,172,RASHFHL,第21章 影响健康状态的因素 (Z00-Z99)
Z51.003,乳癌术后放疗,172,RASHFL,第21章 影响健康状态的因素 (Z00-Z99)
Z51.004,肺癌术后放疗,172,FASHFL,第21章 影响健康状态的因素 (Z00-Z99)
Z51.006,肺癌放疗,172,FAFL,第21章 影响健康状态的因素 (Z00-Z99)
Z51.007,胃癌术后放疗,172,WASHFL,第21章 影响健康状态的因素 (Z00-Z99)
Z51.008,子宫恶性淋巴瘤术后放疗,172,ZGEXLBLSHFL,第21章 影响健康状态的因素 (Z00-Z99)
Z51.009,子宫颈癌术后放疗,172,ZGJASHFL,第21章 影响健康状态的因素 (Z00-Z99)
Z51.010,卵巢癌术后放疗,172,LCASHFL,第21章 影响健康状态的因素 (Z00-Z99)
Z51.011,子宫颈癌放疗,172,ZGJAFL,第21章 影响健康状态的因素 (Z00-Z99)
Z51.012,睾丸精原细胞癌术后放疗,172,GWJYXBASHFL,第21章 影响健康状态的因素 (Z00-Z99)
Z51.013,睾丸癌术后放疗,172,GWASHFL,第21章 影响健康状态的因素 (Z00-Z99)
Z51.014,肾癌术后放疗,172,SASHFL,第21章 影响健康状态的因素 (Z00-Z99)
Z51.015,股骨骨肉瘤术后放疗,172,GGGRLSHFL,第21章 影响健康状态的因素 (Z00-Z99)
Z51.016,胫骨骨肉瘤术后放疗,172,JGGRLSHFL,第21章 影响健康状态的因素 (Z00-Z99)
Z51.018,食管癌术后放疗,172,SGASHFL,第21章 影响健康状态的因素 (Z00-Z99)
Z51.019,恶性胸腺瘤术后放疗,172,EXXXLSHFL,第21章 影响健康状态的因素 (Z00-Z99)
Z51.020,直肠癌术后放疗,172,ZCASHFL,第21章 影响健康状态的因素 (Z00-Z99)
Z51.101,直肠癌术后化疗,172,ZCASHHL,第21章 影响健康状态的因素 (Z00-Z99)
Z51.102,乳癌术后化疗,172,RASHHL,第21章 影响健康状态的因素 (Z00-Z99)
Z51.103,肺癌术后化疗,172,FASHHL,第21章 影响健康状态的因素 (Z00-Z99)
Z51.104,肺癌化疗,172,FAHL,第21章 影响健康状态的因素 (Z00-Z99)
Z51.105,卵巢癌术后化疗,172,LCASHHL,第21章 影响健康状态的因素 (Z00-Z99)
Z51.106,胃癌术后化疗,172,WASHHL,第21章 影响健康状态的因素 (Z00-Z99)
Z51.107,结肠癌术后化疗,172,JCASHHL,第21章 影响健康状态的因素 (Z00-Z99)
Z51.109,肝癌术后化疗,172,GASHHL,第21章 影响健康状态的因素 (Z00-Z99)
Z51.110,卵巢内胚窦瘤术后化疗,172,LCNPDLSHHL,第21章 影响健康状态的因素 (Z00-Z99)
Z51.111,输卵管癌术后化疗,172,SLGASHHL,第21章 影响健康状态的因素 (Z00-Z99)
Z51.112,恶性葡萄胎化疗,172,EXPTTHL,第21章 影响健康状态的因素 (Z00-Z99)
Z51.113,子宫颈癌化疗,172,ZGJAHL,第21章 影响健康状态的因素 (Z00-Z99)
Z51.114,睾丸癌术后化疗,172,GWASHHL,第21章 影响健康状态的因素 (Z00-Z99)
Z51.115,胫骨骨肉瘤术后化疗,172,JGGRLSHHL,第21章 影响健康状态的因素 (Z00-Z99)
Z51.116,股骨骨肉瘤术后化疗,172,GGGRLSHHL,第21章 影响健康状态的因素 (Z00-Z99)
Z51.118,食管癌化疗,172,SGAHL,第21章 影响健康状态的因素 (Z00-Z99)
Z51.119,宫外孕化疗,172,GWYHL,第21章 影响健康状态的因素 (Z00-Z99)
Z51.120,肺癌放化疗,172,FAFHL,第21章 影响健康状态的因素 (Z00-Z99)
Z51.121,恶性胸腺瘤术后化疗,172,EXXXLSHHL,第21章 影响健康状态的因素 (Z00-Z99)
Z51.122,恶性肿瘤维持性化疗,172,EXZLWCXHL,第21章 影响健康状态的因素 (Z00-Z99)
Z51.123,恶性肿瘤手术后化疗,172,EXZLSSHHL,第21章 影响健康状态的因素 (Z00-Z99)
Z51.201,肿瘤术后同位素治疗,172,ZLSHTWSZL,第21章 影响健康状态的因素 (Z00-Z99)
Z51.801,肿瘤的细胞治疗,172,ZLDXBZL,第21章 影响健康状态的因素 (Z00-Z99)
Z52.001,外周血干细胞移植供者,172,WZXGXBYZGZ,第21章 影响健康状态的因素 (Z00-Z99)
Z52.002,淋巴细胞移植供者,172,LBXBYZGZ,第21章 影响健康状态的因素 (Z00-Z99)
Z52.201,自愿供骨者,172,ZYGGZ,第21章 影响健康状态的因素 (Z00-Z99)
Z52.301,自愿供骨髓者,172,ZYGGSZ,第21章 影响健康状态的因素 (Z00-Z99)
Z52.401,自愿供肾者,172,ZYGSZ,第21章 影响健康状态的因素 (Z00-Z99)
Z52.501,角膜干细胞供者,172,JMGXBGZ,第21章 影响健康状态的因素 (Z00-Z99)
Z53.001,由于禁忌症未进行外科操作,172,YYJJZWJXWKCZ,第21章 影响健康状态的因素 (Z00-Z99)
Z53.201,由于病人的决定未进行外科操作,172,YYBRDJDWJXWKCZ,第21章 影响健康状态的因素 (Z00-Z99)
Z53.801,由于其他原因而未进行操作,172,YYQTYYEWJXCZ,第21章 影响健康状态的因素 (Z00-Z99)
Z54.001,手术后恢复期,172,SSHHFQ,第21章 影响健康状态的因素 (Z00-Z99)
Z54.801,缺氧性脑病治疗后恢复期,172,QYXNBZLHHFQ,第21章 影响健康状态的因素 (Z00-Z99)
Z72.801,吸毒史,172,XDS,第21章 影响健康状态的因素 (Z00-Z99)
Z85.001,胃恶性肿瘤史,172,WEXZLS,第21章 影响健康状态的因素 (Z00-Z99)
Z85.002,直肠恶性肿瘤史,172,ZCEXZLS,第21章 影响健康状态的因素 (Z00-Z99)
Z85.101,肺恶性肿瘤史,172,FEXZLS,第21章 影响健康状态的因素 (Z00-Z99)
Z85.201,呼吸系统恶性肿瘤史,172,HXXTEXZLS,第21章 影响健康状态的因素 (Z00-Z99)
Z85.301,乳腺恶性肿瘤史,172,RXEXZLS,第21章 影响健康状态的因素 (Z00-Z99)
Z85.401,绒癌史,172,RAS,第21章 影响健康状态的因素 (Z00-Z99)
Z85.402,生殖器官恶性肿瘤史,172,SZQGEXZLS,第21章 影响健康状态的因素 (Z00-Z99)
Z85.601,白血病史,172,BXBS,第21章 影响健康状态的因素 (Z00-Z99)
Z86.101,伤寒史,172,SHS,第21章 影响健康状态的因素 (Z00-Z99)
Z86.501,精神病史,172,JSBS,第21章 影响健康状态的因素 (Z00-Z99)
Z88.001,青霉素过敏史,172,QMSGMS,第21章 影响健康状态的因素 (Z00-Z99)
Z89.001,后天单侧指缺失,172,HTDCZQS,第21章 影响健康状态的因素 (Z00-Z99)
Z89.601,手术后股骨缺失,172,SSHGGQS,第21章 影响健康状态的因素 (Z00-Z99)
Z90.001,手术后颅骨缺失,172,SSHLGQS,第21章 影响健康状态的因素 (Z00-Z99)
Z90.002,手术后颌骨缺损,172,SSHHGQS,第21章 影响健康状态的因素 (Z00-Z99)
Z90.003,颌骨缺失,172,HGQS,第21章 影响健康状态的因素 (Z00-Z99)
Z90.004,后天性无眼球,172,HTXWYQ,第21章 影响健康状态的因素 (Z00-Z99)
Z90.005,上腭缺损,172,SEQS,第21章 影响健康状态的因素 (Z00-Z99)
Z90.006,下颌骨后天缺失,172,XHGHTQS,第21章 影响健康状态的因素 (Z00-Z99)
Z90.007,手术后胫骨缺损,172,SSHJGQS,第21章 影响健康状态的因素 (Z00-Z99)
Z90.008,手术后桡骨缺损,172,SSHRGQS,第21章 影响健康状态的因素 (Z00-Z99)
Z90.009,手术后骨缺失,172,SSHGQS,第21章 影响健康状态的因素 (Z00-Z99)
Z90.501,手术后肾缺失,172,SSHSQS,第21章 影响健康状态的因素 (Z00-Z99)
Z91.601,损伤史,172,SSS,第21章 影响健康状态的因素 (Z00-Z99)
Z91.801,铅中毒史,172,QZDS,第21章 影响健康状态的因素 (Z00-Z99)
Z92.401,胃切除史,172,WQCS,第21章 影响健康状态的因素 (Z00-Z99)
Z93.401,肠造口术状态,172,CZKSZT,第21章 影响健康状态的因素 (Z00-Z99)
Z93.501,膀胱造口术,172,PGZKS,第21章 影响健康状态的因素 (Z00-Z99)
Z93.601,肾造口术,172,SZKS,第21章 影响健康状态的因素 (Z00-Z99)
Z94.001,自体肾移植状态,172,ZTSYZZT,第21章 影响健康状态的因素 (Z00-Z99)
Z94.002,异体肾移植状态,172,YTSYZZT,第21章 影响健康状态的因素 (Z00-Z99)
Z94.401,肝移植术后状态,172,GYZSHZT,第21章 影响健康状态的因素 (Z00-Z99)
Z94.601,干细胞移植术后,172,GXBYZSH,第21章 影响健康状态的因素 (Z00-Z99)
Z94.701,角膜移植术后,172,JMYZSH,第21章 影响健康状态的因素 (Z00-Z99)
Z94.801,骨髓移植术后,172,GSYZSH,第21章 影响健康状态的因素 (Z00-Z99)
Z94.802,胰腺移植术后状态,172,YXYZSHZT,第21章 影响健康状态的因素 (Z00-Z99)
Z94.901,移植物抗宿主症,172,YZWKSZZ,第21章 影响健康状态的因素 (Z00-Z99)
Z95.001,安装心脏起搏器状态,172,AZXZQBQZT,第21章 影响健康状态的因素 (Z00-Z99)
Z95.101,心脏移植状态,172,XZYZZT,第21章 影响健康状态的因素 (Z00-Z99)
Z95.201,人工心脏瓣膜移植状态,172,RGXZBMYZZT,第21章 影响健康状态的因素 (Z00-Z99)
Z96.601,髋关节置换术,172,KGJZHS,第21章 影响健康状态的因素 (Z00-Z99)
Z97.101,具有人工肢体(完全)(部份),172,JYRGZTWQBF,第21章 影响健康状态的因素 (Z00-Z99)
Z98.801,胆囊切除术后,172,DNQCSH,第21章 影响健康状态的因素 (Z00-Z99)
Z98.802,呼吸系统术后,172,HXXTSH,第21章 影响健康状态的因素 (Z00-Z99)
Z98.803,牙外科正畸术后,172,YWKZJSH,第21章 影响健康状态的因素 (Z00-Z99)
Z98.804,尿道形成术后,172,NDXCSH,第21章 影响健康状态的因素 (Z00-Z99)
Z99.101,依赖于呼吸器者,172,YLYHXQZ,第21章 影响健康状态的因素 (Z00-Z99)
Z99.201,肾脏透析(CAPD)状态,172,SZTXZT,第21章 影响健康状态的因素 (Z00-Z99)
